timepoint_id,timestamp,timeseries
2030.01.28.00.00,2030-01-28_00:00,2030.01.28
2030.01.28.01.00,2030-01-28_01:00,2030.01.28
2030.01.28.02.00,2030-01-28_02:00,2030.01.28
2030.01.28.03.00,2030-01-28_03:00,2030.01.28
2030.01.28.04.00,2030-01-28_04:00,2030.01.28
2030.01.28.05.00,2030-01-28_05:00,2030.01.28
2030.01.28.06.00,2030-01-28_06:00,2030.01.28
2030.01.28.07.00,2030-01-28_07:00,2030.01.28
2030.01.28.08.00,2030-01-28_08:00,2030.01.28
2030.01.28.09.00,2030-01-28_09:00,2030.01.28
2030.01.28.10.00,2030-01-28_10:00,2030.01.28
2030.01.28.11.00,2030-01-28_11:00,2030.01.28
2030.01.28.12.00,2030-01-28_12:00,2030.01.28
2030.01.28.13.00,2030-01-28_13:00,2030.01.28
2030.01.28.14.00,2030-01-28_14:00,2030.01.28
2030.01.28.15.00,2030-01-28_15:00,2030.01.28
2030.01.28.16.00,2030-01-28_16:00,2030.01.28
2030.01.28.17.00,2030-01-28_17:00,2030.01.28
2030.01.28.18.00,2030-01-28_18:00,2030.01.28
2030.01.28.19.00,2030-01-28_19:00,2030.01.28
2030.01.28.20.00,2030-01-28_20:00,2030.01.28
2030.01.28.21.00,2030-01-28_21:00,2030.01.28
2030.01.28.22.00,2030-01-28_22:00,2030.01.28
2030.01.28.23.00,2030-01-28_23:00,2030.01.28
2030.04.15.00.00,2030-04-15_00:00,2030.04.15
2030.04.15.01.00,2030-04-15_01:00,2030.04.15
2030.04.15.02.00,2030-04-15_02:00,2030.04.15
2030.04.15.03.00,2030-04-15_03:00,2030.04.15
2030.04.15.04.00,2030-04-15_04:00,2030.04.15
2030.04.15.05.00,2030-04-15_05:00,2030.04.15
2030.04.15.06.00,2030-04-15_06:00,2030.04.15
2030.04.15.07.00,2030-04-15_07:00,2030.04.15
2030.04.15.08.00,2030-04-15_08:00,2030.04.15
2030.04.15.09.00,2030-04-15_09:00,2030.04.15
2030.04.15.10.00,2030-04-15_10:00,2030.04.15
2030.04.15.11.00,2030-04-15_11:00,2030.04.15
2030.04.15.12.00,2030-04-15_12:00,2030.04.15
2030.04.15.13.00,2030-04-15_13:00,2030.04.15
2030.04.15.14.00,2030-04-15_14:00,2030.04.15
2030.04.15.15.00,2030-04-15_15:00,2030.04.15
2030.04.15.16.00,2030-04-15_16:00,2030.04.15
2030.04.15.17.00,2030-04-15_17:00,2030.04.15
2030.04.15.18.00,2030-04-15_18:00,2030.04.15
2030.04.15.19.00,2030-04-15_19:00,2030.04.15
2030.04.15.20.00,2030-04-15_20:00,2030.04.15
2030.04.15.21.00,2030-04-15_21:00,2030.04.15
2030.04.15.22.00,2030-04-15_22:00,2030.04.15
2030.04.15.23.00,2030-04-15_23:00,2030.04.15
2030.07.01.00.00,2030-07-01_00:00,2030.07.01
2030.07.01.01.00,2030-07-01_01:00,2030.07.01
2030.07.01.02.00,2030-07-01_02:00,2030.07.01
2030.07.01.03.00,2030-07-01_03:00,2030.07.01
2030.07.01.04.00,2030-07-01_04:00,2030.07.01
2030.07.01.05.00,2030-07-01_05:00,2030.07.01
2030.07.01.06.00,2030-07-01_06:00,2030.07.01
2030.07.01.07.00,2030-07-01_07:00,2030.07.01
2030.07.01.08.00,2030-07-01_08:00,2030.07.01
2030.07.01.09.00,2030-07-01_09:00,2030.07.01
2030.07.01.10.00,2030-07-01_10:00,2030.07.01
2030.07.01.11.00,2030-07-01_11:00,2030.07.01
2030.07.01.12.00,2030-07-01_12:00,2030.07.01
2030.07.01.13.00,2030-07-01_13:00,2030.07.01
2030.07.01.14.00,2030-07-01_14:00,2030.07.01
2030.07.01.15.00,2030-07-01_15:00,2030.07.01
2030.07.01.16.00,2030-07-01_16:00,2030.07.01
2030.07.01.17.00,2030-07-01_17:00,2030.07.01
2030.07.01.18.00,2030-07-01_18:00,2030.07.01
2030.07.01.19.00,2030-07-01_19:00,2030.07.01
2030.07.01.20.00,2030-07-01_20:00,2030.07.01
2030.07.01.21.00,2030-07-01_21:00,2030.07.01
2030.07.01.22.00,2030-07-01_22:00,2030.07.01
2030.07.01.23.00,2030-07-01_23:00,2030.07.01
2030.10.31.00.00,2030-10-31_00:00,2030.10.31
2030.10.31.01.00,2030-10-31_01:00,2030.10.31
2030.10.31.02.00,2030-10-31_02:00,2030.10.31
2030.10.31.03.00,2030-10-31_03:00,2030.10.31
2030.10.31.04.00,2030-10-31_04:00,2030.10.31
2030.10.31.05.00,2030-10-31_05:00,2030.10.31
2030.10.31.06.00,2030-10-31_06:00,2030.10.31
2030.10.31.07.00,2030-10-31_07:00,2030.10.31
2030.10.31.08.00,2030-10-31_08:00,2030.10.31
2030.10.31.09.00,2030-10-31_09:00,2030.10.31
2030.10.31.10.00,2030-10-31_10:00,2030.10.31
2030.10.31.11.00,2030-10-31_11:00,2030.10.31
2030.10.31.12.00,2030-10-31_12:00,2030.10.31
2030.10.31.13.00,2030-10-31_13:00,2030.10.31
2030.10.31.14.00,2030-10-31_14:00,2030.10.31
2030.10.31.15.00,2030-10-31_15:00,2030.10.31
2030.10.31.16.00,2030-10-31_16:00,2030.10.31
2030.10.31.17.00,2030-10-31_17:00,2030.10.31
2030.10.31.18.00,2030-10-31_18:00,2030.10.31
2030.10.31.19.00,2030-10-31_19:00,2030.10.31
2030.10.31.20.00,2030-10-31_20:00,2030.10.31
2030.10.31.21.00,2030-10-31_21:00,2030.10.31
2030.10.31.22.00,2030-10-31_22:00,2030.10.31
2030.10.31.23.00,2030-10-31_23:00,2030.10.31
2040.01.02.00.00,2040-01-02_00:00,2040.01.02
2040.01.02.01.00,2040-01-02_01:00,2040.01.02
2040.01.02.02.00,2040-01-02_02:00,2040.01.02
2040.01.02.03.00,2040-01-02_03:00,2040.01.02
2040.01.02.04.00,2040-01-02_04:00,2040.01.02
2040.01.02.05.00,2040-01-02_05:00,2040.01.02
2040.01.02.06.00,2040-01-02_06:00,2040.01.02
2040.01.02.07.00,2040-01-02_07:00,2040.01.02
2040.01.02.08.00,2040-01-02_08:00,2040.01.02
2040.01.02.09.00,2040-01-02_09:00,2040.01.02
2040.01.02.10.00,2040-01-02_10:00,2040.01.02
2040.01.02.11.00,2040-01-02_11:00,2040.01.02
2040.01.02.12.00,2040-01-02_12:00,2040.01.02
2040.01.02.13.00,2040-01-02_13:00,2040.01.02
2040.01.02.14.00,2040-01-02_14:00,2040.01.02
2040.01.02.15.00,2040-01-02_15:00,2040.01.02
2040.01.02.16.00,2040-01-02_16:00,2040.01.02
2040.01.02.17.00,2040-01-02_17:00,2040.01.02
2040.01.02.18.00,2040-01-02_18:00,2040.01.02
2040.01.02.19.00,2040-01-02_19:00,2040.01.02
2040.01.02.20.00,2040-01-02_20:00,2040.01.02
2040.01.02.21.00,2040-01-02_21:00,2040.01.02
2040.01.02.22.00,2040-01-02_22:00,2040.01.02
2040.01.02.23.00,2040-01-02_23:00,2040.01.02
2040.04.19.00.00,2040-04-19_00:00,2040.04.19
2040.04.19.01.00,2040-04-19_01:00,2040.04.19
2040.04.19.02.00,2040-04-19_02:00,2040.04.19
2040.04.19.03.00,2040-04-19_03:00,2040.04.19
2040.04.19.04.00,2040-04-19_04:00,2040.04.19
2040.04.19.05.00,2040-04-19_05:00,2040.04.19
2040.04.19.06.00,2040-04-19_06:00,2040.04.19
2040.04.19.07.00,2040-04-19_07:00,2040.04.19
2040.04.19.08.00,2040-04-19_08:00,2040.04.19
2040.04.19.09.00,2040-04-19_09:00,2040.04.19
2040.04.19.10.00,2040-04-19_10:00,2040.04.19
2040.04.19.11.00,2040-04-19_11:00,2040.04.19
2040.04.19.12.00,2040-04-19_12:00,2040.04.19
2040.04.19.13.00,2040-04-19_13:00,2040.04.19
2040.04.19.14.00,2040-04-19_14:00,2040.04.19
2040.04.19.15.00,2040-04-19_15:00,2040.04.19
2040.04.19.16.00,2040-04-19_16:00,2040.04.19
2040.04.19.17.00,2040-04-19_17:00,2040.04.19
2040.04.19.18.00,2040-04-19_18:00,2040.04.19
2040.04.19.19.00,2040-04-19_19:00,2040.04.19
2040.04.19.20.00,2040-04-19_20:00,2040.04.19
2040.04.19.21.00,2040-04-19_21:00,2040.04.19
2040.04.19.22.00,2040-04-19_22:00,2040.04.19
2040.04.19.23.00,2040-04-19_23:00,2040.04.19
2040.07.24.00.00,2040-07-24_00:00,2040.07.24
2040.07.24.01.00,2040-07-24_01:00,2040.07.24
2040.07.24.02.00,2040-07-24_02:00,2040.07.24
2040.07.24.03.00,2040-07-24_03:00,2040.07.24
2040.07.24.04.00,2040-07-24_04:00,2040.07.24
2040.07.24.05.00,2040-07-24_05:00,2040.07.24
2040.07.24.06.00,2040-07-24_06:00,2040.07.24
2040.07.24.07.00,2040-07-24_07:00,2040.07.24
2040.07.24.08.00,2040-07-24_08:00,2040.07.24
2040.07.24.09.00,2040-07-24_09:00,2040.07.24
2040.07.24.10.00,2040-07-24_10:00,2040.07.24
2040.07.24.11.00,2040-07-24_11:00,2040.07.24
2040.07.24.12.00,2040-07-24_12:00,2040.07.24
2040.07.24.13.00,2040-07-24_13:00,2040.07.24
2040.07.24.14.00,2040-07-24_14:00,2040.07.24
2040.07.24.15.00,2040-07-24_15:00,2040.07.24
2040.07.24.16.00,2040-07-24_16:00,2040.07.24
2040.07.24.17.00,2040-07-24_17:00,2040.07.24
2040.07.24.18.00,2040-07-24_18:00,2040.07.24
2040.07.24.19.00,2040-07-24_19:00,2040.07.24
2040.07.24.20.00,2040-07-24_20:00,2040.07.24
2040.07.24.21.00,2040-07-24_21:00,2040.07.24
2040.07.24.22.00,2040-07-24_22:00,2040.07.24
2040.07.24.23.00,2040-07-24_23:00,2040.07.24
2040.10.13.00.00,2040-10-13_00:00,2040.10.13
2040.10.13.01.00,2040-10-13_01:00,2040.10.13
2040.10.13.02.00,2040-10-13_02:00,2040.10.13
2040.10.13.03.00,2040-10-13_03:00,2040.10.13
2040.10.13.04.00,2040-10-13_04:00,2040.10.13
2040.10.13.05.00,2040-10-13_05:00,2040.10.13
2040.10.13.06.00,2040-10-13_06:00,2040.10.13
2040.10.13.07.00,2040-10-13_07:00,2040.10.13
2040.10.13.08.00,2040-10-13_08:00,2040.10.13
2040.10.13.09.00,2040-10-13_09:00,2040.10.13
2040.10.13.10.00,2040-10-13_10:00,2040.10.13
2040.10.13.11.00,2040-10-13_11:00,2040.10.13
2040.10.13.12.00,2040-10-13_12:00,2040.10.13
2040.10.13.13.00,2040-10-13_13:00,2040.10.13
2040.10.13.14.00,2040-10-13_14:00,2040.10.13
2040.10.13.15.00,2040-10-13_15:00,2040.10.13
2040.10.13.16.00,2040-10-13_16:00,2040.10.13
2040.10.13.17.00,2040-10-13_17:00,2040.10.13
2040.10.13.18.00,2040-10-13_18:00,2040.10.13
2040.10.13.19.00,2040-10-13_19:00,2040.10.13
2040.10.13.20.00,2040-10-13_20:00,2040.10.13
2040.10.13.21.00,2040-10-13_21:00,2040.10.13
2040.10.13.22.00,2040-10-13_22:00,2040.10.13
2040.10.13.23.00,2040-10-13_23:00,2040.10.13
2050.01.04.00.00,2050-01-04_00:00,2050.01.04
2050.01.04.01.00,2050-01-04_01:00,2050.01.04
2050.01.04.02.00,2050-01-04_02:00,2050.01.04
2050.01.04.03.00,2050-01-04_03:00,2050.01.04
2050.01.04.04.00,2050-01-04_04:00,2050.01.04
2050.01.04.05.00,2050-01-04_05:00,2050.01.04
2050.01.04.06.00,2050-01-04_06:00,2050.01.04
2050.01.04.07.00,2050-01-04_07:00,2050.01.04
2050.01.04.08.00,2050-01-04_08:00,2050.01.04
2050.01.04.09.00,2050-01-04_09:00,2050.01.04
2050.01.04.10.00,2050-01-04_10:00,2050.01.04
2050.01.04.11.00,2050-01-04_11:00,2050.01.04
2050.01.04.12.00,2050-01-04_12:00,2050.01.04
2050.01.04.13.00,2050-01-04_13:00,2050.01.04
2050.01.04.14.00,2050-01-04_14:00,2050.01.04
2050.01.04.15.00,2050-01-04_15:00,2050.01.04
2050.01.04.16.00,2050-01-04_16:00,2050.01.04
2050.01.04.17.00,2050-01-04_17:00,2050.01.04
2050.01.04.18.00,2050-01-04_18:00,2050.01.04
2050.01.04.19.00,2050-01-04_19:00,2050.01.04
2050.01.04.20.00,2050-01-04_20:00,2050.01.04
2050.01.04.21.00,2050-01-04_21:00,2050.01.04
2050.01.04.22.00,2050-01-04_22:00,2050.01.04
2050.01.04.23.00,2050-01-04_23:00,2050.01.04
2050.04.29.00.00,2050-04-29_00:00,2050.04.29
2050.04.29.01.00,2050-04-29_01:00,2050.04.29
2050.04.29.02.00,2050-04-29_02:00,2050.04.29
2050.04.29.03.00,2050-04-29_03:00,2050.04.29
2050.04.29.04.00,2050-04-29_04:00,2050.04.29
2050.04.29.05.00,2050-04-29_05:00,2050.04.29
2050.04.29.06.00,2050-04-29_06:00,2050.04.29
2050.04.29.07.00,2050-04-29_07:00,2050.04.29
2050.04.29.08.00,2050-04-29_08:00,2050.04.29
2050.04.29.09.00,2050-04-29_09:00,2050.04.29
2050.04.29.10.00,2050-04-29_10:00,2050.04.29
2050.04.29.11.00,2050-04-29_11:00,2050.04.29
2050.04.29.12.00,2050-04-29_12:00,2050.04.29
2050.04.29.13.00,2050-04-29_13:00,2050.04.29
2050.04.29.14.00,2050-04-29_14:00,2050.04.29
2050.04.29.15.00,2050-04-29_15:00,2050.04.29
2050.04.29.16.00,2050-04-29_16:00,2050.04.29
2050.04.29.17.00,2050-04-29_17:00,2050.04.29
2050.04.29.18.00,2050-04-29_18:00,2050.04.29
2050.04.29.19.00,2050-04-29_19:00,2050.04.29
2050.04.29.20.00,2050-04-29_20:00,2050.04.29
2050.04.29.21.00,2050-04-29_21:00,2050.04.29
2050.04.29.22.00,2050-04-29_22:00,2050.04.29
2050.04.29.23.00,2050-04-29_23:00,2050.04.29
2050.07.23.00.00,2050-07-23_00:00,2050.07.23
2050.07.23.01.00,2050-07-23_01:00,2050.07.23
2050.07.23.02.00,2050-07-23_02:00,2050.07.23
2050.07.23.03.00,2050-07-23_03:00,2050.07.23
2050.07.23.04.00,2050-07-23_04:00,2050.07.23
2050.07.23.05.00,2050-07-23_05:00,2050.07.23
2050.07.23.06.00,2050-07-23_06:00,2050.07.23
2050.07.23.07.00,2050-07-23_07:00,2050.07.23
2050.07.23.08.00,2050-07-23_08:00,2050.07.23
2050.07.23.09.00,2050-07-23_09:00,2050.07.23
2050.07.23.10.00,2050-07-23_10:00,2050.07.23
2050.07.23.11.00,2050-07-23_11:00,2050.07.23
2050.07.23.12.00,2050-07-23_12:00,2050.07.23
2050.07.23.13.00,2050-07-23_13:00,2050.07.23
2050.07.23.14.00,2050-07-23_14:00,2050.07.23
2050.07.23.15.00,2050-07-23_15:00,2050.07.23
2050.07.23.16.00,2050-07-23_16:00,2050.07.23
2050.07.23.17.00,2050-07-23_17:00,2050.07.23
2050.07.23.18.00,2050-07-23_18:00,2050.07.23
2050.07.23.19.00,2050-07-23_19:00,2050.07.23
2050.07.23.20.00,2050-07-23_20:00,2050.07.23
2050.07.23.21.00,2050-07-23_21:00,2050.07.23
2050.07.23.22.00,2050-07-23_22:00,2050.07.23
2050.07.23.23.00,2050-07-23_23:00,2050.07.23
2050.10.22.00.00,2050-10-22_00:00,2050.10.22
2050.10.22.01.00,2050-10-22_01:00,2050.10.22
2050.10.22.02.00,2050-10-22_02:00,2050.10.22
2050.10.22.03.00,2050-10-22_03:00,2050.10.22
2050.10.22.04.00,2050-10-22_04:00,2050.10.22
2050.10.22.05.00,2050-10-22_05:00,2050.10.22
2050.10.22.06.00,2050-10-22_06:00,2050.10.22
2050.10.22.07.00,2050-10-22_07:00,2050.10.22
2050.10.22.08.00,2050-10-22_08:00,2050.10.22
2050.10.22.09.00,2050-10-22_09:00,2050.10.22
2050.10.22.10.00,2050-10-22_10:00,2050.10.22
2050.10.22.11.00,2050-10-22_11:00,2050.10.22
2050.10.22.12.00,2050-10-22_12:00,2050.10.22
2050.10.22.13.00,2050-10-22_13:00,2050.10.22
2050.10.22.14.00,2050-10-22_14:00,2050.10.22
2050.10.22.15.00,2050-10-22_15:00,2050.10.22
2050.10.22.16.00,2050-10-22_16:00,2050.10.22
2050.10.22.17.00,2050-10-22_17:00,2050.10.22
2050.10.22.18.00,2050-10-22_18:00,2050.10.22
2050.10.22.19.00,2050-10-22_19:00,2050.10.22
2050.10.22.20.00,2050-10-22_20:00,2050.10.22
2050.10.22.21.00,2050-10-22_21:00,2050.10.22
2050.10.22.22.00,2050-10-22_22:00,2050.10.22
2050.10.22.23.00,2050-10-22_23:00,2050.10.22
