"scenario_name","scenario_profile","region","eres_case","tech_scenario","carbon_case","solver","solver_options_string","crossover"
"Scen_CN_Low_A_NoRGES","CN_NR_A","CN","NR","A","BASELINE","gurobi","Method=2 TimeLimit=60000 NumericFocus=3 Crossover=0 BarHomogeneous=1 BarConvTol=1e-6 OptimalityTol=1e-4 FeasibilityTol=1e-5 OutputFlag=0","0"
"Scen_CN_Low_C_NoRGES","CN_NR_C","CN","NR","C","BASELINE","gurobi","Method=2 TimeLimit=60000 NumericFocus=3 Crossover=0 BarHomogeneous=1 BarConvTol=1e-6 OptimalityTol=1e-4 FeasibilityTol=1e-5 OutputFlag=0","0"
"Scen_CN_Low_M_NoRGES","CN_NR_M","CN","NR","M","BASELINE","gurobi","Method=2 TimeLimit=60000 NumericFocus=3 Crossover=0 BarHomogeneous=1 BarConvTol=1e-6 OptimalityTol=1e-4 FeasibilityTol=1e-5 OutputFlag=0","0"
"Scen_CN_Low_A_BaseRGES_000","CN_BR_A","CN","BR","A","CE000","gurobi","Method=2 TimeLimit=60000 NumericFocus=3 Crossover=0 BarHomogeneous=1 BarConvTol=1e-6 OptimalityTol=1e-4 FeasibilityTol=1e-5 OutputFlag=0","0"
"Scen_CN_Low_A_BaseRGES_001","CN_BR_A","CN","BR","A","CE001","gurobi","Method=2 TimeLimit=60000 NumericFocus=3 Crossover=0 BarHomogeneous=1 BarConvTol=1e-6 OptimalityTol=1e-4 FeasibilityTol=1e-5 OutputFlag=0","0"
"Scen_CN_Low_A_BaseRGES_002","CN_BR_A","CN","BR","A","CE002","gurobi","Method=2 TimeLimit=60000 NumericFocus=3 Crossover=0 BarHomogeneous=1 BarConvTol=1e-6 OptimalityTol=1e-4 FeasibilityTol=1e-5 OutputFlag=0","0"
"Scen_CN_Low_A_BaseRGES_003","CN_BR_A","CN","BR","A","CE003","gurobi","Method=2 TimeLimit=60000 NumericFocus=3 Crossover=0 BarHomogeneous=1 BarConvTol=1e-6 OptimalityTol=1e-4 FeasibilityTol=1e-5 OutputFlag=0","0"
"Scen_CN_Low_A_BaseRGES_004","CN_BR_A","CN","BR","A","CE004","gurobi","Method=2 TimeLimit=60000 NumericFocus=3 Crossover=0 BarHomogeneous=1 BarConvTol=1e-6 OptimalityTol=1e-4 FeasibilityTol=1e-5 OutputFlag=0","0"
"Scen_CN_Low_A_BaseRGES_005","CN_BR_A","CN","BR","A","CE005","gurobi","Method=2 TimeLimit=60000 NumericFocus=3 Crossover=0 BarHomogeneous=1 BarConvTol=1e-6 OptimalityTol=1e-4 FeasibilityTol=1e-5 OutputFlag=0","0"
"Scen_CN_Low_A_BaseRGES_006","CN_BR_A","CN","BR","A","CE006","gurobi","Method=2 TimeLimit=60000 NumericFocus=3 Crossover=0 BarHomogeneous=1 BarConvTol=1e-6 OptimalityTol=1e-4 FeasibilityTol=1e-5 OutputFlag=0","0"
"Scen_CN_Low_A_BaseRGES_007","CN_BR_A","CN","BR","A","CE007","gurobi","Method=2 TimeLimit=60000 NumericFocus=3 Crossover=0 BarHomogeneous=1 BarConvTol=1e-6 OptimalityTol=1e-4 FeasibilityTol=1e-5 OutputFlag=0","0"
"Scen_CN_Low_A_BaseRGES_008","CN_BR_A","CN","BR","A","CE008","gurobi","Method=2 TimeLimit=60000 NumericFocus=3 Crossover=0 BarHomogeneous=1 BarConvTol=1e-6 OptimalityTol=1e-4 FeasibilityTol=1e-5 OutputFlag=0","0"
"Scen_CN_Low_A_BaseRGES_009","CN_BR_A","CN","BR","A","CE009","gurobi","Method=2 TimeLimit=60000 NumericFocus=3 Crossover=0 BarHomogeneous=1 BarConvTol=1e-6 OptimalityTol=1e-4 FeasibilityTol=1e-5 OutputFlag=0","0"
"Scen_CN_Low_A_BaseRGES_010","CN_BR_A","CN","BR","A","CE010","gurobi","Method=2 TimeLimit=60000 NumericFocus=3 Crossover=0 BarHomogeneous=1 BarConvTol=1e-6 OptimalityTol=1e-4 FeasibilityTol=1e-5 OutputFlag=0","0"
"Scen_CN_Low_A_BaseRGES_011","CN_BR_A","CN","BR","A","CE011","gurobi","Method=2 TimeLimit=60000 NumericFocus=3 Crossover=0 BarHomogeneous=1 BarConvTol=1e-6 OptimalityTol=1e-4 FeasibilityTol=1e-5 OutputFlag=0","0"
"Scen_CN_Low_A_BaseRGES_012","CN_BR_A","CN","BR","A","CE012","gurobi","Method=2 TimeLimit=60000 NumericFocus=3 Crossover=0 BarHomogeneous=1 BarConvTol=1e-6 OptimalityTol=1e-4 FeasibilityTol=1e-5 OutputFlag=0","0"
"Scen_CN_Low_A_BaseRGES_013","CN_BR_A","CN","BR","A","CE013","gurobi","Method=2 TimeLimit=60000 NumericFocus=3 Crossover=0 BarHomogeneous=1 BarConvTol=1e-6 OptimalityTol=1e-4 FeasibilityTol=1e-5 OutputFlag=0","0"
"Scen_CN_Low_A_BaseRGES_014","CN_BR_A","CN","BR","A","CE014","gurobi","Method=2 TimeLimit=60000 NumericFocus=3 Crossover=0 BarHomogeneous=1 BarConvTol=1e-6 OptimalityTol=1e-4 FeasibilityTol=1e-5 OutputFlag=0","0"
"Scen_CN_Low_A_BaseRGES_015","CN_BR_A","CN","BR","A","CE015","gurobi","Method=2 TimeLimit=60000 NumericFocus=3 Crossover=0 BarHomogeneous=1 BarConvTol=1e-6 OptimalityTol=1e-4 FeasibilityTol=1e-5 OutputFlag=0","0"
"Scen_CN_Low_A_HighRGES_000","CN_HR_A","CN","HR","A","CE000","gurobi","Method=2 TimeLimit=60000 NumericFocus=3 Crossover=0 BarHomogeneous=1 BarConvTol=1e-6 OptimalityTol=1e-4 FeasibilityTol=1e-5 OutputFlag=0","0"
"Scen_CN_Low_A_HighRGES_001","CN_HR_A","CN","HR","A","CE001","gurobi","Method=2 TimeLimit=60000 NumericFocus=3 Crossover=0 BarHomogeneous=1 BarConvTol=1e-6 OptimalityTol=1e-4 FeasibilityTol=1e-5 OutputFlag=0","0"
"Scen_CN_Low_A_HighRGES_002","CN_HR_A","CN","HR","A","CE002","gurobi","Method=2 TimeLimit=60000 NumericFocus=3 Crossover=0 BarHomogeneous=1 BarConvTol=1e-6 OptimalityTol=1e-4 FeasibilityTol=1e-5 OutputFlag=0","0"
"Scen_CN_Low_A_HighRGES_003","CN_HR_A","CN","HR","A","CE003","gurobi","Method=2 TimeLimit=60000 NumericFocus=3 Crossover=0 BarHomogeneous=1 BarConvTol=1e-6 OptimalityTol=1e-4 FeasibilityTol=1e-5 OutputFlag=0","0"
"Scen_CN_Low_A_HighRGES_004","CN_HR_A","CN","HR","A","CE004","gurobi","Method=2 TimeLimit=60000 NumericFocus=3 Crossover=0 BarHomogeneous=1 BarConvTol=1e-6 OptimalityTol=1e-4 FeasibilityTol=1e-5 OutputFlag=0","0"
"Scen_CN_Low_A_HighRGES_005","CN_HR_A","CN","HR","A","CE005","gurobi","Method=2 TimeLimit=60000 NumericFocus=3 Crossover=0 BarHomogeneous=1 BarConvTol=1e-6 OptimalityTol=1e-4 FeasibilityTol=1e-5 OutputFlag=0","0"
"Scen_CN_Low_A_HighRGES_006","CN_HR_A","CN","HR","A","CE006","gurobi","Method=2 TimeLimit=60000 NumericFocus=3 Crossover=0 BarHomogeneous=1 BarConvTol=1e-6 OptimalityTol=1e-4 FeasibilityTol=1e-5 OutputFlag=0","0"
"Scen_CN_Low_A_HighRGES_007","CN_HR_A","CN","HR","A","CE007","gurobi","Method=2 TimeLimit=60000 NumericFocus=3 Crossover=0 BarHomogeneous=1 BarConvTol=1e-6 OptimalityTol=1e-4 FeasibilityTol=1e-5 OutputFlag=0","0"
"Scen_CN_Low_A_HighRGES_008","CN_HR_A","CN","HR","A","CE008","gurobi","Method=2 TimeLimit=60000 NumericFocus=3 Crossover=0 BarHomogeneous=1 BarConvTol=1e-6 OptimalityTol=1e-4 FeasibilityTol=1e-5 OutputFlag=0","0"
"Scen_CN_Low_A_HighRGES_009","CN_HR_A","CN","HR","A","CE009","gurobi","Method=2 TimeLimit=60000 NumericFocus=3 Crossover=0 BarHomogeneous=1 BarConvTol=1e-6 OptimalityTol=1e-4 FeasibilityTol=1e-5 OutputFlag=0","0"
"Scen_CN_Low_A_HighRGES_010","CN_HR_A","CN","HR","A","CE010","gurobi","Method=2 TimeLimit=60000 NumericFocus=3 Crossover=0 BarHomogeneous=1 BarConvTol=1e-6 OptimalityTol=1e-4 FeasibilityTol=1e-5 OutputFlag=0","0"
"Scen_CN_Low_A_HighRGES_011","CN_HR_A","CN","HR","A","CE011","gurobi","Method=2 TimeLimit=60000 NumericFocus=3 Crossover=0 BarHomogeneous=1 BarConvTol=1e-6 OptimalityTol=1e-4 FeasibilityTol=1e-5 OutputFlag=0","0"
"Scen_CN_Low_A_HighRGES_012","CN_HR_A","CN","HR","A","CE012","gurobi","Method=2 TimeLimit=60000 NumericFocus=3 Crossover=0 BarHomogeneous=1 BarConvTol=1e-6 OptimalityTol=1e-4 FeasibilityTol=1e-5 OutputFlag=0","0"
"Scen_CN_Low_A_HighRGES_013","CN_HR_A","CN","HR","A","CE013","gurobi","Method=2 TimeLimit=60000 NumericFocus=3 Crossover=0 BarHomogeneous=1 BarConvTol=1e-6 OptimalityTol=1e-4 FeasibilityTol=1e-5 OutputFlag=0","0"
"Scen_CN_Low_A_HighRGES_014","CN_HR_A","CN","HR","A","CE014","gurobi","Method=2 TimeLimit=60000 NumericFocus=3 Crossover=0 BarHomogeneous=1 BarConvTol=1e-6 OptimalityTol=1e-4 FeasibilityTol=1e-5 OutputFlag=0","0"
"Scen_CN_Low_A_HighRGES_015","CN_HR_A","CN","HR","A","CE015","gurobi","Method=2 TimeLimit=60000 NumericFocus=3 Crossover=0 BarHomogeneous=1 BarConvTol=1e-6 OptimalityTol=1e-4 FeasibilityTol=1e-5 OutputFlag=0","0"
"Scen_CN_Low_C_BaseRGES_000","CN_BR_C","CN","BR","C","CE000","gurobi","Method=2 TimeLimit=60000 NumericFocus=3 Crossover=0 BarHomogeneous=1 BarConvTol=1e-6 OptimalityTol=1e-4 FeasibilityTol=1e-5 OutputFlag=0","0"
"Scen_CN_Low_C_BaseRGES_001","CN_BR_C","CN","BR","C","CE001","gurobi","Method=2 TimeLimit=60000 NumericFocus=3 Crossover=0 BarHomogeneous=1 BarConvTol=1e-6 OptimalityTol=1e-4 FeasibilityTol=1e-5 OutputFlag=0","0"
"Scen_CN_Low_C_BaseRGES_002","CN_BR_C","CN","BR","C","CE002","gurobi","Method=2 TimeLimit=60000 NumericFocus=3 Crossover=0 BarHomogeneous=1 BarConvTol=1e-6 OptimalityTol=1e-4 FeasibilityTol=1e-5 OutputFlag=0","0"
"Scen_CN_Low_C_BaseRGES_003","CN_BR_C","CN","BR","C","CE003","gurobi","Method=2 TimeLimit=60000 NumericFocus=3 Crossover=0 BarHomogeneous=1 BarConvTol=1e-6 OptimalityTol=1e-4 FeasibilityTol=1e-5 OutputFlag=0","0"
"Scen_CN_Low_C_BaseRGES_004","CN_BR_C","CN","BR","C","CE004","gurobi","Method=2 TimeLimit=60000 NumericFocus=3 Crossover=0 BarHomogeneous=1 BarConvTol=1e-6 OptimalityTol=1e-4 FeasibilityTol=1e-5 OutputFlag=0","0"
"Scen_CN_Low_C_BaseRGES_005","CN_BR_C","CN","BR","C","CE005","gurobi","Method=2 TimeLimit=60000 NumericFocus=3 Crossover=0 BarHomogeneous=1 BarConvTol=1e-6 OptimalityTol=1e-4 FeasibilityTol=1e-5 OutputFlag=0","0"
"Scen_CN_Low_C_BaseRGES_006","CN_BR_C","CN","BR","C","CE006","gurobi","Method=2 TimeLimit=60000 NumericFocus=3 Crossover=0 BarHomogeneous=1 BarConvTol=1e-6 OptimalityTol=1e-4 FeasibilityTol=1e-5 OutputFlag=0","0"
"Scen_CN_Low_C_BaseRGES_007","CN_BR_C","CN","BR","C","CE007","gurobi","Method=2 TimeLimit=60000 NumericFocus=3 Crossover=0 BarHomogeneous=1 BarConvTol=1e-6 OptimalityTol=1e-4 FeasibilityTol=1e-5 OutputFlag=0","0"
"Scen_CN_Low_C_BaseRGES_008","CN_BR_C","CN","BR","C","CE008","gurobi","Method=2 TimeLimit=60000 NumericFocus=3 Crossover=0 BarHomogeneous=1 BarConvTol=1e-6 OptimalityTol=1e-4 FeasibilityTol=1e-5 OutputFlag=0","0"
"Scen_CN_Low_C_BaseRGES_009","CN_BR_C","CN","BR","C","CE009","gurobi","Method=2 TimeLimit=60000 NumericFocus=3 Crossover=0 BarHomogeneous=1 BarConvTol=1e-6 OptimalityTol=1e-4 FeasibilityTol=1e-5 OutputFlag=0","0"
"Scen_CN_Low_C_BaseRGES_010","CN_BR_C","CN","BR","C","CE010","gurobi","Method=2 TimeLimit=60000 NumericFocus=3 Crossover=0 BarHomogeneous=1 BarConvTol=1e-6 OptimalityTol=1e-4 FeasibilityTol=1e-5 OutputFlag=0","0"
"Scen_CN_Low_C_BaseRGES_011","CN_BR_C","CN","BR","C","CE011","gurobi","Method=2 TimeLimit=60000 NumericFocus=3 Crossover=0 BarHomogeneous=1 BarConvTol=1e-6 OptimalityTol=1e-4 FeasibilityTol=1e-5 OutputFlag=0","0"
"Scen_CN_Low_C_BaseRGES_012","CN_BR_C","CN","BR","C","CE012","gurobi","Method=2 TimeLimit=60000 NumericFocus=3 Crossover=0 BarHomogeneous=1 BarConvTol=1e-6 OptimalityTol=1e-4 FeasibilityTol=1e-5 OutputFlag=0","0"
"Scen_CN_Low_C_BaseRGES_013","CN_BR_C","CN","BR","C","CE013","gurobi","Method=2 TimeLimit=60000 NumericFocus=3 Crossover=0 BarHomogeneous=1 BarConvTol=1e-6 OptimalityTol=1e-4 FeasibilityTol=1e-5 OutputFlag=0","0"
"Scen_CN_Low_C_BaseRGES_014","CN_BR_C","CN","BR","C","CE014","gurobi","Method=2 TimeLimit=60000 NumericFocus=3 Crossover=0 BarHomogeneous=1 BarConvTol=1e-6 OptimalityTol=1e-4 FeasibilityTol=1e-5 OutputFlag=0","0"
"Scen_CN_Low_C_BaseRGES_015","CN_BR_C","CN","BR","C","CE015","gurobi","Method=2 TimeLimit=60000 NumericFocus=3 Crossover=0 BarHomogeneous=1 BarConvTol=1e-6 OptimalityTol=1e-4 FeasibilityTol=1e-5 OutputFlag=0","0"
"Scen_CN_Low_C_HighRGES_000","CN_HR_C","CN","HR","C","CE000","gurobi","Method=2 TimeLimit=60000 NumericFocus=3 Crossover=0 BarHomogeneous=1 BarConvTol=1e-6 OptimalityTol=1e-4 FeasibilityTol=1e-5 OutputFlag=0","0"
"Scen_CN_Low_C_HighRGES_001","CN_HR_C","CN","HR","C","CE001","gurobi","Method=2 TimeLimit=60000 NumericFocus=3 Crossover=0 BarHomogeneous=1 BarConvTol=1e-6 OptimalityTol=1e-4 FeasibilityTol=1e-5 OutputFlag=0","0"
"Scen_CN_Low_C_HighRGES_002","CN_HR_C","CN","HR","C","CE002","gurobi","Method=2 TimeLimit=60000 NumericFocus=3 Crossover=0 BarHomogeneous=1 BarConvTol=1e-6 OptimalityTol=1e-4 FeasibilityTol=1e-5 OutputFlag=0","0"
"Scen_CN_Low_C_HighRGES_003","CN_HR_C","CN","HR","C","CE003","gurobi","Method=2 TimeLimit=60000 NumericFocus=3 Crossover=0 BarHomogeneous=1 BarConvTol=1e-6 OptimalityTol=1e-4 FeasibilityTol=1e-5 OutputFlag=0","0"
"Scen_CN_Low_C_HighRGES_004","CN_HR_C","CN","HR","C","CE004","gurobi","Method=2 TimeLimit=60000 NumericFocus=3 Crossover=0 BarHomogeneous=1 BarConvTol=1e-6 OptimalityTol=1e-4 FeasibilityTol=1e-5 OutputFlag=0","0"
"Scen_CN_Low_C_HighRGES_005","CN_HR_C","CN","HR","C","CE005","gurobi","Method=2 TimeLimit=60000 NumericFocus=3 Crossover=0 BarHomogeneous=1 BarConvTol=1e-6 OptimalityTol=1e-4 FeasibilityTol=1e-5 OutputFlag=0","0"
"Scen_CN_Low_C_HighRGES_006","CN_HR_C","CN","HR","C","CE006","gurobi","Method=2 TimeLimit=60000 NumericFocus=3 Crossover=0 BarHomogeneous=1 BarConvTol=1e-6 OptimalityTol=1e-4 FeasibilityTol=1e-5 OutputFlag=0","0"
"Scen_CN_Low_C_HighRGES_007","CN_HR_C","CN","HR","C","CE007","gurobi","Method=2 TimeLimit=60000 NumericFocus=3 Crossover=0 BarHomogeneous=1 BarConvTol=1e-6 OptimalityTol=1e-4 FeasibilityTol=1e-5 OutputFlag=0","0"
"Scen_CN_Low_C_HighRGES_008","CN_HR_C","CN","HR","C","CE008","gurobi","Method=2 TimeLimit=60000 NumericFocus=3 Crossover=0 BarHomogeneous=1 BarConvTol=1e-6 OptimalityTol=1e-4 FeasibilityTol=1e-5 OutputFlag=0","0"
"Scen_CN_Low_C_HighRGES_009","CN_HR_C","CN","HR","C","CE009","gurobi","Method=2 TimeLimit=60000 NumericFocus=3 Crossover=0 BarHomogeneous=1 BarConvTol=1e-6 OptimalityTol=1e-4 FeasibilityTol=1e-5 OutputFlag=0","0"
"Scen_CN_Low_C_HighRGES_010","CN_HR_C","CN","HR","C","CE010","gurobi","Method=2 TimeLimit=60000 NumericFocus=3 Crossover=0 BarHomogeneous=1 BarConvTol=1e-6 OptimalityTol=1e-4 FeasibilityTol=1e-5 OutputFlag=0","0"
"Scen_CN_Low_C_HighRGES_011","CN_HR_C","CN","HR","C","CE011","gurobi","Method=2 TimeLimit=60000 NumericFocus=3 Crossover=0 BarHomogeneous=1 BarConvTol=1e-6 OptimalityTol=1e-4 FeasibilityTol=1e-5 OutputFlag=0","0"
"Scen_CN_Low_C_HighRGES_012","CN_HR_C","CN","HR","C","CE012","gurobi","Method=2 TimeLimit=60000 NumericFocus=3 Crossover=0 BarHomogeneous=1 BarConvTol=1e-6 OptimalityTol=1e-4 FeasibilityTol=1e-5 OutputFlag=0","0"
"Scen_CN_Low_C_HighRGES_013","CN_HR_C","CN","HR","C","CE013","gurobi","Method=2 TimeLimit=60000 NumericFocus=3 Crossover=0 BarHomogeneous=1 BarConvTol=1e-6 OptimalityTol=1e-4 FeasibilityTol=1e-5 OutputFlag=0","0"
"Scen_CN_Low_C_HighRGES_014","CN_HR_C","CN","HR","C","CE014","gurobi","Method=2 TimeLimit=60000 NumericFocus=3 Crossover=0 BarHomogeneous=1 BarConvTol=1e-6 OptimalityTol=1e-4 FeasibilityTol=1e-5 OutputFlag=0","0"
"Scen_CN_Low_C_HighRGES_015","CN_HR_C","CN","HR","C","CE015","gurobi","Method=2 TimeLimit=60000 NumericFocus=3 Crossover=0 BarHomogeneous=1 BarConvTol=1e-6 OptimalityTol=1e-4 FeasibilityTol=1e-5 OutputFlag=0","0"
"Scen_CN_Low_M_BaseRGES_000","CN_BR_M","CN","BR","M","CE000","gurobi","Method=2 TimeLimit=60000 NumericFocus=3 Crossover=0 BarHomogeneous=1 BarConvTol=1e-6 OptimalityTol=1e-4 FeasibilityTol=1e-5 OutputFlag=0","0"
"Scen_CN_Low_M_BaseRGES_001","CN_BR_M","CN","BR","M","CE001","gurobi","Method=2 TimeLimit=60000 NumericFocus=3 Crossover=0 BarHomogeneous=1 BarConvTol=1e-6 OptimalityTol=1e-4 FeasibilityTol=1e-5 OutputFlag=0","0"
"Scen_CN_Low_M_BaseRGES_002","CN_BR_M","CN","BR","M","CE002","gurobi","Method=2 TimeLimit=60000 NumericFocus=3 Crossover=0 BarHomogeneous=1 BarConvTol=1e-6 OptimalityTol=1e-4 FeasibilityTol=1e-5 OutputFlag=0","0"
"Scen_CN_Low_M_BaseRGES_003","CN_BR_M","CN","BR","M","CE003","gurobi","Method=2 TimeLimit=60000 NumericFocus=3 Crossover=0 BarHomogeneous=1 BarConvTol=1e-6 OptimalityTol=1e-4 FeasibilityTol=1e-5 OutputFlag=0","0"
"Scen_CN_Low_M_BaseRGES_004","CN_BR_M","CN","BR","M","CE004","gurobi","Method=2 TimeLimit=60000 NumericFocus=3 Crossover=0 BarHomogeneous=1 BarConvTol=1e-6 OptimalityTol=1e-4 FeasibilityTol=1e-5 OutputFlag=0","0"
"Scen_CN_Low_M_BaseRGES_005","CN_BR_M","CN","BR","M","CE005","gurobi","Method=2 TimeLimit=60000 NumericFocus=3 Crossover=0 BarHomogeneous=1 BarConvTol=1e-6 OptimalityTol=1e-4 FeasibilityTol=1e-5 OutputFlag=0","0"
"Scen_CN_Low_M_BaseRGES_006","CN_BR_M","CN","BR","M","CE006","gurobi","Method=2 TimeLimit=60000 NumericFocus=3 Crossover=0 BarHomogeneous=1 BarConvTol=1e-6 OptimalityTol=1e-4 FeasibilityTol=1e-5 OutputFlag=0","0"
"Scen_CN_Low_M_BaseRGES_007","CN_BR_M","CN","BR","M","CE007","gurobi","Method=2 TimeLimit=60000 NumericFocus=3 Crossover=0 BarHomogeneous=1 BarConvTol=1e-6 OptimalityTol=1e-4 FeasibilityTol=1e-5 OutputFlag=0","0"
"Scen_CN_Low_M_BaseRGES_008","CN_BR_M","CN","BR","M","CE008","gurobi","Method=2 TimeLimit=60000 NumericFocus=3 Crossover=0 BarHomogeneous=1 BarConvTol=1e-6 OptimalityTol=1e-4 FeasibilityTol=1e-5 OutputFlag=0","0"
"Scen_CN_Low_M_BaseRGES_009","CN_BR_M","CN","BR","M","CE009","gurobi","Method=2 TimeLimit=60000 NumericFocus=3 Crossover=0 BarHomogeneous=1 BarConvTol=1e-6 OptimalityTol=1e-4 FeasibilityTol=1e-5 OutputFlag=0","0"
"Scen_CN_Low_M_BaseRGES_010","CN_BR_M","CN","BR","M","CE010","gurobi","Method=2 TimeLimit=60000 NumericFocus=3 Crossover=0 BarHomogeneous=1 BarConvTol=1e-6 OptimalityTol=1e-4 FeasibilityTol=1e-5 OutputFlag=0","0"
"Scen_CN_Low_M_BaseRGES_011","CN_BR_M","CN","BR","M","CE011","gurobi","Method=2 TimeLimit=60000 NumericFocus=3 Crossover=0 BarHomogeneous=1 BarConvTol=1e-6 OptimalityTol=1e-4 FeasibilityTol=1e-5 OutputFlag=0","0"
"Scen_CN_Low_M_BaseRGES_012","CN_BR_M","CN","BR","M","CE012","gurobi","Method=2 TimeLimit=60000 NumericFocus=3 Crossover=0 BarHomogeneous=1 BarConvTol=1e-6 OptimalityTol=1e-4 FeasibilityTol=1e-5 OutputFlag=0","0"
"Scen_CN_Low_M_BaseRGES_013","CN_BR_M","CN","BR","M","CE013","gurobi","Method=2 TimeLimit=60000 NumericFocus=3 Crossover=0 BarHomogeneous=1 BarConvTol=1e-6 OptimalityTol=1e-4 FeasibilityTol=1e-5 OutputFlag=0","0"
"Scen_CN_Low_M_BaseRGES_014","CN_BR_M","CN","BR","M","CE014","gurobi","Method=2 TimeLimit=60000 NumericFocus=3 Crossover=0 BarHomogeneous=1 BarConvTol=1e-6 OptimalityTol=1e-4 FeasibilityTol=1e-5 OutputFlag=0","0"
"Scen_CN_Low_M_BaseRGES_015","CN_BR_M","CN","BR","M","CE015","gurobi","Method=2 TimeLimit=60000 NumericFocus=3 Crossover=0 BarHomogeneous=1 BarConvTol=1e-6 OptimalityTol=1e-4 FeasibilityTol=1e-5 OutputFlag=0","0"
"Scen_CN_Low_M_HighRGES_000","CN_HR_M","CN","HR","M","CE000","gurobi","Method=2 TimeLimit=60000 NumericFocus=3 Crossover=0 BarHomogeneous=1 BarConvTol=1e-6 OptimalityTol=1e-4 FeasibilityTol=1e-5 OutputFlag=0","0"
"Scen_CN_Low_M_HighRGES_001","CN_HR_M","CN","HR","M","CE001","gurobi","Method=2 TimeLimit=60000 NumericFocus=3 Crossover=0 BarHomogeneous=1 BarConvTol=1e-6 OptimalityTol=1e-4 FeasibilityTol=1e-5 OutputFlag=0","0"
"Scen_CN_Low_M_HighRGES_002","CN_HR_M","CN","HR","M","CE002","gurobi","Method=2 TimeLimit=60000 NumericFocus=3 Crossover=0 BarHomogeneous=1 BarConvTol=1e-6 OptimalityTol=1e-4 FeasibilityTol=1e-5 OutputFlag=0","0"
"Scen_CN_Low_M_HighRGES_003","CN_HR_M","CN","HR","M","CE003","gurobi","Method=2 TimeLimit=60000 NumericFocus=3 Crossover=0 BarHomogeneous=1 BarConvTol=1e-6 OptimalityTol=1e-4 FeasibilityTol=1e-5 OutputFlag=0","0"
"Scen_CN_Low_M_HighRGES_004","CN_HR_M","CN","HR","M","CE004","gurobi","Method=2 TimeLimit=60000 NumericFocus=3 Crossover=0 BarHomogeneous=1 BarConvTol=1e-6 OptimalityTol=1e-4 FeasibilityTol=1e-5 OutputFlag=0","0"
"Scen_CN_Low_M_HighRGES_005","CN_HR_M","CN","HR","M","CE005","gurobi","Method=2 TimeLimit=60000 NumericFocus=3 Crossover=0 BarHomogeneous=1 BarConvTol=1e-6 OptimalityTol=1e-4 FeasibilityTol=1e-5 OutputFlag=0","0"
"Scen_CN_Low_M_HighRGES_006","CN_HR_M","CN","HR","M","CE006","gurobi","Method=2 TimeLimit=60000 NumericFocus=3 Crossover=0 BarHomogeneous=1 BarConvTol=1e-6 OptimalityTol=1e-4 FeasibilityTol=1e-5 OutputFlag=0","0"
"Scen_CN_Low_M_HighRGES_007","CN_HR_M","CN","HR","M","CE007","gurobi","Method=2 TimeLimit=60000 NumericFocus=3 Crossover=0 BarHomogeneous=1 BarConvTol=1e-6 OptimalityTol=1e-4 FeasibilityTol=1e-5 OutputFlag=0","0"
"Scen_CN_Low_M_HighRGES_008","CN_HR_M","CN","HR","M","CE008","gurobi","Method=2 TimeLimit=60000 NumericFocus=3 Crossover=0 BarHomogeneous=1 BarConvTol=1e-6 OptimalityTol=1e-4 FeasibilityTol=1e-5 OutputFlag=0","0"
"Scen_CN_Low_M_HighRGES_009","CN_HR_M","CN","HR","M","CE009","gurobi","Method=2 TimeLimit=60000 NumericFocus=3 Crossover=0 BarHomogeneous=1 BarConvTol=1e-6 OptimalityTol=1e-4 FeasibilityTol=1e-5 OutputFlag=0","0"
"Scen_CN_Low_M_HighRGES_010","CN_HR_M","CN","HR","M","CE010","gurobi","Method=2 TimeLimit=60000 NumericFocus=3 Crossover=0 BarHomogeneous=1 BarConvTol=1e-6 OptimalityTol=1e-4 FeasibilityTol=1e-5 OutputFlag=0","0"
"Scen_CN_Low_M_HighRGES_011","CN_HR_M","CN","HR","M","CE011","gurobi","Method=2 TimeLimit=60000 NumericFocus=3 Crossover=0 BarHomogeneous=1 BarConvTol=1e-6 OptimalityTol=1e-4 FeasibilityTol=1e-5 OutputFlag=0","0"
"Scen_CN_Low_M_HighRGES_012","CN_HR_M","CN","HR","M","CE012","gurobi","Method=2 TimeLimit=60000 NumericFocus=3 Crossover=0 BarHomogeneous=1 BarConvTol=1e-6 OptimalityTol=1e-4 FeasibilityTol=1e-5 OutputFlag=0","0"
"Scen_CN_Low_M_HighRGES_013","CN_HR_M","CN","HR","M","CE013","gurobi","Method=2 TimeLimit=60000 NumericFocus=3 Crossover=0 BarHomogeneous=1 BarConvTol=1e-6 OptimalityTol=1e-4 FeasibilityTol=1e-5 OutputFlag=0","0"
"Scen_CN_Low_M_HighRGES_014","CN_HR_M","CN","HR","M","CE014","gurobi","Method=2 TimeLimit=60000 NumericFocus=3 Crossover=0 BarHomogeneous=1 BarConvTol=1e-6 OptimalityTol=1e-4 FeasibilityTol=1e-5 OutputFlag=0","0"
"Scen_CN_Low_M_HighRGES_015","CN_HR_M","CN","HR","M","CE015","gurobi","Method=2 TimeLimit=60000 NumericFocus=3 Crossover=0 BarHomogeneous=1 BarConvTol=1e-6 OptimalityTol=1e-4 FeasibilityTol=1e-5 OutputFlag=0","0"
"Scen_CN_Low_A_BaseRGES_105","CN_BR_A","CN","BR","A","CE105","gurobi","Method=2 TimeLimit=60000 NumericFocus=3 Crossover=0 BarHomogeneous=1 BarConvTol=1e-6 OptimalityTol=1e-4 FeasibilityTol=1e-5 OutputFlag=0","0"
"Scen_CN_Low_A_HighRGES_105","CN_HR_A","CN","HR","A","CE105","gurobi","Method=2 TimeLimit=60000 NumericFocus=3 Crossover=0 BarHomogeneous=1 BarConvTol=1e-6 OptimalityTol=1e-4 FeasibilityTol=1e-5 OutputFlag=0","0"
"Scen_CN_Low_C_BaseRGES_105","CN_BR_C","CN","BR","C","CE105","gurobi","Method=2 TimeLimit=60000 NumericFocus=3 Crossover=0 BarHomogeneous=1 BarConvTol=1e-6 OptimalityTol=1e-4 FeasibilityTol=1e-5 OutputFlag=0","0"
"Scen_CN_Low_C_HighRGES_105","CN_HR_C","CN","HR","C","CE105","gurobi","Method=2 TimeLimit=60000 NumericFocus=3 Crossover=0 BarHomogeneous=1 BarConvTol=1e-6 OptimalityTol=1e-4 FeasibilityTol=1e-5 OutputFlag=0","0"
"Scen_CN_Low_M_BaseRGES_105","CN_BR_M","CN","BR","M","CE105","gurobi","Method=2 TimeLimit=60000 NumericFocus=3 Crossover=0 BarHomogeneous=1 BarConvTol=1e-6 OptimalityTol=1e-4 FeasibilityTol=1e-5 OutputFlag=0","0"
"Scen_CN_Low_M_HighRGES_105","CN_HR_M","CN","HR","M","CE105","gurobi","Method=2 TimeLimit=60000 NumericFocus=3 Crossover=0 BarHomogeneous=1 BarConvTol=1e-6 OptimalityTol=1e-4 FeasibilityTol=1e-5 OutputFlag=0","0"
"Scen_EU_Low_A_NoRGES","EU_NR_A","EU","NR","A","BASELINE","gurobi","Method=2 TimeLimit=60000 NumericFocus=3 Crossover=0 BarHomogeneous=1 BarConvTol=1e-6 OptimalityTol=1e-4 FeasibilityTol=1e-5 OutputFlag=0","0"
"Scen_EU_Low_C_NoRGES","EU_NR_C","EU","NR","C","BASELINE","gurobi","Method=2 TimeLimit=60000 NumericFocus=3 Crossover=0 BarHomogeneous=1 BarConvTol=1e-6 OptimalityTol=1e-4 FeasibilityTol=1e-5 OutputFlag=0","0"
"Scen_EU_Low_M_NoRGES","EU_NR_M","EU","NR","M","BASELINE","gurobi","Method=2 TimeLimit=60000 NumericFocus=3 Crossover=0 BarHomogeneous=1 BarConvTol=1e-6 OptimalityTol=1e-4 FeasibilityTol=1e-5 OutputFlag=0","0"
"Scen_EU_Low_A_BaseRGES_000","EU_BR_A","EU","BR","A","CE000","gurobi","Method=2 TimeLimit=60000 NumericFocus=3 Crossover=0 BarHomogeneous=1 BarConvTol=1e-6 OptimalityTol=1e-4 FeasibilityTol=1e-5 OutputFlag=0","0"
"Scen_EU_Low_A_BaseRGES_001","EU_BR_A","EU","BR","A","CE001","gurobi","Method=2 TimeLimit=60000 NumericFocus=3 Crossover=0 BarHomogeneous=1 BarConvTol=1e-6 OptimalityTol=1e-4 FeasibilityTol=1e-5 OutputFlag=0","0"
"Scen_EU_Low_A_BaseRGES_002","EU_BR_A","EU","BR","A","CE002","gurobi","Method=2 TimeLimit=60000 NumericFocus=3 Crossover=0 BarHomogeneous=1 BarConvTol=1e-6 OptimalityTol=1e-4 FeasibilityTol=1e-5 OutputFlag=0","0"
"Scen_EU_Low_A_BaseRGES_003","EU_BR_A","EU","BR","A","CE003","gurobi","Method=2 TimeLimit=60000 NumericFocus=3 Crossover=0 BarHomogeneous=1 BarConvTol=1e-6 OptimalityTol=1e-4 FeasibilityTol=1e-5 OutputFlag=0","0"
"Scen_EU_Low_A_BaseRGES_004","EU_BR_A","EU","BR","A","CE004","gurobi","Method=2 TimeLimit=60000 NumericFocus=3 Crossover=0 BarHomogeneous=1 BarConvTol=1e-6 OptimalityTol=1e-4 FeasibilityTol=1e-5 OutputFlag=0","0"
"Scen_EU_Low_A_BaseRGES_005","EU_BR_A","EU","BR","A","CE005","gurobi","Method=2 TimeLimit=60000 NumericFocus=3 Crossover=0 BarHomogeneous=1 BarConvTol=1e-6 OptimalityTol=1e-4 FeasibilityTol=1e-5 OutputFlag=0","0"
"Scen_EU_Low_A_BaseRGES_006","EU_BR_A","EU","BR","A","CE006","gurobi","Method=2 TimeLimit=60000 NumericFocus=3 Crossover=0 BarHomogeneous=1 BarConvTol=1e-6 OptimalityTol=1e-4 FeasibilityTol=1e-5 OutputFlag=0","0"
"Scen_EU_Low_A_BaseRGES_007","EU_BR_A","EU","BR","A","CE007","gurobi","Method=2 TimeLimit=60000 NumericFocus=3 Crossover=0 BarHomogeneous=1 BarConvTol=1e-6 OptimalityTol=1e-4 FeasibilityTol=1e-5 OutputFlag=0","0"
"Scen_EU_Low_A_BaseRGES_008","EU_BR_A","EU","BR","A","CE008","gurobi","Method=2 TimeLimit=60000 NumericFocus=3 Crossover=0 BarHomogeneous=1 BarConvTol=1e-6 OptimalityTol=1e-4 FeasibilityTol=1e-5 OutputFlag=0","0"
"Scen_EU_Low_A_BaseRGES_009","EU_BR_A","EU","BR","A","CE009","gurobi","Method=2 TimeLimit=60000 NumericFocus=3 Crossover=0 BarHomogeneous=1 BarConvTol=1e-6 OptimalityTol=1e-4 FeasibilityTol=1e-5 OutputFlag=0","0"
"Scen_EU_Low_A_BaseRGES_010","EU_BR_A","EU","BR","A","CE010","gurobi","Method=2 TimeLimit=60000 NumericFocus=3 Crossover=0 BarHomogeneous=1 BarConvTol=1e-6 OptimalityTol=1e-4 FeasibilityTol=1e-5 OutputFlag=0","0"
"Scen_EU_Low_A_BaseRGES_011","EU_BR_A","EU","BR","A","CE011","gurobi","Method=2 TimeLimit=60000 NumericFocus=3 Crossover=0 BarHomogeneous=1 BarConvTol=1e-6 OptimalityTol=1e-4 FeasibilityTol=1e-5 OutputFlag=0","0"
"Scen_EU_Low_A_BaseRGES_012","EU_BR_A","EU","BR","A","CE012","gurobi","Method=2 TimeLimit=60000 NumericFocus=3 Crossover=0 BarHomogeneous=1 BarConvTol=1e-6 OptimalityTol=1e-4 FeasibilityTol=1e-5 OutputFlag=0","0"
"Scen_EU_Low_A_BaseRGES_013","EU_BR_A","EU","BR","A","CE013","gurobi","Method=2 TimeLimit=60000 NumericFocus=3 Crossover=0 BarHomogeneous=1 BarConvTol=1e-6 OptimalityTol=1e-4 FeasibilityTol=1e-5 OutputFlag=0","0"
"Scen_EU_Low_A_BaseRGES_014","EU_BR_A","EU","BR","A","CE014","gurobi","Method=2 TimeLimit=60000 NumericFocus=3 Crossover=0 BarHomogeneous=1 BarConvTol=1e-6 OptimalityTol=1e-4 FeasibilityTol=1e-5 OutputFlag=0","0"
"Scen_EU_Low_A_BaseRGES_015","EU_BR_A","EU","BR","A","CE015","gurobi","Method=2 TimeLimit=60000 NumericFocus=3 Crossover=0 BarHomogeneous=1 BarConvTol=1e-6 OptimalityTol=1e-4 FeasibilityTol=1e-5 OutputFlag=0","0"
"Scen_EU_Low_A_HighRGES_000","EU_HR_A","EU","HR","A","CE000","gurobi","Method=2 TimeLimit=60000 NumericFocus=3 Crossover=0 BarHomogeneous=1 BarConvTol=1e-6 OptimalityTol=1e-4 FeasibilityTol=1e-5 OutputFlag=0","0"
"Scen_EU_Low_A_HighRGES_001","EU_HR_A","EU","HR","A","CE001","gurobi","Method=2 TimeLimit=60000 NumericFocus=3 Crossover=0 BarHomogeneous=1 BarConvTol=1e-6 OptimalityTol=1e-4 FeasibilityTol=1e-5 OutputFlag=0","0"
"Scen_EU_Low_A_HighRGES_002","EU_HR_A","EU","HR","A","CE002","gurobi","Method=2 TimeLimit=60000 NumericFocus=3 Crossover=0 BarHomogeneous=1 BarConvTol=1e-6 OptimalityTol=1e-4 FeasibilityTol=1e-5 OutputFlag=0","0"
"Scen_EU_Low_A_HighRGES_003","EU_HR_A","EU","HR","A","CE003","gurobi","Method=2 TimeLimit=60000 NumericFocus=3 Crossover=0 BarHomogeneous=1 BarConvTol=1e-6 OptimalityTol=1e-4 FeasibilityTol=1e-5 OutputFlag=0","0"
"Scen_EU_Low_A_HighRGES_004","EU_HR_A","EU","HR","A","CE004","gurobi","Method=2 TimeLimit=60000 NumericFocus=3 Crossover=0 BarHomogeneous=1 BarConvTol=1e-6 OptimalityTol=1e-4 FeasibilityTol=1e-5 OutputFlag=0","0"
"Scen_EU_Low_A_HighRGES_005","EU_HR_A","EU","HR","A","CE005","gurobi","Method=2 TimeLimit=60000 NumericFocus=3 Crossover=0 BarHomogeneous=1 BarConvTol=1e-6 OptimalityTol=1e-4 FeasibilityTol=1e-5 OutputFlag=0","0"
"Scen_EU_Low_A_HighRGES_006","EU_HR_A","EU","HR","A","CE006","gurobi","Method=2 TimeLimit=60000 NumericFocus=3 Crossover=0 BarHomogeneous=1 BarConvTol=1e-6 OptimalityTol=1e-4 FeasibilityTol=1e-5 OutputFlag=0","0"
"Scen_EU_Low_A_HighRGES_007","EU_HR_A","EU","HR","A","CE007","gurobi","Method=2 TimeLimit=60000 NumericFocus=3 Crossover=0 BarHomogeneous=1 BarConvTol=1e-6 OptimalityTol=1e-4 FeasibilityTol=1e-5 OutputFlag=0","0"
"Scen_EU_Low_A_HighRGES_008","EU_HR_A","EU","HR","A","CE008","gurobi","Method=2 TimeLimit=60000 NumericFocus=3 Crossover=0 BarHomogeneous=1 BarConvTol=1e-6 OptimalityTol=1e-4 FeasibilityTol=1e-5 OutputFlag=0","0"
"Scen_EU_Low_A_HighRGES_009","EU_HR_A","EU","HR","A","CE009","gurobi","Method=2 TimeLimit=60000 NumericFocus=3 Crossover=0 BarHomogeneous=1 BarConvTol=1e-6 OptimalityTol=1e-4 FeasibilityTol=1e-5 OutputFlag=0","0"
"Scen_EU_Low_A_HighRGES_010","EU_HR_A","EU","HR","A","CE010","gurobi","Method=2 TimeLimit=60000 NumericFocus=3 Crossover=0 BarHomogeneous=1 BarConvTol=1e-6 OptimalityTol=1e-4 FeasibilityTol=1e-5 OutputFlag=0","0"
"Scen_EU_Low_A_HighRGES_011","EU_HR_A","EU","HR","A","CE011","gurobi","Method=2 TimeLimit=60000 NumericFocus=3 Crossover=0 BarHomogeneous=1 BarConvTol=1e-6 OptimalityTol=1e-4 FeasibilityTol=1e-5 OutputFlag=0","0"
"Scen_EU_Low_A_HighRGES_012","EU_HR_A","EU","HR","A","CE012","gurobi","Method=2 TimeLimit=60000 NumericFocus=3 Crossover=0 BarHomogeneous=1 BarConvTol=1e-6 OptimalityTol=1e-4 FeasibilityTol=1e-5 OutputFlag=0","0"
"Scen_EU_Low_A_HighRGES_013","EU_HR_A","EU","HR","A","CE013","gurobi","Method=2 TimeLimit=60000 NumericFocus=3 Crossover=0 BarHomogeneous=1 BarConvTol=1e-6 OptimalityTol=1e-4 FeasibilityTol=1e-5 OutputFlag=0","0"
"Scen_EU_Low_A_HighRGES_014","EU_HR_A","EU","HR","A","CE014","gurobi","Method=2 TimeLimit=60000 NumericFocus=3 Crossover=0 BarHomogeneous=1 BarConvTol=1e-6 OptimalityTol=1e-4 FeasibilityTol=1e-5 OutputFlag=0","0"
"Scen_EU_Low_A_HighRGES_015","EU_HR_A","EU","HR","A","CE015","gurobi","Method=2 TimeLimit=60000 NumericFocus=3 Crossover=0 BarHomogeneous=1 BarConvTol=1e-6 OptimalityTol=1e-4 FeasibilityTol=1e-5 OutputFlag=0","0"
"Scen_EU_Low_C_BaseRGES_000","EU_BR_C","EU","BR","C","CE000","gurobi","Method=2 TimeLimit=60000 NumericFocus=3 Crossover=0 BarHomogeneous=1 BarConvTol=1e-6 OptimalityTol=1e-4 FeasibilityTol=1e-5 OutputFlag=0","0"
"Scen_EU_Low_C_BaseRGES_001","EU_BR_C","EU","BR","C","CE001","gurobi","Method=2 TimeLimit=60000 NumericFocus=3 Crossover=0 BarHomogeneous=1 BarConvTol=1e-6 OptimalityTol=1e-4 FeasibilityTol=1e-5 OutputFlag=0","0"
"Scen_EU_Low_C_BaseRGES_002","EU_BR_C","EU","BR","C","CE002","gurobi","Method=2 TimeLimit=60000 NumericFocus=3 Crossover=0 BarHomogeneous=1 BarConvTol=1e-6 OptimalityTol=1e-4 FeasibilityTol=1e-5 OutputFlag=0","0"
"Scen_EU_Low_C_BaseRGES_003","EU_BR_C","EU","BR","C","CE003","gurobi","Method=2 TimeLimit=60000 NumericFocus=3 Crossover=0 BarHomogeneous=1 BarConvTol=1e-6 OptimalityTol=1e-4 FeasibilityTol=1e-5 OutputFlag=0","0"
"Scen_EU_Low_C_BaseRGES_004","EU_BR_C","EU","BR","C","CE004","gurobi","Method=2 TimeLimit=60000 NumericFocus=3 Crossover=0 BarHomogeneous=1 BarConvTol=1e-6 OptimalityTol=1e-4 FeasibilityTol=1e-5 OutputFlag=0","0"
"Scen_EU_Low_C_BaseRGES_005","EU_BR_C","EU","BR","C","CE005","gurobi","Method=2 TimeLimit=60000 NumericFocus=3 Crossover=0 BarHomogeneous=1 BarConvTol=1e-6 OptimalityTol=1e-4 FeasibilityTol=1e-5 OutputFlag=0","0"
"Scen_EU_Low_C_BaseRGES_006","EU_BR_C","EU","BR","C","CE006","gurobi","Method=2 TimeLimit=60000 NumericFocus=3 Crossover=0 BarHomogeneous=1 BarConvTol=1e-6 OptimalityTol=1e-4 FeasibilityTol=1e-5 OutputFlag=0","0"
"Scen_EU_Low_C_BaseRGES_007","EU_BR_C","EU","BR","C","CE007","gurobi","Method=2 TimeLimit=60000 NumericFocus=3 Crossover=0 BarHomogeneous=1 BarConvTol=1e-6 OptimalityTol=1e-4 FeasibilityTol=1e-5 OutputFlag=0","0"
"Scen_EU_Low_C_BaseRGES_008","EU_BR_C","EU","BR","C","CE008","gurobi","Method=2 TimeLimit=60000 NumericFocus=3 Crossover=0 BarHomogeneous=1 BarConvTol=1e-6 OptimalityTol=1e-4 FeasibilityTol=1e-5 OutputFlag=0","0"
"Scen_EU_Low_C_BaseRGES_009","EU_BR_C","EU","BR","C","CE009","gurobi","Method=2 TimeLimit=60000 NumericFocus=3 Crossover=0 BarHomogeneous=1 BarConvTol=1e-6 OptimalityTol=1e-4 FeasibilityTol=1e-5 OutputFlag=0","0"
"Scen_EU_Low_C_BaseRGES_010","EU_BR_C","EU","BR","C","CE010","gurobi","Method=2 TimeLimit=60000 NumericFocus=3 Crossover=0 BarHomogeneous=1 BarConvTol=1e-6 OptimalityTol=1e-4 FeasibilityTol=1e-5 OutputFlag=0","0"
"Scen_EU_Low_C_BaseRGES_011","EU_BR_C","EU","BR","C","CE011","gurobi","Method=2 TimeLimit=60000 NumericFocus=3 Crossover=0 BarHomogeneous=1 BarConvTol=1e-6 OptimalityTol=1e-4 FeasibilityTol=1e-5 OutputFlag=0","0"
"Scen_EU_Low_C_BaseRGES_012","EU_BR_C","EU","BR","C","CE012","gurobi","Method=2 TimeLimit=60000 NumericFocus=3 Crossover=0 BarHomogeneous=1 BarConvTol=1e-6 OptimalityTol=1e-4 FeasibilityTol=1e-5 OutputFlag=0","0"
"Scen_EU_Low_C_BaseRGES_013","EU_BR_C","EU","BR","C","CE013","gurobi","Method=2 TimeLimit=60000 NumericFocus=3 Crossover=0 BarHomogeneous=1 BarConvTol=1e-6 OptimalityTol=1e-4 FeasibilityTol=1e-5 OutputFlag=0","0"
"Scen_EU_Low_C_BaseRGES_014","EU_BR_C","EU","BR","C","CE014","gurobi","Method=2 TimeLimit=60000 NumericFocus=3 Crossover=0 BarHomogeneous=1 BarConvTol=1e-6 OptimalityTol=1e-4 FeasibilityTol=1e-5 OutputFlag=0","0"
"Scen_EU_Low_C_BaseRGES_015","EU_BR_C","EU","BR","C","CE015","gurobi","Method=2 TimeLimit=60000 NumericFocus=3 Crossover=0 BarHomogeneous=1 BarConvTol=1e-6 OptimalityTol=1e-4 FeasibilityTol=1e-5 OutputFlag=0","0"
"Scen_EU_Low_C_HighRGES_000","EU_HR_C","EU","HR","C","CE000","gurobi","Method=2 TimeLimit=60000 NumericFocus=3 Crossover=0 BarHomogeneous=1 BarConvTol=1e-6 OptimalityTol=1e-4 FeasibilityTol=1e-5 OutputFlag=0","0"
"Scen_EU_Low_C_HighRGES_001","EU_HR_C","EU","HR","C","CE001","gurobi","Method=2 TimeLimit=60000 NumericFocus=3 Crossover=0 BarHomogeneous=1 BarConvTol=1e-6 OptimalityTol=1e-4 FeasibilityTol=1e-5 OutputFlag=0","0"
"Scen_EU_Low_C_HighRGES_002","EU_HR_C","EU","HR","C","CE002","gurobi","Method=2 TimeLimit=60000 NumericFocus=3 Crossover=0 BarHomogeneous=1 BarConvTol=1e-6 OptimalityTol=1e-4 FeasibilityTol=1e-5 OutputFlag=0","0"
"Scen_EU_Low_C_HighRGES_003","EU_HR_C","EU","HR","C","CE003","gurobi","Method=2 TimeLimit=60000 NumericFocus=3 Crossover=0 BarHomogeneous=1 BarConvTol=1e-6 OptimalityTol=1e-4 FeasibilityTol=1e-5 OutputFlag=0","0"
"Scen_EU_Low_C_HighRGES_004","EU_HR_C","EU","HR","C","CE004","gurobi","Method=2 TimeLimit=60000 NumericFocus=3 Crossover=0 BarHomogeneous=1 BarConvTol=1e-6 OptimalityTol=1e-4 FeasibilityTol=1e-5 OutputFlag=0","0"
"Scen_EU_Low_C_HighRGES_005","EU_HR_C","EU","HR","C","CE005","gurobi","Method=2 TimeLimit=60000 NumericFocus=3 Crossover=0 BarHomogeneous=1 BarConvTol=1e-6 OptimalityTol=1e-4 FeasibilityTol=1e-5 OutputFlag=0","0"
"Scen_EU_Low_C_HighRGES_006","EU_HR_C","EU","HR","C","CE006","gurobi","Method=2 TimeLimit=60000 NumericFocus=3 Crossover=0 BarHomogeneous=1 BarConvTol=1e-6 OptimalityTol=1e-4 FeasibilityTol=1e-5 OutputFlag=0","0"
"Scen_EU_Low_C_HighRGES_007","EU_HR_C","EU","HR","C","CE007","gurobi","Method=2 TimeLimit=60000 NumericFocus=3 Crossover=0 BarHomogeneous=1 BarConvTol=1e-6 OptimalityTol=1e-4 FeasibilityTol=1e-5 OutputFlag=0","0"
"Scen_EU_Low_C_HighRGES_008","EU_HR_C","EU","HR","C","CE008","gurobi","Method=2 TimeLimit=60000 NumericFocus=3 Crossover=0 BarHomogeneous=1 BarConvTol=1e-6 OptimalityTol=1e-4 FeasibilityTol=1e-5 OutputFlag=0","0"
"Scen_EU_Low_C_HighRGES_009","EU_HR_C","EU","HR","C","CE009","gurobi","Method=2 TimeLimit=60000 NumericFocus=3 Crossover=0 BarHomogeneous=1 BarConvTol=1e-6 OptimalityTol=1e-4 FeasibilityTol=1e-5 OutputFlag=0","0"
"Scen_EU_Low_C_HighRGES_010","EU_HR_C","EU","HR","C","CE010","gurobi","Method=2 TimeLimit=60000 NumericFocus=3 Crossover=0 BarHomogeneous=1 BarConvTol=1e-6 OptimalityTol=1e-4 FeasibilityTol=1e-5 OutputFlag=0","0"
"Scen_EU_Low_C_HighRGES_011","EU_HR_C","EU","HR","C","CE011","gurobi","Method=2 TimeLimit=60000 NumericFocus=3 Crossover=0 BarHomogeneous=1 BarConvTol=1e-6 OptimalityTol=1e-4 FeasibilityTol=1e-5 OutputFlag=0","0"
"Scen_EU_Low_C_HighRGES_012","EU_HR_C","EU","HR","C","CE012","gurobi","Method=2 TimeLimit=60000 NumericFocus=3 Crossover=0 BarHomogeneous=1 BarConvTol=1e-6 OptimalityTol=1e-4 FeasibilityTol=1e-5 OutputFlag=0","0"
"Scen_EU_Low_C_HighRGES_013","EU_HR_C","EU","HR","C","CE013","gurobi","Method=2 TimeLimit=60000 NumericFocus=3 Crossover=0 BarHomogeneous=1 BarConvTol=1e-6 OptimalityTol=1e-4 FeasibilityTol=1e-5 OutputFlag=0","0"
"Scen_EU_Low_C_HighRGES_014","EU_HR_C","EU","HR","C","CE014","gurobi","Method=2 TimeLimit=60000 NumericFocus=3 Crossover=0 BarHomogeneous=1 BarConvTol=1e-6 OptimalityTol=1e-4 FeasibilityTol=1e-5 OutputFlag=0","0"
"Scen_EU_Low_C_HighRGES_015","EU_HR_C","EU","HR","C","CE015","gurobi","Method=2 TimeLimit=60000 NumericFocus=3 Crossover=0 BarHomogeneous=1 BarConvTol=1e-6 OptimalityTol=1e-4 FeasibilityTol=1e-5 OutputFlag=0","0"
"Scen_EU_Low_M_BaseRGES_000","EU_BR_M","EU","BR","M","CE000","gurobi","Method=2 TimeLimit=60000 NumericFocus=3 Crossover=0 BarHomogeneous=1 BarConvTol=1e-6 OptimalityTol=1e-4 FeasibilityTol=1e-5 OutputFlag=0","0"
"Scen_EU_Low_M_BaseRGES_001","EU_BR_M","EU","BR","M","CE001","gurobi","Method=2 TimeLimit=60000 NumericFocus=3 Crossover=0 BarHomogeneous=1 BarConvTol=1e-6 OptimalityTol=1e-4 FeasibilityTol=1e-5 OutputFlag=0","0"
"Scen_EU_Low_M_BaseRGES_002","EU_BR_M","EU","BR","M","CE002","gurobi","Method=2 TimeLimit=60000 NumericFocus=3 Crossover=0 BarHomogeneous=1 BarConvTol=1e-6 OptimalityTol=1e-4 FeasibilityTol=1e-5 OutputFlag=0","0"
"Scen_EU_Low_M_BaseRGES_003","EU_BR_M","EU","BR","M","CE003","gurobi","Method=2 TimeLimit=60000 NumericFocus=3 Crossover=0 BarHomogeneous=1 BarConvTol=1e-6 OptimalityTol=1e-4 FeasibilityTol=1e-5 OutputFlag=0","0"
"Scen_EU_Low_M_BaseRGES_004","EU_BR_M","EU","BR","M","CE004","gurobi","Method=2 TimeLimit=60000 NumericFocus=3 Crossover=0 BarHomogeneous=1 BarConvTol=1e-6 OptimalityTol=1e-4 FeasibilityTol=1e-5 OutputFlag=0","0"
"Scen_EU_Low_M_BaseRGES_005","EU_BR_M","EU","BR","M","CE005","gurobi","Method=2 TimeLimit=60000 NumericFocus=3 Crossover=0 BarHomogeneous=1 BarConvTol=1e-6 OptimalityTol=1e-4 FeasibilityTol=1e-5 OutputFlag=0","0"
"Scen_EU_Low_M_BaseRGES_006","EU_BR_M","EU","BR","M","CE006","gurobi","Method=2 TimeLimit=60000 NumericFocus=3 Crossover=0 BarHomogeneous=1 BarConvTol=1e-6 OptimalityTol=1e-4 FeasibilityTol=1e-5 OutputFlag=0","0"
"Scen_EU_Low_M_BaseRGES_007","EU_BR_M","EU","BR","M","CE007","gurobi","Method=2 TimeLimit=60000 NumericFocus=3 Crossover=0 BarHomogeneous=1 BarConvTol=1e-6 OptimalityTol=1e-4 FeasibilityTol=1e-5 OutputFlag=0","0"
"Scen_EU_Low_M_BaseRGES_008","EU_BR_M","EU","BR","M","CE008","gurobi","Method=2 TimeLimit=60000 NumericFocus=3 Crossover=0 BarHomogeneous=1 BarConvTol=1e-6 OptimalityTol=1e-4 FeasibilityTol=1e-5 OutputFlag=0","0"
"Scen_EU_Low_M_BaseRGES_009","EU_BR_M","EU","BR","M","CE009","gurobi","Method=2 TimeLimit=60000 NumericFocus=3 Crossover=0 BarHomogeneous=1 BarConvTol=1e-6 OptimalityTol=1e-4 FeasibilityTol=1e-5 OutputFlag=0","0"
"Scen_EU_Low_M_BaseRGES_010","EU_BR_M","EU","BR","M","CE010","gurobi","Method=2 TimeLimit=60000 NumericFocus=3 Crossover=0 BarHomogeneous=1 BarConvTol=1e-6 OptimalityTol=1e-4 FeasibilityTol=1e-5 OutputFlag=0","0"
"Scen_EU_Low_M_BaseRGES_011","EU_BR_M","EU","BR","M","CE011","gurobi","Method=2 TimeLimit=60000 NumericFocus=3 Crossover=0 BarHomogeneous=1 BarConvTol=1e-6 OptimalityTol=1e-4 FeasibilityTol=1e-5 OutputFlag=0","0"
"Scen_EU_Low_M_BaseRGES_012","EU_BR_M","EU","BR","M","CE012","gurobi","Method=2 TimeLimit=60000 NumericFocus=3 Crossover=0 BarHomogeneous=1 BarConvTol=1e-6 OptimalityTol=1e-4 FeasibilityTol=1e-5 OutputFlag=0","0"
"Scen_EU_Low_M_BaseRGES_013","EU_BR_M","EU","BR","M","CE013","gurobi","Method=2 TimeLimit=60000 NumericFocus=3 Crossover=0 BarHomogeneous=1 BarConvTol=1e-6 OptimalityTol=1e-4 FeasibilityTol=1e-5 OutputFlag=0","0"
"Scen_EU_Low_M_BaseRGES_014","EU_BR_M","EU","BR","M","CE014","gurobi","Method=2 TimeLimit=60000 NumericFocus=3 Crossover=0 BarHomogeneous=1 BarConvTol=1e-6 OptimalityTol=1e-4 FeasibilityTol=1e-5 OutputFlag=0","0"
"Scen_EU_Low_M_BaseRGES_015","EU_BR_M","EU","BR","M","CE015","gurobi","Method=2 TimeLimit=60000 NumericFocus=3 Crossover=0 BarHomogeneous=1 BarConvTol=1e-6 OptimalityTol=1e-4 FeasibilityTol=1e-5 OutputFlag=0","0"
"Scen_EU_Low_M_HighRGES_000","EU_HR_M","EU","HR","M","CE000","gurobi","Method=2 TimeLimit=60000 NumericFocus=3 Crossover=0 BarHomogeneous=1 BarConvTol=1e-6 OptimalityTol=1e-4 FeasibilityTol=1e-5 OutputFlag=0","0"
"Scen_EU_Low_M_HighRGES_001","EU_HR_M","EU","HR","M","CE001","gurobi","Method=2 TimeLimit=60000 NumericFocus=3 Crossover=0 BarHomogeneous=1 BarConvTol=1e-6 OptimalityTol=1e-4 FeasibilityTol=1e-5 OutputFlag=0","0"
"Scen_EU_Low_M_HighRGES_002","EU_HR_M","EU","HR","M","CE002","gurobi","Method=2 TimeLimit=60000 NumericFocus=3 Crossover=0 BarHomogeneous=1 BarConvTol=1e-6 OptimalityTol=1e-4 FeasibilityTol=1e-5 OutputFlag=0","0"
"Scen_EU_Low_M_HighRGES_003","EU_HR_M","EU","HR","M","CE003","gurobi","Method=2 TimeLimit=60000 NumericFocus=3 Crossover=0 BarHomogeneous=1 BarConvTol=1e-6 OptimalityTol=1e-4 FeasibilityTol=1e-5 OutputFlag=0","0"
"Scen_EU_Low_M_HighRGES_004","EU_HR_M","EU","HR","M","CE004","gurobi","Method=2 TimeLimit=60000 NumericFocus=3 Crossover=0 BarHomogeneous=1 BarConvTol=1e-6 OptimalityTol=1e-4 FeasibilityTol=1e-5 OutputFlag=0","0"
"Scen_EU_Low_M_HighRGES_005","EU_HR_M","EU","HR","M","CE005","gurobi","Method=2 TimeLimit=60000 NumericFocus=3 Crossover=0 BarHomogeneous=1 BarConvTol=1e-6 OptimalityTol=1e-4 FeasibilityTol=1e-5 OutputFlag=0","0"
"Scen_EU_Low_M_HighRGES_006","EU_HR_M","EU","HR","M","CE006","gurobi","Method=2 TimeLimit=60000 NumericFocus=3 Crossover=0 BarHomogeneous=1 BarConvTol=1e-6 OptimalityTol=1e-4 FeasibilityTol=1e-5 OutputFlag=0","0"
"Scen_EU_Low_M_HighRGES_007","EU_HR_M","EU","HR","M","CE007","gurobi","Method=2 TimeLimit=60000 NumericFocus=3 Crossover=0 BarHomogeneous=1 BarConvTol=1e-6 OptimalityTol=1e-4 FeasibilityTol=1e-5 OutputFlag=0","0"
"Scen_EU_Low_M_HighRGES_008","EU_HR_M","EU","HR","M","CE008","gurobi","Method=2 TimeLimit=60000 NumericFocus=3 Crossover=0 BarHomogeneous=1 BarConvTol=1e-6 OptimalityTol=1e-4 FeasibilityTol=1e-5 OutputFlag=0","0"
"Scen_EU_Low_M_HighRGES_009","EU_HR_M","EU","HR","M","CE009","gurobi","Method=2 TimeLimit=60000 NumericFocus=3 Crossover=0 BarHomogeneous=1 BarConvTol=1e-6 OptimalityTol=1e-4 FeasibilityTol=1e-5 OutputFlag=0","0"
"Scen_EU_Low_M_HighRGES_010","EU_HR_M","EU","HR","M","CE010","gurobi","Method=2 TimeLimit=60000 NumericFocus=3 Crossover=0 BarHomogeneous=1 BarConvTol=1e-6 OptimalityTol=1e-4 FeasibilityTol=1e-5 OutputFlag=0","0"
"Scen_EU_Low_M_HighRGES_011","EU_HR_M","EU","HR","M","CE011","gurobi","Method=2 TimeLimit=60000 NumericFocus=3 Crossover=0 BarHomogeneous=1 BarConvTol=1e-6 OptimalityTol=1e-4 FeasibilityTol=1e-5 OutputFlag=0","0"
"Scen_EU_Low_M_HighRGES_012","EU_HR_M","EU","HR","M","CE012","gurobi","Method=2 TimeLimit=60000 NumericFocus=3 Crossover=0 BarHomogeneous=1 BarConvTol=1e-6 OptimalityTol=1e-4 FeasibilityTol=1e-5 OutputFlag=0","0"
"Scen_EU_Low_M_HighRGES_013","EU_HR_M","EU","HR","M","CE013","gurobi","Method=2 TimeLimit=60000 NumericFocus=3 Crossover=0 BarHomogeneous=1 BarConvTol=1e-6 OptimalityTol=1e-4 FeasibilityTol=1e-5 OutputFlag=0","0"
"Scen_EU_Low_M_HighRGES_014","EU_HR_M","EU","HR","M","CE014","gurobi","Method=2 TimeLimit=60000 NumericFocus=3 Crossover=0 BarHomogeneous=1 BarConvTol=1e-6 OptimalityTol=1e-4 FeasibilityTol=1e-5 OutputFlag=0","0"
"Scen_EU_Low_M_HighRGES_015","EU_HR_M","EU","HR","M","CE015","gurobi","Method=2 TimeLimit=60000 NumericFocus=3 Crossover=0 BarHomogeneous=1 BarConvTol=1e-6 OptimalityTol=1e-4 FeasibilityTol=1e-5 OutputFlag=0","0"
"Scen_EU_Low_A_BaseRGES_105","EU_BR_A","EU","BR","A","CE105","gurobi","Method=2 TimeLimit=60000 NumericFocus=3 Crossover=0 BarHomogeneous=1 BarConvTol=1e-6 OptimalityTol=1e-4 FeasibilityTol=1e-5 OutputFlag=0","0"
"Scen_EU_Low_A_HighRGES_105","EU_HR_A","EU","HR","A","CE105","gurobi","Method=2 TimeLimit=60000 NumericFocus=3 Crossover=0 BarHomogeneous=1 BarConvTol=1e-6 OptimalityTol=1e-4 FeasibilityTol=1e-5 OutputFlag=0","0"
"Scen_EU_Low_C_BaseRGES_105","EU_BR_C","EU","BR","C","CE105","gurobi","Method=2 TimeLimit=60000 NumericFocus=3 Crossover=0 BarHomogeneous=1 BarConvTol=1e-6 OptimalityTol=1e-4 FeasibilityTol=1e-5 OutputFlag=0","0"
"Scen_EU_Low_C_HighRGES_105","EU_HR_C","EU","HR","C","CE105","gurobi","Method=2 TimeLimit=60000 NumericFocus=3 Crossover=0 BarHomogeneous=1 BarConvTol=1e-6 OptimalityTol=1e-4 FeasibilityTol=1e-5 OutputFlag=0","0"
"Scen_EU_Low_M_BaseRGES_105","EU_BR_M","EU","BR","M","CE105","gurobi","Method=2 TimeLimit=60000 NumericFocus=3 Crossover=0 BarHomogeneous=1 BarConvTol=1e-6 OptimalityTol=1e-4 FeasibilityTol=1e-5 OutputFlag=0","0"
"Scen_EU_Low_M_HighRGES_105","EU_HR_M","EU","HR","M","CE105","gurobi","Method=2 TimeLimit=60000 NumericFocus=3 Crossover=0 BarHomogeneous=1 BarConvTol=1e-6 OptimalityTol=1e-4 FeasibilityTol=1e-5 OutputFlag=0","0"
"Scen_IN_Low_A_NoRGES","IN_NR_A","IN","NR","A","BASELINE","gurobi","Method=2 TimeLimit=60000 NumericFocus=3 Crossover=0 BarHomogeneous=1 BarConvTol=1e-6 OptimalityTol=1e-4 FeasibilityTol=1e-5 OutputFlag=0","0"
"Scen_IN_Low_C_NoRGES","IN_NR_C","IN","NR","C","BASELINE","gurobi","Method=2 TimeLimit=60000 NumericFocus=3 Crossover=0 BarHomogeneous=1 BarConvTol=1e-6 OptimalityTol=1e-4 FeasibilityTol=1e-5 OutputFlag=0","0"
"Scen_IN_Low_M_NoRGES","IN_NR_M","IN","NR","M","BASELINE","gurobi","Method=2 TimeLimit=60000 NumericFocus=3 Crossover=0 BarHomogeneous=1 BarConvTol=1e-6 OptimalityTol=1e-4 FeasibilityTol=1e-5 OutputFlag=0","0"
"Scen_IN_Low_A_BaseRGES_000","IN_BR_A","IN","BR","A","CE000","gurobi","Method=2 TimeLimit=60000 NumericFocus=3 Crossover=0 BarHomogeneous=1 BarConvTol=1e-6 OptimalityTol=1e-4 FeasibilityTol=1e-5 OutputFlag=0","0"
"Scen_IN_Low_A_BaseRGES_001","IN_BR_A","IN","BR","A","CE001","gurobi","Method=2 TimeLimit=60000 NumericFocus=3 Crossover=0 BarHomogeneous=1 BarConvTol=1e-6 OptimalityTol=1e-4 FeasibilityTol=1e-5 OutputFlag=0","0"
"Scen_IN_Low_A_BaseRGES_002","IN_BR_A","IN","BR","A","CE002","gurobi","Method=2 TimeLimit=60000 NumericFocus=3 Crossover=0 BarHomogeneous=1 BarConvTol=1e-6 OptimalityTol=1e-4 FeasibilityTol=1e-5 OutputFlag=0","0"
"Scen_IN_Low_A_BaseRGES_003","IN_BR_A","IN","BR","A","CE003","gurobi","Method=2 TimeLimit=60000 NumericFocus=3 Crossover=0 BarHomogeneous=1 BarConvTol=1e-6 OptimalityTol=1e-4 FeasibilityTol=1e-5 OutputFlag=0","0"
"Scen_IN_Low_A_BaseRGES_004","IN_BR_A","IN","BR","A","CE004","gurobi","Method=2 TimeLimit=60000 NumericFocus=3 Crossover=0 BarHomogeneous=1 BarConvTol=1e-6 OptimalityTol=1e-4 FeasibilityTol=1e-5 OutputFlag=0","0"
"Scen_IN_Low_A_BaseRGES_005","IN_BR_A","IN","BR","A","CE005","gurobi","Method=2 TimeLimit=60000 NumericFocus=3 Crossover=0 BarHomogeneous=1 BarConvTol=1e-6 OptimalityTol=1e-4 FeasibilityTol=1e-5 OutputFlag=0","0"
"Scen_IN_Low_A_BaseRGES_006","IN_BR_A","IN","BR","A","CE006","gurobi","Method=2 TimeLimit=60000 NumericFocus=3 Crossover=0 BarHomogeneous=1 BarConvTol=1e-6 OptimalityTol=1e-4 FeasibilityTol=1e-5 OutputFlag=0","0"
"Scen_IN_Low_A_BaseRGES_007","IN_BR_A","IN","BR","A","CE007","gurobi","Method=2 TimeLimit=60000 NumericFocus=3 Crossover=0 BarHomogeneous=1 BarConvTol=1e-6 OptimalityTol=1e-4 FeasibilityTol=1e-5 OutputFlag=0","0"
"Scen_IN_Low_A_BaseRGES_008","IN_BR_A","IN","BR","A","CE008","gurobi","Method=2 TimeLimit=60000 NumericFocus=3 Crossover=0 BarHomogeneous=1 BarConvTol=1e-6 OptimalityTol=1e-4 FeasibilityTol=1e-5 OutputFlag=0","0"
"Scen_IN_Low_A_BaseRGES_009","IN_BR_A","IN","BR","A","CE009","gurobi","Method=2 TimeLimit=60000 NumericFocus=3 Crossover=0 BarHomogeneous=1 BarConvTol=1e-6 OptimalityTol=1e-4 FeasibilityTol=1e-5 OutputFlag=0","0"
"Scen_IN_Low_A_BaseRGES_010","IN_BR_A","IN","BR","A","CE010","gurobi","Method=2 TimeLimit=60000 NumericFocus=3 Crossover=0 BarHomogeneous=1 BarConvTol=1e-6 OptimalityTol=1e-4 FeasibilityTol=1e-5 OutputFlag=0","0"
"Scen_IN_Low_A_BaseRGES_011","IN_BR_A","IN","BR","A","CE011","gurobi","Method=2 TimeLimit=60000 NumericFocus=3 Crossover=0 BarHomogeneous=1 BarConvTol=1e-6 OptimalityTol=1e-4 FeasibilityTol=1e-5 OutputFlag=0","0"
"Scen_IN_Low_A_BaseRGES_012","IN_BR_A","IN","BR","A","CE012","gurobi","Method=2 TimeLimit=60000 NumericFocus=3 Crossover=0 BarHomogeneous=1 BarConvTol=1e-6 OptimalityTol=1e-4 FeasibilityTol=1e-5 OutputFlag=0","0"
"Scen_IN_Low_A_BaseRGES_013","IN_BR_A","IN","BR","A","CE013","gurobi","Method=2 TimeLimit=60000 NumericFocus=3 Crossover=0 BarHomogeneous=1 BarConvTol=1e-6 OptimalityTol=1e-4 FeasibilityTol=1e-5 OutputFlag=0","0"
"Scen_IN_Low_A_BaseRGES_014","IN_BR_A","IN","BR","A","CE014","gurobi","Method=2 TimeLimit=60000 NumericFocus=3 Crossover=0 BarHomogeneous=1 BarConvTol=1e-6 OptimalityTol=1e-4 FeasibilityTol=1e-5 OutputFlag=0","0"
"Scen_IN_Low_A_BaseRGES_015","IN_BR_A","IN","BR","A","CE015","gurobi","Method=2 TimeLimit=60000 NumericFocus=3 Crossover=0 BarHomogeneous=1 BarConvTol=1e-6 OptimalityTol=1e-4 FeasibilityTol=1e-5 OutputFlag=0","0"
"Scen_IN_Low_A_HighRGES_000","IN_HR_A","IN","HR","A","CE000","gurobi","Method=2 TimeLimit=60000 NumericFocus=3 Crossover=0 BarHomogeneous=1 BarConvTol=1e-6 OptimalityTol=1e-4 FeasibilityTol=1e-5 OutputFlag=0","0"
"Scen_IN_Low_A_HighRGES_001","IN_HR_A","IN","HR","A","CE001","gurobi","Method=2 TimeLimit=60000 NumericFocus=3 Crossover=0 BarHomogeneous=1 BarConvTol=1e-6 OptimalityTol=1e-4 FeasibilityTol=1e-5 OutputFlag=0","0"
"Scen_IN_Low_A_HighRGES_002","IN_HR_A","IN","HR","A","CE002","gurobi","Method=2 TimeLimit=60000 NumericFocus=3 Crossover=0 BarHomogeneous=1 BarConvTol=1e-6 OptimalityTol=1e-4 FeasibilityTol=1e-5 OutputFlag=0","0"
"Scen_IN_Low_A_HighRGES_003","IN_HR_A","IN","HR","A","CE003","gurobi","Method=2 TimeLimit=60000 NumericFocus=3 Crossover=0 BarHomogeneous=1 BarConvTol=1e-6 OptimalityTol=1e-4 FeasibilityTol=1e-5 OutputFlag=0","0"
"Scen_IN_Low_A_HighRGES_004","IN_HR_A","IN","HR","A","CE004","gurobi","Method=2 TimeLimit=60000 NumericFocus=3 Crossover=0 BarHomogeneous=1 BarConvTol=1e-6 OptimalityTol=1e-4 FeasibilityTol=1e-5 OutputFlag=0","0"
"Scen_IN_Low_A_HighRGES_005","IN_HR_A","IN","HR","A","CE005","gurobi","Method=2 TimeLimit=60000 NumericFocus=3 Crossover=0 BarHomogeneous=1 BarConvTol=1e-6 OptimalityTol=1e-4 FeasibilityTol=1e-5 OutputFlag=0","0"
"Scen_IN_Low_A_HighRGES_006","IN_HR_A","IN","HR","A","CE006","gurobi","Method=2 TimeLimit=60000 NumericFocus=3 Crossover=0 BarHomogeneous=1 BarConvTol=1e-6 OptimalityTol=1e-4 FeasibilityTol=1e-5 OutputFlag=0","0"
"Scen_IN_Low_A_HighRGES_007","IN_HR_A","IN","HR","A","CE007","gurobi","Method=2 TimeLimit=60000 NumericFocus=3 Crossover=0 BarHomogeneous=1 BarConvTol=1e-6 OptimalityTol=1e-4 FeasibilityTol=1e-5 OutputFlag=0","0"
"Scen_IN_Low_A_HighRGES_008","IN_HR_A","IN","HR","A","CE008","gurobi","Method=2 TimeLimit=60000 NumericFocus=3 Crossover=0 BarHomogeneous=1 BarConvTol=1e-6 OptimalityTol=1e-4 FeasibilityTol=1e-5 OutputFlag=0","0"
"Scen_IN_Low_A_HighRGES_009","IN_HR_A","IN","HR","A","CE009","gurobi","Method=2 TimeLimit=60000 NumericFocus=3 Crossover=0 BarHomogeneous=1 BarConvTol=1e-6 OptimalityTol=1e-4 FeasibilityTol=1e-5 OutputFlag=0","0"
"Scen_IN_Low_A_HighRGES_010","IN_HR_A","IN","HR","A","CE010","gurobi","Method=2 TimeLimit=60000 NumericFocus=3 Crossover=0 BarHomogeneous=1 BarConvTol=1e-6 OptimalityTol=1e-4 FeasibilityTol=1e-5 OutputFlag=0","0"
"Scen_IN_Low_A_HighRGES_011","IN_HR_A","IN","HR","A","CE011","gurobi","Method=2 TimeLimit=60000 NumericFocus=3 Crossover=0 BarHomogeneous=1 BarConvTol=1e-6 OptimalityTol=1e-4 FeasibilityTol=1e-5 OutputFlag=0","0"
"Scen_IN_Low_A_HighRGES_012","IN_HR_A","IN","HR","A","CE012","gurobi","Method=2 TimeLimit=60000 NumericFocus=3 Crossover=0 BarHomogeneous=1 BarConvTol=1e-6 OptimalityTol=1e-4 FeasibilityTol=1e-5 OutputFlag=0","0"
"Scen_IN_Low_A_HighRGES_013","IN_HR_A","IN","HR","A","CE013","gurobi","Method=2 TimeLimit=60000 NumericFocus=3 Crossover=1 BarHomogeneous=1 BarConvTol=1e-6 OptimalityTol=1e-4 FeasibilityTol=1e-5 OutputFlag=0","1"
"Scen_IN_Low_A_HighRGES_014","IN_HR_A","IN","HR","A","CE014","gurobi","Method=2 TimeLimit=60000 NumericFocus=3 Crossover=0 BarHomogeneous=1 BarConvTol=1e-6 OptimalityTol=1e-4 FeasibilityTol=1e-5 OutputFlag=0","0"
"Scen_IN_Low_A_HighRGES_015","IN_HR_A","IN","HR","A","CE015","gurobi","Method=2 TimeLimit=60000 NumericFocus=3 Crossover=0 BarHomogeneous=1 BarConvTol=1e-6 OptimalityTol=1e-4 FeasibilityTol=1e-5 OutputFlag=0","0"
"Scen_IN_Low_C_BaseRGES_000","IN_BR_C","IN","BR","C","CE000","gurobi","Method=2 TimeLimit=60000 NumericFocus=3 Crossover=0 BarHomogeneous=1 BarConvTol=1e-6 OptimalityTol=1e-4 FeasibilityTol=1e-5 OutputFlag=0","0"
"Scen_IN_Low_C_BaseRGES_001","IN_BR_C","IN","BR","C","CE001","gurobi","Method=2 TimeLimit=60000 NumericFocus=3 Crossover=0 BarHomogeneous=1 BarConvTol=1e-6 OptimalityTol=1e-4 FeasibilityTol=1e-5 OutputFlag=0","0"
"Scen_IN_Low_C_BaseRGES_002","IN_BR_C","IN","BR","C","CE002","gurobi","Method=2 TimeLimit=60000 NumericFocus=3 Crossover=0 BarHomogeneous=1 BarConvTol=1e-6 OptimalityTol=1e-4 FeasibilityTol=1e-5 OutputFlag=0","0"
"Scen_IN_Low_C_BaseRGES_003","IN_BR_C","IN","BR","C","CE003","gurobi","Method=2 TimeLimit=60000 NumericFocus=3 Crossover=0 BarHomogeneous=1 BarConvTol=1e-6 OptimalityTol=1e-4 FeasibilityTol=1e-5 OutputFlag=0","0"
"Scen_IN_Low_C_BaseRGES_004","IN_BR_C","IN","BR","C","CE004","gurobi","Method=2 TimeLimit=60000 NumericFocus=3 Crossover=0 BarHomogeneous=1 BarConvTol=1e-6 OptimalityTol=1e-4 FeasibilityTol=1e-5 OutputFlag=0","0"
"Scen_IN_Low_C_BaseRGES_005","IN_BR_C","IN","BR","C","CE005","gurobi","Method=2 TimeLimit=60000 NumericFocus=3 Crossover=0 BarHomogeneous=1 BarConvTol=1e-6 OptimalityTol=1e-4 FeasibilityTol=1e-5 OutputFlag=0","0"
"Scen_IN_Low_C_BaseRGES_006","IN_BR_C","IN","BR","C","CE006","gurobi","Method=2 TimeLimit=60000 NumericFocus=3 Crossover=0 BarHomogeneous=1 BarConvTol=1e-6 OptimalityTol=1e-4 FeasibilityTol=1e-5 OutputFlag=0","0"
"Scen_IN_Low_C_BaseRGES_007","IN_BR_C","IN","BR","C","CE007","gurobi","Method=2 TimeLimit=60000 NumericFocus=3 Crossover=1 BarHomogeneous=1 BarConvTol=1e-6 OptimalityTol=1e-4 FeasibilityTol=1e-5 OutputFlag=0","1"
"Scen_IN_Low_C_BaseRGES_008","IN_BR_C","IN","BR","C","CE008","gurobi","Method=2 TimeLimit=60000 NumericFocus=3 Crossover=0 BarHomogeneous=1 BarConvTol=1e-6 OptimalityTol=1e-4 FeasibilityTol=1e-5 OutputFlag=0","0"
"Scen_IN_Low_C_BaseRGES_009","IN_BR_C","IN","BR","C","CE009","gurobi","Method=2 TimeLimit=60000 NumericFocus=3 Crossover=0 BarHomogeneous=1 BarConvTol=1e-6 OptimalityTol=1e-4 FeasibilityTol=1e-5 OutputFlag=0","0"
"Scen_IN_Low_C_BaseRGES_010","IN_BR_C","IN","BR","C","CE010","gurobi","Method=2 TimeLimit=60000 NumericFocus=3 Crossover=0 BarHomogeneous=1 BarConvTol=1e-6 OptimalityTol=1e-4 FeasibilityTol=1e-5 OutputFlag=0","0"
"Scen_IN_Low_C_BaseRGES_011","IN_BR_C","IN","BR","C","CE011","gurobi","Method=2 TimeLimit=60000 NumericFocus=3 Crossover=0 BarHomogeneous=1 BarConvTol=1e-6 OptimalityTol=1e-4 FeasibilityTol=1e-5 OutputFlag=0","0"
"Scen_IN_Low_C_BaseRGES_012","IN_BR_C","IN","BR","C","CE012","gurobi","Method=2 TimeLimit=60000 NumericFocus=3 Crossover=0 BarHomogeneous=1 BarConvTol=1e-6 OptimalityTol=1e-4 FeasibilityTol=1e-5 OutputFlag=0","0"
"Scen_IN_Low_C_BaseRGES_013","IN_BR_C","IN","BR","C","CE013","gurobi","Method=2 TimeLimit=60000 NumericFocus=3 Crossover=0 BarHomogeneous=1 BarConvTol=1e-6 OptimalityTol=1e-4 FeasibilityTol=1e-5 OutputFlag=0","0"
"Scen_IN_Low_C_BaseRGES_014","IN_BR_C","IN","BR","C","CE014","gurobi","Method=2 TimeLimit=60000 NumericFocus=3 Crossover=0 BarHomogeneous=1 BarConvTol=1e-6 OptimalityTol=1e-4 FeasibilityTol=1e-5 OutputFlag=0","0"
"Scen_IN_Low_C_BaseRGES_015","IN_BR_C","IN","BR","C","CE015","gurobi","Method=2 TimeLimit=60000 NumericFocus=3 Crossover=0 BarHomogeneous=1 BarConvTol=1e-6 OptimalityTol=1e-4 FeasibilityTol=1e-5 OutputFlag=0","0"
"Scen_IN_Low_C_HighRGES_000","IN_HR_C","IN","HR","C","CE000","gurobi","Method=2 TimeLimit=60000 NumericFocus=3 Crossover=0 BarHomogeneous=1 BarConvTol=1e-6 OptimalityTol=1e-4 FeasibilityTol=1e-5 OutputFlag=0","0"
"Scen_IN_Low_C_HighRGES_001","IN_HR_C","IN","HR","C","CE001","gurobi","Method=2 TimeLimit=60000 NumericFocus=3 Crossover=0 BarHomogeneous=1 BarConvTol=1e-6 OptimalityTol=1e-4 FeasibilityTol=1e-5 OutputFlag=0","0"
"Scen_IN_Low_C_HighRGES_002","IN_HR_C","IN","HR","C","CE002","gurobi","Method=2 TimeLimit=60000 NumericFocus=3 Crossover=0 BarHomogeneous=1 BarConvTol=1e-6 OptimalityTol=1e-4 FeasibilityTol=1e-5 OutputFlag=0","0"
"Scen_IN_Low_C_HighRGES_003","IN_HR_C","IN","HR","C","CE003","gurobi","Method=2 TimeLimit=60000 NumericFocus=3 Crossover=0 BarHomogeneous=1 BarConvTol=1e-6 OptimalityTol=1e-4 FeasibilityTol=1e-5 OutputFlag=0","0"
"Scen_IN_Low_C_HighRGES_004","IN_HR_C","IN","HR","C","CE004","gurobi","Method=2 TimeLimit=60000 NumericFocus=3 Crossover=0 BarHomogeneous=1 BarConvTol=1e-6 OptimalityTol=1e-4 FeasibilityTol=1e-5 OutputFlag=0","0"
"Scen_IN_Low_C_HighRGES_005","IN_HR_C","IN","HR","C","CE005","gurobi","Method=2 TimeLimit=60000 NumericFocus=3 Crossover=0 BarHomogeneous=1 BarConvTol=1e-6 OptimalityTol=1e-4 FeasibilityTol=1e-5 OutputFlag=0","0"
"Scen_IN_Low_C_HighRGES_006","IN_HR_C","IN","HR","C","CE006","gurobi","Method=2 TimeLimit=60000 NumericFocus=3 Crossover=0 BarHomogeneous=1 BarConvTol=1e-6 OptimalityTol=1e-4 FeasibilityTol=1e-5 OutputFlag=0","0"
"Scen_IN_Low_C_HighRGES_007","IN_HR_C","IN","HR","C","CE007","gurobi","Method=2 TimeLimit=60000 NumericFocus=3 Crossover=0 BarHomogeneous=1 BarConvTol=1e-6 OptimalityTol=1e-4 FeasibilityTol=1e-5 OutputFlag=0","0"
"Scen_IN_Low_C_HighRGES_008","IN_HR_C","IN","HR","C","CE008","gurobi","Method=2 TimeLimit=60000 NumericFocus=3 Crossover=0 BarHomogeneous=1 BarConvTol=1e-6 OptimalityTol=1e-4 FeasibilityTol=1e-5 OutputFlag=0","0"
"Scen_IN_Low_C_HighRGES_009","IN_HR_C","IN","HR","C","CE009","gurobi","Method=2 TimeLimit=60000 NumericFocus=3 Crossover=0 BarHomogeneous=1 BarConvTol=1e-6 OptimalityTol=1e-4 FeasibilityTol=1e-5 OutputFlag=0","0"
"Scen_IN_Low_C_HighRGES_010","IN_HR_C","IN","HR","C","CE010","gurobi","Method=2 TimeLimit=60000 NumericFocus=3 Crossover=0 BarHomogeneous=1 BarConvTol=1e-6 OptimalityTol=1e-4 FeasibilityTol=1e-5 OutputFlag=0","0"
"Scen_IN_Low_C_HighRGES_011","IN_HR_C","IN","HR","C","CE011","gurobi","Method=2 TimeLimit=60000 NumericFocus=3 Crossover=0 BarHomogeneous=1 BarConvTol=1e-6 OptimalityTol=1e-4 FeasibilityTol=1e-5 OutputFlag=0","0"
"Scen_IN_Low_C_HighRGES_012","IN_HR_C","IN","HR","C","CE012","gurobi","Method=2 TimeLimit=60000 NumericFocus=3 Crossover=0 BarHomogeneous=1 BarConvTol=1e-6 OptimalityTol=1e-4 FeasibilityTol=1e-5 OutputFlag=0","0"
"Scen_IN_Low_C_HighRGES_013","IN_HR_C","IN","HR","C","CE013","gurobi","Method=2 TimeLimit=60000 NumericFocus=3 Crossover=0 BarHomogeneous=1 BarConvTol=1e-6 OptimalityTol=1e-4 FeasibilityTol=1e-5 OutputFlag=0","0"
"Scen_IN_Low_C_HighRGES_014","IN_HR_C","IN","HR","C","CE014","gurobi","Method=2 TimeLimit=60000 NumericFocus=3 Crossover=0 BarHomogeneous=1 BarConvTol=1e-6 OptimalityTol=1e-4 FeasibilityTol=1e-5 OutputFlag=0","0"
"Scen_IN_Low_C_HighRGES_015","IN_HR_C","IN","HR","C","CE015","gurobi","Method=2 TimeLimit=60000 NumericFocus=3 Crossover=0 BarHomogeneous=1 BarConvTol=1e-6 OptimalityTol=1e-4 FeasibilityTol=1e-5 OutputFlag=0","0"
"Scen_IN_Low_M_BaseRGES_000","IN_BR_M","IN","BR","M","CE000","gurobi","Method=2 TimeLimit=60000 NumericFocus=3 Crossover=0 BarHomogeneous=1 BarConvTol=1e-6 OptimalityTol=1e-4 FeasibilityTol=1e-5 OutputFlag=0","0"
"Scen_IN_Low_M_BaseRGES_001","IN_BR_M","IN","BR","M","CE001","gurobi","Method=2 TimeLimit=60000 NumericFocus=3 Crossover=0 BarHomogeneous=1 BarConvTol=1e-6 OptimalityTol=1e-4 FeasibilityTol=1e-5 OutputFlag=0","0"
"Scen_IN_Low_M_BaseRGES_002","IN_BR_M","IN","BR","M","CE002","gurobi","Method=2 TimeLimit=60000 NumericFocus=3 Crossover=0 BarHomogeneous=1 BarConvTol=1e-6 OptimalityTol=1e-4 FeasibilityTol=1e-5 OutputFlag=0","0"
"Scen_IN_Low_M_BaseRGES_003","IN_BR_M","IN","BR","M","CE003","gurobi","Method=2 TimeLimit=60000 NumericFocus=3 Crossover=0 BarHomogeneous=1 BarConvTol=1e-6 OptimalityTol=1e-4 FeasibilityTol=1e-5 OutputFlag=0","0"
"Scen_IN_Low_M_BaseRGES_004","IN_BR_M","IN","BR","M","CE004","gurobi","Method=2 TimeLimit=60000 NumericFocus=3 Crossover=0 BarHomogeneous=1 BarConvTol=1e-6 OptimalityTol=1e-4 FeasibilityTol=1e-5 OutputFlag=0","0"
"Scen_IN_Low_M_BaseRGES_005","IN_BR_M","IN","BR","M","CE005","gurobi","Method=2 TimeLimit=60000 NumericFocus=3 Crossover=0 BarHomogeneous=1 BarConvTol=1e-6 OptimalityTol=1e-4 FeasibilityTol=1e-5 OutputFlag=0","0"
"Scen_IN_Low_M_BaseRGES_006","IN_BR_M","IN","BR","M","CE006","gurobi","Method=2 TimeLimit=60000 NumericFocus=3 Crossover=0 BarHomogeneous=1 BarConvTol=1e-6 OptimalityTol=1e-4 FeasibilityTol=1e-5 OutputFlag=0","0"
"Scen_IN_Low_M_BaseRGES_007","IN_BR_M","IN","BR","M","CE007","gurobi","Method=2 TimeLimit=60000 NumericFocus=3 Crossover=0 BarHomogeneous=1 BarConvTol=1e-6 OptimalityTol=1e-4 FeasibilityTol=1e-5 OutputFlag=0","0"
"Scen_IN_Low_M_BaseRGES_008","IN_BR_M","IN","BR","M","CE008","gurobi","Method=2 TimeLimit=60000 NumericFocus=3 Crossover=1 BarHomogeneous=1 BarConvTol=1e-6 OptimalityTol=1e-4 FeasibilityTol=1e-5 OutputFlag=0","1"
"Scen_IN_Low_M_BaseRGES_009","IN_BR_M","IN","BR","M","CE009","gurobi","Method=2 TimeLimit=60000 NumericFocus=3 Crossover=0 BarHomogeneous=1 BarConvTol=1e-6 OptimalityTol=1e-4 FeasibilityTol=1e-5 OutputFlag=0","0"
"Scen_IN_Low_M_BaseRGES_010","IN_BR_M","IN","BR","M","CE010","gurobi","Method=2 TimeLimit=60000 NumericFocus=3 Crossover=0 BarHomogeneous=1 BarConvTol=1e-6 OptimalityTol=1e-4 FeasibilityTol=1e-5 OutputFlag=0","0"
"Scen_IN_Low_M_BaseRGES_011","IN_BR_M","IN","BR","M","CE011","gurobi","Method=2 TimeLimit=60000 NumericFocus=3 Crossover=0 BarHomogeneous=1 BarConvTol=1e-6 OptimalityTol=1e-4 FeasibilityTol=1e-5 OutputFlag=0","0"
"Scen_IN_Low_M_BaseRGES_012","IN_BR_M","IN","BR","M","CE012","gurobi","Method=2 TimeLimit=60000 NumericFocus=3 Crossover=0 BarHomogeneous=1 BarConvTol=1e-6 OptimalityTol=1e-4 FeasibilityTol=1e-5 OutputFlag=0","0"
"Scen_IN_Low_M_BaseRGES_013","IN_BR_M","IN","BR","M","CE013","gurobi","Method=2 TimeLimit=60000 NumericFocus=3 Crossover=0 BarHomogeneous=1 BarConvTol=1e-6 OptimalityTol=1e-4 FeasibilityTol=1e-5 OutputFlag=0","0"
"Scen_IN_Low_M_BaseRGES_014","IN_BR_M","IN","BR","M","CE014","gurobi","Method=2 TimeLimit=60000 NumericFocus=3 Crossover=0 BarHomogeneous=1 BarConvTol=1e-6 OptimalityTol=1e-4 FeasibilityTol=1e-5 OutputFlag=0","0"
"Scen_IN_Low_M_BaseRGES_015","IN_BR_M","IN","BR","M","CE015","gurobi","Method=2 TimeLimit=60000 NumericFocus=3 Crossover=0 BarHomogeneous=1 BarConvTol=1e-6 OptimalityTol=1e-4 FeasibilityTol=1e-5 OutputFlag=0","0"
"Scen_IN_Low_M_HighRGES_000","IN_HR_M","IN","HR","M","CE000","gurobi","Method=2 TimeLimit=60000 NumericFocus=3 Crossover=0 BarHomogeneous=1 BarConvTol=1e-6 OptimalityTol=1e-4 FeasibilityTol=1e-5 OutputFlag=0","0"
"Scen_IN_Low_M_HighRGES_001","IN_HR_M","IN","HR","M","CE001","gurobi","Method=2 TimeLimit=60000 NumericFocus=3 Crossover=0 BarHomogeneous=1 BarConvTol=1e-6 OptimalityTol=1e-4 FeasibilityTol=1e-5 OutputFlag=0","0"
"Scen_IN_Low_M_HighRGES_002","IN_HR_M","IN","HR","M","CE002","gurobi","Method=2 TimeLimit=60000 NumericFocus=3 Crossover=0 BarHomogeneous=1 BarConvTol=1e-6 OptimalityTol=1e-4 FeasibilityTol=1e-5 OutputFlag=0","0"
"Scen_IN_Low_M_HighRGES_003","IN_HR_M","IN","HR","M","CE003","gurobi","Method=2 TimeLimit=60000 NumericFocus=3 Crossover=0 BarHomogeneous=1 BarConvTol=1e-6 OptimalityTol=1e-4 FeasibilityTol=1e-5 OutputFlag=0","0"
"Scen_IN_Low_M_HighRGES_004","IN_HR_M","IN","HR","M","CE004","gurobi","Method=2 TimeLimit=60000 NumericFocus=3 Crossover=0 BarHomogeneous=1 BarConvTol=1e-6 OptimalityTol=1e-4 FeasibilityTol=1e-5 OutputFlag=0","0"
"Scen_IN_Low_M_HighRGES_005","IN_HR_M","IN","HR","M","CE005","gurobi","Method=2 TimeLimit=60000 NumericFocus=3 Crossover=0 BarHomogeneous=1 BarConvTol=1e-6 OptimalityTol=1e-4 FeasibilityTol=1e-5 OutputFlag=0","0"
"Scen_IN_Low_M_HighRGES_006","IN_HR_M","IN","HR","M","CE006","gurobi","Method=2 TimeLimit=60000 NumericFocus=3 Crossover=0 BarHomogeneous=1 BarConvTol=1e-6 OptimalityTol=1e-4 FeasibilityTol=1e-5 OutputFlag=0","0"
"Scen_IN_Low_M_HighRGES_007","IN_HR_M","IN","HR","M","CE007","gurobi","Method=2 TimeLimit=60000 NumericFocus=3 Crossover=0 BarHomogeneous=1 BarConvTol=1e-6 OptimalityTol=1e-4 FeasibilityTol=1e-5 OutputFlag=0","0"
"Scen_IN_Low_M_HighRGES_008","IN_HR_M","IN","HR","M","CE008","gurobi","Method=2 TimeLimit=60000 NumericFocus=3 Crossover=0 BarHomogeneous=1 BarConvTol=1e-6 OptimalityTol=1e-4 FeasibilityTol=1e-5 OutputFlag=0","0"
"Scen_IN_Low_M_HighRGES_009","IN_HR_M","IN","HR","M","CE009","gurobi","Method=2 TimeLimit=60000 NumericFocus=3 Crossover=0 BarHomogeneous=1 BarConvTol=1e-6 OptimalityTol=1e-4 FeasibilityTol=1e-5 OutputFlag=0","0"
"Scen_IN_Low_M_HighRGES_010","IN_HR_M","IN","HR","M","CE010","gurobi","Method=2 TimeLimit=60000 NumericFocus=3 Crossover=0 BarHomogeneous=1 BarConvTol=1e-6 OptimalityTol=1e-4 FeasibilityTol=1e-5 OutputFlag=0","0"
"Scen_IN_Low_M_HighRGES_011","IN_HR_M","IN","HR","M","CE011","gurobi","Method=2 TimeLimit=60000 NumericFocus=3 Crossover=0 BarHomogeneous=1 BarConvTol=1e-6 OptimalityTol=1e-4 FeasibilityTol=1e-5 OutputFlag=0","0"
"Scen_IN_Low_M_HighRGES_012","IN_HR_M","IN","HR","M","CE012","gurobi","Method=2 TimeLimit=60000 NumericFocus=3 Crossover=0 BarHomogeneous=1 BarConvTol=1e-6 OptimalityTol=1e-4 FeasibilityTol=1e-5 OutputFlag=0","0"
"Scen_IN_Low_M_HighRGES_013","IN_HR_M","IN","HR","M","CE013","gurobi","Method=2 TimeLimit=60000 NumericFocus=3 Crossover=0 BarHomogeneous=1 BarConvTol=1e-6 OptimalityTol=1e-4 FeasibilityTol=1e-5 OutputFlag=0","0"
"Scen_IN_Low_M_HighRGES_014","IN_HR_M","IN","HR","M","CE014","gurobi","Method=2 TimeLimit=60000 NumericFocus=3 Crossover=0 BarHomogeneous=1 BarConvTol=1e-6 OptimalityTol=1e-4 FeasibilityTol=1e-5 OutputFlag=0","0"
"Scen_IN_Low_M_HighRGES_015","IN_HR_M","IN","HR","M","CE015","gurobi","Method=2 TimeLimit=60000 NumericFocus=3 Crossover=0 BarHomogeneous=1 BarConvTol=1e-6 OptimalityTol=1e-4 FeasibilityTol=1e-5 OutputFlag=0","0"
"Scen_IN_Low_A_BaseRGES_105","IN_BR_A","IN","BR","A","CE105","gurobi","Method=2 TimeLimit=60000 NumericFocus=3 Crossover=0 BarHomogeneous=1 BarConvTol=1e-6 OptimalityTol=1e-4 FeasibilityTol=1e-5 OutputFlag=0","0"
"Scen_IN_Low_A_HighRGES_105","IN_HR_A","IN","HR","A","CE105","gurobi","Method=2 TimeLimit=60000 NumericFocus=3 Crossover=0 BarHomogeneous=1 BarConvTol=1e-6 OptimalityTol=1e-4 FeasibilityTol=1e-5 OutputFlag=0","0"
"Scen_IN_Low_C_BaseRGES_105","IN_BR_C","IN","BR","C","CE105","gurobi","Method=2 TimeLimit=60000 NumericFocus=3 Crossover=0 BarHomogeneous=1 BarConvTol=1e-6 OptimalityTol=1e-4 FeasibilityTol=1e-5 OutputFlag=0","0"
"Scen_IN_Low_C_HighRGES_105","IN_HR_C","IN","HR","C","CE105","gurobi","Method=2 TimeLimit=60000 NumericFocus=3 Crossover=1 BarHomogeneous=1 BarConvTol=1e-6 OptimalityTol=1e-4 FeasibilityTol=1e-5 OutputFlag=0","1"
"Scen_IN_Low_M_BaseRGES_105","IN_BR_M","IN","BR","M","CE105","gurobi","Method=2 TimeLimit=60000 NumericFocus=3 Crossover=0 BarHomogeneous=1 BarConvTol=1e-6 OptimalityTol=1e-4 FeasibilityTol=1e-5 OutputFlag=0","0"
"Scen_IN_Low_M_HighRGES_105","IN_HR_M","IN","HR","M","CE105","gurobi","Method=2 TimeLimit=60000 NumericFocus=3 Crossover=0 BarHomogeneous=1 BarConvTol=1e-6 OptimalityTol=1e-4 FeasibilityTol=1e-5 OutputFlag=0","0"
