GENERATION_PROJECT,build_year,build_gen_predetermined,gen_can_retire_early
Anhui-Coal-SUBCRITICAL_EP,2022,2957.95,1
Anhui-Coal-SUPERCRITICAL_EP,2022,38600,1
Anhui-Coal-ULTRASUPERCRITICAL_EP,2022,9050,1
Anhui-Coal-IGCC_EP,2022,0,1
Anhui-Gas-CCGT_EP,2022,0,1
Anhui-Gas-turbine_EP,2022,0,1
Anhui-Nuclear_EP,2022,0,1
Beijing-Coal-SUBCRITICAL_EP,2022,2050,1
Beijing-Coal-SUPERCRITICAL_EP,2022,0,1
Beijing-Coal-ULTRASUPERCRITICAL_EP,2022,0,1
Beijing-Coal-IGCC_EP,2022,0,1
Beijing-Gas-CCGT_EP,2022,9376.38,1
Beijing-Gas-turbine_EP,2022,0,1
Beijing-Nuclear_EP,2022,0,1
Chongqing-Coal-SUBCRITICAL_EP,2022,1767,1
Chongqing-Coal-SUPERCRITICAL_EP,2022,11260,1
Chongqing-Coal-ULTRASUPERCRITICAL_EP,2022,2100,1
Chongqing-Coal-IGCC_EP,2022,0,1
Chongqing-Gas-CCGT_EP,2022,940,1
Chongqing-Gas-turbine_EP,2022,0,1
Chongqing-Nuclear_EP,2022,0,1
East_Inner_Mongolia-Coal-SUBCRITICAL_EP,2022,2839,1
East_Inner_Mongolia-Coal-SUPERCRITICAL_EP,2022,13540,1
East_Inner_Mongolia-Coal-ULTRASUPERCRITICAL_EP,2022,0,1
East_Inner_Mongolia-Coal-IGCC_EP,2022,0,1
East_Inner_Mongolia-Gas-CCGT_EP,2022,0,1
East_Inner_Mongolia-Gas-turbine_EP,2022,0,1
East_Inner_Mongolia-Nuclear_EP,2022,0,1
Fujian-Coal-SUBCRITICAL_EP,2022,1804,1
Fujian-Coal-SUPERCRITICAL_EP,2022,19972,1
Fujian-Coal-ULTRASUPERCRITICAL_EP,2022,4000,1
Fujian-Coal-IGCC_EP,2022,0,1
Fujian-Gas-CCGT_EP,2022,4220,1
Fujian-Gas-turbine_EP,2022,0,1
Fujian-Nuclear_EP,2022,7543,1
Gansu-Coal-SUBCRITICAL_EP,2022,2814,1
Gansu-Coal-SUPERCRITICAL_EP,2022,17295,1
Gansu-Coal-ULTRASUPERCRITICAL_EP,2022,0,1
Gansu-Coal-IGCC_EP,2022,0,1
Gansu-Gas-CCGT_EP,2022,0,1
Gansu-Gas-turbine_EP,2022,0,1
Gansu-Nuclear_EP,2022,0,1
Guangdong-Coal-SUBCRITICAL_EP,2022,6573,1
Guangdong-Coal-SUPERCRITICAL_EP,2022,35239,1
Guangdong-Coal-ULTRASUPERCRITICAL_EP,2022,16000,1
Guangdong-Coal-IGCC_EP,2022,0,1
Guangdong-Gas-CCGT_EP,2022,18768.4,1
Guangdong-Gas-turbine_EP,2022,0,1
Guangdong-Nuclear_EP,2022,18932,1
Guangxi-Coal-SUBCRITICAL_EP,2022,2279.8,1
Guangxi-Coal-SUPERCRITICAL_EP,2022,11050,1
Guangxi-Coal-ULTRASUPERCRITICAL_EP,2022,4000,1
Guangxi-Coal-IGCC_EP,2022,0,1
Guangxi-Gas-CCGT_EP,2022,0,1
Guangxi-Gas-turbine_EP,2022,0,1
Guangxi-Nuclear_EP,2022,4405,1
Guizhou-Coal-SUBCRITICAL_EP,2022,3196.6,1
Guizhou-Coal-SUPERCRITICAL_EP,2022,29800,1
Guizhou-Coal-ULTRASUPERCRITICAL_EP,2022,0,1
Guizhou-Coal-IGCC_EP,2022,0,1
Guizhou-Gas-CCGT_EP,2022,0,1
Guizhou-Gas-turbine_EP,2022,0,1
Guizhou-Nuclear_EP,2022,0,1
Hainan-Coal-SUBCRITICAL_EP,2022,846,1
Hainan-Coal-SUPERCRITICAL_EP,2022,2760,1
Hainan-Coal-ULTRASUPERCRITICAL_EP,2022,0,1
Hainan-Coal-IGCC_EP,2022,0,1
Hainan-Gas-CCGT_EP,2022,604.1,1
Hainan-Gas-turbine_EP,2022,0,1
Hainan-Nuclear_EP,2022,611,1
Hebei-Coal-SUBCRITICAL_EP,2022,6796.5,1
Hebei-Coal-SUPERCRITICAL_EP,2022,36730,1
Hebei-Coal-ULTRASUPERCRITICAL_EP,2022,2000,1
Hebei-Coal-IGCC_EP,2022,0,1
Hebei-Gas-CCGT_EP,2022,800,1
Hebei-Gas-turbine_EP,2022,0,1
Hebei-Nuclear_EP,2022,0,1
Heilongjiang-Coal-SUBCRITICAL_EP,2022,6484,1
Heilongjiang-Coal-SUPERCRITICAL_EP,2022,12130,1
Heilongjiang-Coal-ULTRASUPERCRITICAL_EP,2022,0,1
Heilongjiang-Coal-IGCC_EP,2022,0,1
Heilongjiang-Gas-CCGT_EP,2022,122,1
Heilongjiang-Gas-turbine_EP,2022,0,1
Heilongjiang-Nuclear_EP,2022,0,1
Henan-Coal-SUBCRITICAL_EP,2022,9735.5,1
Henan-Coal-SUPERCRITICAL_EP,2022,51280,1
Henan-Coal-ULTRASUPERCRITICAL_EP,2022,11000,1
Henan-Coal-IGCC_EP,2022,0,1
Henan-Gas-CCGT_EP,2022,2160,1
Henan-Gas-turbine_EP,2022,0,1
Henan-Nuclear_EP,2022,0,1
Hubei-Coal-SUBCRITICAL_EP,2022,1929,1
Hubei-Coal-SUPERCRITICAL_EP,2022,17908,1
Hubei-Coal-ULTRASUPERCRITICAL_EP,2022,3000,1
Hubei-Coal-IGCC_EP,2022,0,1
Hubei-Gas-CCGT_EP,2022,740.3,1
Hubei-Gas-turbine_EP,2022,0,1
Hubei-Nuclear_EP,2022,0,1
Hunan-Coal-SUBCRITICAL_EP,2022,1656.6,1
Hunan-Coal-SUPERCRITICAL_EP,2022,20026,1
Hunan-Coal-ULTRASUPERCRITICAL_EP,2022,2000,1
Hunan-Coal-IGCC_EP,2022,0,1
Hunan-Gas-CCGT_EP,2022,0,1
Hunan-Gas-turbine_EP,2022,0,1
Hunan-Nuclear_EP,2022,0,1
Jiangsu-Coal-SUBCRITICAL_EP,2022,9896.5,1
Jiangsu-Coal-SUPERCRITICAL_EP,2022,45404,1
Jiangsu-Coal-ULTRASUPERCRITICAL_EP,2022,27090,1
Jiangsu-Coal-IGCC_EP,2022,0,1
Jiangsu-Gas-CCGT_EP,2022,13801,1
Jiangsu-Gas-turbine_EP,2022,0,1
Jiangsu-Nuclear_EP,2022,6480,1
Jiangxi-Coal-SUBCRITICAL_EP,2022,1173.5,1
Jiangxi-Coal-SUPERCRITICAL_EP,2022,15390,1
Jiangxi-Coal-ULTRASUPERCRITICAL_EP,2022,3000,1
Jiangxi-Coal-IGCC_EP,2022,0,1
Jiangxi-Gas-CCGT_EP,2022,87,1
Jiangxi-Gas-turbine_EP,2022,0,1
Jiangxi-Nuclear_EP,2022,0,1
Jilin-Coal-SUBCRITICAL_EP,2022,4653,1
Jilin-Coal-SUPERCRITICAL_EP,2022,10870,1
Jilin-Coal-ULTRASUPERCRITICAL_EP,2022,0,1
Jilin-Coal-IGCC_EP,2022,0,1
Jilin-Gas-CCGT_EP,2022,0,1
Jilin-Gas-turbine_EP,2022,0,1
Jilin-Nuclear_EP,2022,0,1
Liaoning-Coal-SUBCRITICAL_EP,2022,7159.1,1
Liaoning-Coal-SUPERCRITICAL_EP,2022,20480,1
Liaoning-Coal-ULTRASUPERCRITICAL_EP,2022,3600,1
Liaoning-Coal-IGCC_EP,2022,0,1
Liaoning-Gas-CCGT_EP,2022,0,1
Liaoning-Gas-turbine_EP,2022,0,1
Liaoning-Nuclear_EP,2022,6297.6,1
Ningxia-Coal-SUBCRITICAL_EP,2022,2677.5,1
Ningxia-Coal-SUPERCRITICAL_EP,2022,21600,1
Ningxia-Coal-ULTRASUPERCRITICAL_EP,2022,2000,1
Ningxia-Coal-IGCC_EP,2022,0,1
Ningxia-Gas-CCGT_EP,2022,560,1
Ningxia-Gas-turbine_EP,2022,0,1
Ningxia-Nuclear_EP,2022,0,1
Qinghai-Coal-SUBCRITICAL_EP,2022,1561.5,1
Qinghai-Coal-SUPERCRITICAL_EP,2022,3530,1
Qinghai-Coal-ULTRASUPERCRITICAL_EP,2022,0,1
Qinghai-Coal-IGCC_EP,2022,0,1
Qinghai-Gas-CCGT_EP,2022,0,1
Qinghai-Gas-turbine_EP,2022,0,1
Qinghai-Nuclear_EP,2022,0,1
Shaanxi-Coal-SUBCRITICAL_EP,2022,2959.5,1
Shaanxi-Coal-SUPERCRITICAL_EP,2022,28420,1
Shaanxi-Coal-ULTRASUPERCRITICAL_EP,2022,4000,1
Shaanxi-Coal-IGCC_EP,2022,0,1
Shaanxi-Gas-CCGT_EP,2022,0,1
Shaanxi-Gas-turbine_EP,2022,0,1
Shaanxi-Nuclear_EP,2022,0,1
Shandong-Coal-SUBCRITICAL_EP,2022,24187.02,1
Shandong-Coal-SUPERCRITICAL_EP,2022,42786,1
Shandong-Coal-ULTRASUPERCRITICAL_EP,2022,9000,1
Shandong-Coal-IGCC_EP,2022,0,1
Shandong-Gas-CCGT_EP,2022,0,1
Shandong-Gas-turbine_EP,2022,0,1
Shandong-Nuclear_EP,2022,4850,1
Shanghai-Coal-SUBCRITICAL_EP,2022,814,1
Shanghai-Coal-SUPERCRITICAL_EP,2022,8900,1
Shanghai-Coal-ULTRASUPERCRITICAL_EP,2022,5800,1
Shanghai-Coal-IGCC_EP,2022,0,1
Shanghai-Gas-CCGT_EP,2022,6381.44,1
Shanghai-Gas-turbine_EP,2022,0,1
Shanghai-Nuclear_EP,2022,0,1
Shanxi-Coal-SUBCRITICAL_EP,2022,10801.9,1
Shanxi-Coal-SUPERCRITICAL_EP,2022,47970,1
Shanxi-Coal-ULTRASUPERCRITICAL_EP,2022,4000,1
Shanxi-Coal-IGCC_EP,2022,0,1
Shanxi-Gas-CCGT_EP,2022,1845,1
Shanxi-Gas-turbine_EP,2022,0,1
Shanxi-Nuclear_EP,2022,0,1
Sichuan-Coal-SUBCRITICAL_EP,2022,2165.85,1
Sichuan-Coal-SUPERCRITICAL_EP,2022,10860,1
Sichuan-Coal-ULTRASUPERCRITICAL_EP,2022,0,1
Sichuan-Coal-IGCC_EP,2022,0,1
Sichuan-Gas-CCGT_EP,2022,716.29,1
Sichuan-Gas-turbine_EP,2022,0,1
Sichuan-Nuclear_EP,2022,0,1
Tianjin-Coal-SUBCRITICAL_EP,2022,1870.5,1
Tianjin-Coal-SUPERCRITICAL_EP,2022,7376,1
Tianjin-Coal-ULTRASUPERCRITICAL_EP,2022,2000,1
Tianjin-Coal-IGCC_EP,2022,265,1
Tianjin-Gas-CCGT_EP,2022,2842.22,1
Tianjin-Gas-turbine_EP,2022,0,1
Tianjin-Nuclear_EP,2022,0,1
Tibet-Coal-SUBCRITICAL_EP,2022,0,1
Tibet-Coal-SUPERCRITICAL_EP,2022,0,1
Tibet-Coal-ULTRASUPERCRITICAL_EP,2022,0,1
Tibet-Coal-IGCC_EP,2022,0,1
Tibet-Gas-CCGT_EP,2022,0,1
Tibet-Gas-turbine_EP,2022,0,1
Tibet-Nuclear_EP,2022,0,1
West_Inner_Mongolia-Coal-SUBCRITICAL_EP,2022,13065.5,1
West_Inner_Mongolia-Coal-SUPERCRITICAL_EP,2022,56510,1
West_Inner_Mongolia-Coal-ULTRASUPERCRITICAL_EP,2022,0,1
West_Inner_Mongolia-Coal-IGCC_EP,2022,0,1
West_Inner_Mongolia-Gas-CCGT_EP,2022,0,1
West_Inner_Mongolia-Gas-turbine_EP,2022,0,1
West_Inner_Mongolia-Nuclear_EP,2022,0,1
Xinjiang-Coal-SUBCRITICAL_EP,2022,10618,1
Xinjiang-Coal-SUPERCRITICAL_EP,2022,44170,1
Xinjiang-Coal-ULTRASUPERCRITICAL_EP,2022,2200,1
Xinjiang-Coal-IGCC_EP,2022,0,1
Xinjiang-Gas-CCGT_EP,2022,111,1
Xinjiang-Gas-turbine_EP,2022,0,1
Xinjiang-Nuclear_EP,2022,0,1
Yunnan-Coal-SUBCRITICAL_EP,2022,1059.2,1
Yunnan-Coal-SUPERCRITICAL_EP,2022,11400,1
Yunnan-Coal-ULTRASUPERCRITICAL_EP,2022,0,1
Yunnan-Coal-IGCC_EP,2022,0,1
Yunnan-Gas-CCGT_EP,2022,0,1
Yunnan-Gas-turbine_EP,2022,0,1
Yunnan-Nuclear_EP,2022,0,1
Zhejiang-Coal-SUBCRITICAL_EP,2022,7285.63,1
Zhejiang-Coal-SUPERCRITICAL_EP,2022,24740,1
Zhejiang-Coal-ULTRASUPERCRITICAL_EP,2022,18000,1
Zhejiang-Coal-IGCC_EP,2022,0,1
Zhejiang-Gas-CCGT_EP,2022,12267.39,1
Zhejiang-Gas-turbine_EP,2022,0,1
Zhejiang-Nuclear_EP,2022,9832,1
Anhui-Central_PV_EP-ep,2022,8878.5,1
Anhui-Hydro_NonPumped-ep,2022,2950.44,1
Anhui-Hydro_Pumped-ep,2022,3680,1
Anhui-Wind_EP-ep,2022,2174,1
Beijing-Central_PV_EP-ep,2022,249,1
Beijing-Hydro_NonPumped-ep,2022,739.23,1
Beijing-Hydro_Pumped-ep,2022,822,1
Beijing-Wind_EP-ep,2022,188.5,1
Chongqing-Central_PV_EP-ep,2022,126,1
Chongqing-Hydro_NonPumped-ep,2022,9437.94,1
Chongqing-Hydro_Pumped-ep,2022,1200,1
Chongqing-Wind_EP-ep,2022,332.7,1
East_Inner_Mongolia-Central_PV_EP-ep,2022,2184.07,1
East_Inner_Mongolia-Hydro_NonPumped-ep,2022,721.32,1
East_Inner_Mongolia-Wind_EP-ep,2022,7853.75,1
Fujian-Central_PV_EP-ep,2022,928,1
Fujian-Hydro_NonPumped-ep,2022,11586.23,1
Fujian-Hydro_Pumped-ep,2022,1400,1
Fujian-Wind_EP-ep,2022,2518.6,1
Gansu-Central_PV_EP-ep,2022,7857.2,1
Gansu-Hydro_NonPumped-ep,2022,7800.37,1
Gansu-Wind_EP-ep,2022,12821.3,1
Guangdong-Central_PV_EP-ep,2022,3320,1
Guangdong-Hydro_NonPumped-ep,2022,12379.06,1
Guangdong-Hydro_Pumped-ep,2022,12970.75,1
Guangdong-Wind_EP-ep,2022,3452.9,1
Guangxi-Central_PV_EP-ep,2022,690.2,1
Guangxi-Hydro_NonPumped-ep,2022,15480.97,1
Guangxi-Wind_EP-ep,2022,1694.4,1
Guizhou-Central_PV_EP-ep,2022,1551.8,1
Guizhou-Hydro_NonPumped-ep,2022,20492.67,1
Guizhou-Wind_EP-ep,2022,3688.8,1
Hainan-Central_PV_EP-ep,2022,418,1
Hainan-Hydro_NonPumped-ep,2022,1395.49,1
Hainan-Hydro_Pumped-ep,2022,400,1
Hainan-Wind_EP-ep,2022,314.5,1
Hebei-Central_PV_EP-ep,2022,8813.1,1
Hebei-Hydro_NonPumped-ep,2022,1615.46,1
Hebei-Hydro_Pumped-ep,2022,8739.45,1
Hebei-Wind_EP-ep,2022,11876.6,1
Heilongjiang-Central_PV_EP-ep,2022,941.3,1
Heilongjiang-Hydro_NonPumped-ep,2022,794.58,1
Heilongjiang-Hydro_Pumped-ep,2022,1200,1
Heilongjiang-Wind_EP-ep,2022,5704.5,1
Henan-Central_PV_EP-ep,2022,7034.6,1
Henan-Hydro_NonPumped-ep,2022,3795.72,1
Henan-Hydro_Pumped-ep,2022,1320,1
Henan-Wind_EP-ep,2022,2330.7,1
Hubei-Central_PV_EP-ep,2022,4134.5,1
Hubei-Hydro_NonPumped-ep,2022,35125.38,1
Hubei-Hydro_Pumped-ep,2022,1380.88,1
Hubei-Wind_EP-ep,2022,2528.3,1
Hunan-Central_PV_EP-ep,2022,1756.9,1
Hunan-Hydro_NonPumped-ep,2022,14111.33,1
Hunan-Wind_EP-ep,2022,2634.7,1
Jiangsu-Central_PV_EP-ep,2022,9073.1,1
Jiangsu-Hydro_NonPumped-ep,2022,2648.72,1
Jiangsu-Hydro_Pumped-ep,2022,3542.4,1
Jiangsu-Wind_EP-ep,2022,6555.6,1
Jiangxi-Central_PV_EP-ep,2022,4494,1
Jiangxi-Hydro_NonPumped-ep,2022,5616.62,1
Jiangxi-Hydro_Pumped-ep,2022,1200,1
Jiangxi-Wind_EP-ep,2022,1688.2,1
Jilin-Central_PV_EP-ep,2022,1592.3,1
Jilin-Hydro_NonPumped-ep,2022,4601.83,1
Jilin-Hydro_Pumped-ep,2022,1700,1
Jilin-Wind_EP-ep,2022,5046.8,1
Liaoning-Central_PV_EP-ep,2022,2225.6,1
Liaoning-Hydro_NonPumped-ep,2022,2720.77,1
Liaoning-Hydro_Pumped-ep,2022,3000,1
Liaoning-Wind_EP-ep,2022,7106.4,1
Ningxia-Central_PV_EP-ep,2022,6201.7,1
Ningxia-Hydro_NonPumped-ep,2022,333.19,1
Ningxia-Wind_EP-ep,2022,9416.2,1
Qinghai-Central_PV_EP-ep,2022,7914.7,1
Qinghai-Hydro_NonPumped-ep,2022,11423.4,1
Qinghai-Wind_EP-ep,2022,1620,1
Shaanxi-Central_PV_EP-ep,2022,5340.8,1
Shaanxi-Hydro_NonPumped-ep,2022,3732.87,1
Shaanxi-Hydro_Pumped-ep,2022,1400,1
Shaanxi-Wind_EP-ep,2022,3634.4,1
Shandong-Central_PV_EP-ep,2022,10523.1,1
Shandong-Hydro_NonPumped-ep,2022,1089.64,1
Shandong-Hydro_Pumped-ep,2022,4000,1
Shandong-Wind_EP-ep,2022,10611.4,1
Shanghai-Central_PV_EP-ep,2022,578.1,1
Shanghai-Wind_EP-ep,2022,711.9,1
Shanxi-Central_PV_EP-ep,2022,5903.8,1
Shanxi-Hydro_NonPumped-ep,2022,2506.49,1
Shanxi-Hydro_Pumped-ep,2022,2485.18,1
Shanxi-Wind_EP-ep,2022,8716.3,1
Sichuan-Central_PV_EP-ep,2022,1347.5,1
Sichuan-Hydro_NonPumped-ep,2022,95660.56,1
Sichuan-Hydro_Pumped-ep,2022,2,1
Sichuan-Wind_EP-ep,2022,2104.5,1
Tianjin-Central_PV_EP-ep,2022,678.4,1
Tianjin-Hydro_NonPumped-ep,2022,16.89,1
Tianjin-Wind_EP-ep,2022,285.5,1
Tibet-Hydro_NonPumped-ep,2022,2662.7,1
Tibet-Hydro_Pumped-ep,2022,90,1
West_Inner_Mongolia-Central_PV_EP-ep,2022,5241.73,1
West_Inner_Mongolia-Hydro_NonPumped-ep,2022,1731.23,1
West_Inner_Mongolia-Hydro_Pumped-ep,2022,1285.18,1
West_Inner_Mongolia-Wind_EP-ep,2022,18849.05,1
Xinjiang-Central_PV_EP-ep,2022,9340.4,1
Xinjiang-Hydro_NonPumped-ep,2022,6423.68,1
Xinjiang-Hydro_Pumped-ep,2022,1200,1
Xinjiang-Wind_EP-ep,2022,18059.3,1
Yunnan-Central_PV_EP-ep,2022,2331,1
Yunnan-Hydro_NonPumped-ep,2022,77107.13,1
Yunnan-Wind_EP-ep,2022,8186.5,1
Zhejiang-Central_PV_EP-ep,2022,8137,1
Zhejiang-Hydro_NonPumped-ep,2022,10404.67,1
Zhejiang-Hydro_Pumped-ep,2022,7322.59,1
Zhejiang-Wind_EP-ep,2022,1329.9,1
