GENERATION_PROJECT,gen_loading_level,gen_heat_rate_at_loading_level
Anhui-Coal_1000_OT,0.4,8.471
Anhui-Coal_1000_OT,1.0,7.88
Anhui-Coal_1000_RC,0.4,8.471
Anhui-Coal_1000_RC,1.0,7.88
Anhui-Coal_100_RC,0.4,9.7395
Anhui-Coal_100_RC,1.0,9.06
Anhui-Coal_300_OT,0.4,9.589
Anhui-Coal_300_OT,1.0,8.92
Anhui-Coal_300_RC,0.4,9.589
Anhui-Coal_300_RC,1.0,8.92
Anhui-Coal_600_OT,0.4,9.08375
Anhui-Coal_600_OT,1.0,8.45
Anhui-Coal_600_RC,0.4,9.08375
Anhui-Coal_600_RC,1.0,8.45
Anhui-Coal_IGCC_RC,0.4,12.75715
Anhui-Coal_IGCC_RC,1.0,8.89
Anhui-Coal_Small_RC,0.4,10.406
Anhui-Coal_Small_RC,1.0,9.68
Anhui-EP_Coal_1000_OT,0.4,8.2345
Anhui-EP_Coal_1000_OT,1.0,7.66
Anhui-EP_Coal_1000_RC,0.4,8.2345
Anhui-EP_Coal_1000_RC,1.0,7.66
Anhui-EP_Coal_300_OT,0.4,9.16975
Anhui-EP_Coal_300_OT,1.0,8.53
Anhui-EP_Coal_300_RC,0.4,9.16975
Anhui-EP_Coal_300_RC,1.0,8.53
Anhui-EP_Coal_600_OT,0.4,8.52475
Anhui-EP_Coal_600_OT,1.0,7.9300000000000015
Anhui-EP_Coal_600_RC,0.4,8.524749999999997
Anhui-EP_Coal_600_RC,1.0,7.930000000000001
Anhui-Gas_CCGT_OT,0.45,8.88978
Anhui-Gas_CCGT_OT,1.0,6.47
Anhui-Gas_CCGT_RC,0.45,9.64548
Anhui-Gas_CCGT_RC,1.0,7.02
Anhui-Gas_Combustion_Turbine_RC,0.4,11.03368
Anhui-Gas_Combustion_Turbine_RC,1.0,9.76
Beijing-Coal_100_OT,0.4,9.81475
Beijing-Coal_100_OT,1.0,9.13
Beijing-Coal_100_RC,0.4,9.7395
Beijing-Coal_100_RC,1.0,9.06
Beijing-EP_Gas_CCGT_RC,0.45,9.42564
Beijing-EP_Gas_CCGT_RC,1.0,6.86
Beijing-Gas_CCGT_RC,0.45,9.64548
Beijing-Gas_CCGT_RC,1.0,7.02
Beijing-Gas_Combustion_Turbine_RC,0.4,11.03368
Beijing-Gas_Combustion_Turbine_RC,1.0,9.76
Chongqing-Coal_1000_OT,0.4,8.471
Chongqing-Coal_1000_OT,1.0,7.88
Chongqing-Coal_1000_RC,0.4,8.471
Chongqing-Coal_1000_RC,1.0,7.88
Chongqing-Coal_100_OT,0.4,9.81475
Chongqing-Coal_100_OT,1.0,9.13
Chongqing-Coal_100_RC,0.4,9.7395
Chongqing-Coal_100_RC,1.0,9.06
Chongqing-Coal_300_OT,0.4,9.589
Chongqing-Coal_300_OT,1.0,8.92
Chongqing-Coal_300_RC,0.4,9.589
Chongqing-Coal_300_RC,1.0,8.92
Chongqing-Coal_600_OT,0.4,9.08375
Chongqing-Coal_600_OT,1.0,8.45
Chongqing-Coal_600_RC,0.4,9.08375
Chongqing-Coal_600_RC,1.0,8.45
Chongqing-Coal_IGCC_RC,0.4,12.75715
Chongqing-Coal_IGCC_RC,1.0,8.89
Chongqing-Coal_Small_OT,0.4,10.3845
Chongqing-Coal_Small_OT,1.0,9.66
Chongqing-Coal_Small_RC,0.4,10.406
Chongqing-Coal_Small_RC,1.0,9.68
Chongqing-EP_Coal_1000_RC,0.4,8.2345
Chongqing-EP_Coal_1000_RC,1.0,7.66
Chongqing-EP_Coal_300_OT,0.4,9.16975
Chongqing-EP_Coal_300_OT,1.0,8.53
Chongqing-EP_Coal_300_RC,0.4,9.16975
Chongqing-EP_Coal_300_RC,1.0,8.53
Chongqing-EP_Coal_600_RC,0.4,8.52475
Chongqing-EP_Coal_600_RC,1.0,7.9300000000000015
Chongqing-EP_Gas_CCGT_RC,0.45,9.42564
Chongqing-EP_Gas_CCGT_RC,1.0,6.86
Chongqing-Gas_CCGT_OT,0.45,8.88978
Chongqing-Gas_CCGT_OT,1.0,6.47
Chongqing-Gas_CCGT_RC,0.45,9.64548
Chongqing-Gas_CCGT_RC,1.0,7.02
Chongqing-Gas_Combustion_Turbine_RC,0.4,11.03368
Chongqing-Gas_Combustion_Turbine_RC,1.0,9.76
East_Inner_Mongolia-Coal_1000_DRY,0.4,8.9225
East_Inner_Mongolia-Coal_1000_DRY,1.0,8.3
East_Inner_Mongolia-Coal_1000_RC,0.4,8.471
East_Inner_Mongolia-Coal_1000_RC,1.0,7.88
East_Inner_Mongolia-Coal_100_RC,0.4,9.739499999999996
East_Inner_Mongolia-Coal_100_RC,1.0,9.06
East_Inner_Mongolia-Coal_300_DRY,0.4,10.07275
East_Inner_Mongolia-Coal_300_DRY,1.0,9.37
East_Inner_Mongolia-Coal_300_RC,0.4,9.589
East_Inner_Mongolia-Coal_300_RC,1.0,8.92
East_Inner_Mongolia-Coal_600_DRY,0.4,9.6105
East_Inner_Mongolia-Coal_600_DRY,1.0,8.94
East_Inner_Mongolia-Coal_600_RC,0.4,9.08375
East_Inner_Mongolia-Coal_600_RC,1.0,8.45
East_Inner_Mongolia-Coal_IGCC_RC,0.4,12.75715
East_Inner_Mongolia-Coal_IGCC_RC,1.0,8.89
East_Inner_Mongolia-Coal_Small_RC,0.4,10.406
East_Inner_Mongolia-Coal_Small_RC,1.0,9.68
East_Inner_Mongolia-EP_Coal_300_DRY,0.4,9.46
East_Inner_Mongolia-EP_Coal_300_DRY,1.0,8.8
East_Inner_Mongolia-EP_Coal_300_RC,0.4,9.16975
East_Inner_Mongolia-EP_Coal_300_RC,1.0,8.53
East_Inner_Mongolia-EP_Coal_600_DRY,0.4,8.879500000000004
East_Inner_Mongolia-EP_Coal_600_DRY,1.0,8.260000000000002
East_Inner_Mongolia-EP_Coal_600_RC,0.4,8.52475
East_Inner_Mongolia-EP_Coal_600_RC,1.0,7.93
East_Inner_Mongolia-Gas_CCGT_RC,0.45,9.64548
East_Inner_Mongolia-Gas_CCGT_RC,1.0,7.02
East_Inner_Mongolia-Gas_Combustion_Turbine_RC,0.4,11.03368
East_Inner_Mongolia-Gas_Combustion_Turbine_RC,1.0,9.76
Fujian-Coal_1000_OT,0.4,8.471
Fujian-Coal_1000_OT,1.0,7.88
Fujian-Coal_1000_RC,0.4,8.471
Fujian-Coal_1000_RC,1.0,7.88
Fujian-Coal_1000_SEA,0.4,8.471
Fujian-Coal_1000_SEA,1.0,7.88
Fujian-Coal_100_RC,0.4,9.7395
Fujian-Coal_100_RC,1.0,9.06
Fujian-Coal_300_OT,0.4,9.589
Fujian-Coal_300_OT,1.0,8.92
Fujian-Coal_300_RC,0.4,9.589
Fujian-Coal_300_RC,1.0,8.92
Fujian-Coal_300_SEA,0.4,9.589
Fujian-Coal_300_SEA,1.0,8.92
Fujian-Coal_600_OT,0.4,9.08375
Fujian-Coal_600_OT,1.0,8.45
Fujian-Coal_600_RC,0.4,9.08375
Fujian-Coal_600_RC,1.0,8.45
Fujian-Coal_600_SEA,0.4,9.08375
Fujian-Coal_600_SEA,1.0,8.45
Fujian-Coal_IGCC_RC,0.4,12.75715
Fujian-Coal_IGCC_RC,1.0,8.89
Fujian-Coal_Small_RC,0.4,10.406
Fujian-Coal_Small_RC,1.0,9.68
Fujian-Coal_Small_SEA,0.4,10.3845
Fujian-Coal_Small_SEA,1.0,9.66
Fujian-EP_Coal_1000_SEA,0.4,8.2345
Fujian-EP_Coal_1000_SEA,1.0,7.66
Fujian-EP_Coal_300_OT,0.4,9.16975
Fujian-EP_Coal_300_OT,1.0,8.53
Fujian-EP_Coal_300_RC,0.4,9.16975
Fujian-EP_Coal_300_RC,1.0,8.53
Fujian-EP_Coal_300_SEA,0.4,9.16975
Fujian-EP_Coal_300_SEA,1.0,8.53
Fujian-EP_Coal_600_OT,0.4,8.52475
Fujian-EP_Coal_600_OT,1.0,7.93
Fujian-EP_Coal_600_SEA,0.4,8.524750000000003
Fujian-EP_Coal_600_SEA,1.0,7.9300000000000015
Fujian-EP_Gas_CCGT_RC,0.45,9.42564
Fujian-EP_Gas_CCGT_RC,1.0,6.86
Fujian-EP_Gas_CCGT_SEA,0.45,8.683679999999999
Fujian-EP_Gas_CCGT_SEA,1.0,6.32
Fujian-Gas_CCGT_OT,0.45,8.88978
Fujian-Gas_CCGT_OT,1.0,6.47
Fujian-Gas_CCGT_RC,0.45,9.64548
Fujian-Gas_CCGT_RC,1.0,7.02
Fujian-Gas_CCGT_SEA,0.45,8.88978
Fujian-Gas_CCGT_SEA,1.0,6.47
Fujian-Gas_Combustion_Turbine_RC,0.4,11.03368
Fujian-Gas_Combustion_Turbine_RC,1.0,9.76
Gansu-Coal_1000_DRY,0.4,8.9225
Gansu-Coal_1000_DRY,1.0,8.3
Gansu-Coal_1000_RC,0.4,8.471
Gansu-Coal_1000_RC,1.0,7.88
Gansu-Coal_100_DRY,0.4,10.15875
Gansu-Coal_100_DRY,1.0,9.45
Gansu-Coal_100_RC,0.4,9.739499999999998
Gansu-Coal_100_RC,1.0,9.06
Gansu-Coal_300_DRY,0.4,10.07275
Gansu-Coal_300_DRY,1.0,9.37
Gansu-Coal_300_RC,0.4,9.589
Gansu-Coal_300_RC,1.0,8.92
Gansu-Coal_600_DRY,0.4,9.6105
Gansu-Coal_600_DRY,1.0,8.94
Gansu-Coal_600_RC,0.4,9.08375
Gansu-Coal_600_RC,1.0,8.45
Gansu-Coal_IGCC_RC,0.4,12.75715
Gansu-Coal_IGCC_RC,1.0,8.89
Gansu-Coal_Small_RC,0.4,10.406
Gansu-Coal_Small_RC,1.0,9.68
Gansu-EP_Coal_300_DRY,0.4,9.460000000000004
Gansu-EP_Coal_300_DRY,1.0,8.800000000000004
Gansu-EP_Coal_300_RC,0.4,9.16975
Gansu-EP_Coal_300_RC,1.0,8.53
Gansu-EP_Coal_600_DRY,0.4,8.8795
Gansu-EP_Coal_600_DRY,1.0,8.26
Gansu-Gas_CCGT_RC,0.45,9.64548
Gansu-Gas_CCGT_RC,1.0,7.02
Gansu-Gas_Combustion_Turbine_RC,0.4,11.03368
Gansu-Gas_Combustion_Turbine_RC,1.0,9.76
Guangdong-Coal_1000_OT,0.4,8.471
Guangdong-Coal_1000_OT,1.0,7.88
Guangdong-Coal_1000_RC,0.4,8.471000000000002
Guangdong-Coal_1000_RC,1.0,7.88
Guangdong-Coal_1000_SEA,0.4,8.471
Guangdong-Coal_1000_SEA,1.0,7.88
Guangdong-Coal_100_OT,0.4,9.81475
Guangdong-Coal_100_OT,1.0,9.13
Guangdong-Coal_100_RC,0.4,9.739499999999998
Guangdong-Coal_100_RC,1.0,9.06
Guangdong-Coal_100_SEA,0.4,9.814750000000002
Guangdong-Coal_100_SEA,1.0,9.13
Guangdong-Coal_300_OT,0.4,9.589
Guangdong-Coal_300_OT,1.0,8.92
Guangdong-Coal_300_RC,0.4,9.589
Guangdong-Coal_300_RC,1.0,8.92
Guangdong-Coal_300_SEA,0.4,9.589
Guangdong-Coal_300_SEA,1.0,8.92
Guangdong-Coal_600_OT,0.4,9.08375
Guangdong-Coal_600_OT,1.0,8.45
Guangdong-Coal_600_RC,0.4,9.08375
Guangdong-Coal_600_RC,1.0,8.450000000000001
Guangdong-Coal_600_SEA,0.4,9.08375
Guangdong-Coal_600_SEA,1.0,8.45
Guangdong-Coal_IGCC_RC,0.4,12.757149999999998
Guangdong-Coal_IGCC_RC,1.0,8.89
Guangdong-Coal_Small_OT,0.4,10.3845
Guangdong-Coal_Small_OT,1.0,9.66
Guangdong-Coal_Small_RC,0.4,10.406
Guangdong-Coal_Small_RC,1.0,9.68
Guangdong-EP_Coal_1000_SEA,0.4,8.2345
Guangdong-EP_Coal_1000_SEA,1.0,7.66
Guangdong-EP_Coal_300_OT,0.4,9.16975
Guangdong-EP_Coal_300_OT,1.0,8.53
Guangdong-EP_Coal_300_RC,0.4,9.16975
Guangdong-EP_Coal_300_RC,1.0,8.53
Guangdong-EP_Coal_300_SEA,0.4,9.16975
Guangdong-EP_Coal_300_SEA,1.0,8.53
Guangdong-EP_Coal_600_RC,0.4,8.52475
Guangdong-EP_Coal_600_RC,1.0,7.930000000000001
Guangdong-EP_Coal_600_SEA,0.4,8.524750000000001
Guangdong-EP_Coal_600_SEA,1.0,7.930000000000001
Guangdong-EP_Gas_CCGT_OT,0.45,8.68368
Guangdong-EP_Gas_CCGT_OT,1.0,6.32
Guangdong-EP_Gas_CCGT_RC,0.45,9.425639999999998
Guangdong-EP_Gas_CCGT_RC,1.0,6.860000000000002
Guangdong-EP_Gas_CCGT_SEA,0.45,8.68368
Guangdong-EP_Gas_CCGT_SEA,1.0,6.32
Guangdong-Gas_CCGT_OT,0.45,8.88978
Guangdong-Gas_CCGT_OT,1.0,6.47
Guangdong-Gas_CCGT_RC,0.45,9.64548
Guangdong-Gas_CCGT_RC,1.0,7.019999999999999
Guangdong-Gas_CCGT_SEA,0.45,8.88978
Guangdong-Gas_CCGT_SEA,1.0,6.470000000000001
Guangdong-Gas_Combustion_Turbine_RC,0.4,11.03368
Guangdong-Gas_Combustion_Turbine_RC,1.0,9.76
Guangxi-Coal_1000_OT,0.4,8.471
Guangxi-Coal_1000_OT,1.0,7.88
Guangxi-Coal_1000_RC,0.4,8.471
Guangxi-Coal_1000_RC,1.0,7.88
Guangxi-Coal_1000_SEA,0.4,8.471
Guangxi-Coal_1000_SEA,1.0,7.88
Guangxi-Coal_100_OT,0.4,9.814750000000002
Guangxi-Coal_100_OT,1.0,9.13
Guangxi-Coal_100_RC,0.4,9.7395
Guangxi-Coal_100_RC,1.0,9.06
Guangxi-Coal_300_OT,0.4,9.589
Guangxi-Coal_300_OT,1.0,8.92
Guangxi-Coal_300_RC,0.4,9.589
Guangxi-Coal_300_RC,1.0,8.92
Guangxi-Coal_300_SEA,0.4,9.589
Guangxi-Coal_300_SEA,1.0,8.92
Guangxi-Coal_600_OT,0.4,9.08375
Guangxi-Coal_600_OT,1.0,8.45
Guangxi-Coal_600_RC,0.4,9.08375
Guangxi-Coal_600_RC,1.0,8.45
Guangxi-Coal_600_SEA,0.4,9.08375
Guangxi-Coal_600_SEA,1.0,8.45
Guangxi-Coal_IGCC_RC,0.4,12.75715
Guangxi-Coal_IGCC_RC,1.0,8.89
Guangxi-Coal_Small_OT,0.4,10.3845
Guangxi-Coal_Small_OT,1.0,9.66
Guangxi-Coal_Small_RC,0.4,10.406
Guangxi-Coal_Small_RC,1.0,9.68
Guangxi-EP_Coal_1000_RC,0.4,8.2345
Guangxi-EP_Coal_1000_RC,1.0,7.66
Guangxi-EP_Coal_1000_SEA,0.4,8.2345
Guangxi-EP_Coal_1000_SEA,1.0,7.66
Guangxi-EP_Coal_300_OT,0.4,9.16975
Guangxi-EP_Coal_300_OT,1.0,8.53
Guangxi-EP_Coal_300_RC,0.4,9.16975
Guangxi-EP_Coal_300_RC,1.0,8.53
Guangxi-EP_Coal_300_SEA,0.4,9.16975
Guangxi-EP_Coal_300_SEA,1.0,8.53
Guangxi-EP_Coal_600_OT,0.4,8.52475
Guangxi-EP_Coal_600_OT,1.0,7.93
Guangxi-EP_Coal_600_SEA,0.4,8.52475
Guangxi-EP_Coal_600_SEA,1.0,7.93
Guangxi-Gas_CCGT_OT,0.45,8.88978
Guangxi-Gas_CCGT_OT,1.0,6.47
Guangxi-Gas_CCGT_RC,0.45,9.64548
Guangxi-Gas_CCGT_RC,1.0,7.02
Guangxi-Gas_CCGT_SEA,0.45,8.88978
Guangxi-Gas_CCGT_SEA,1.0,6.47
Guangxi-Gas_Combustion_Turbine_RC,0.4,11.03368
Guangxi-Gas_Combustion_Turbine_RC,1.0,9.76
Guizhou-Coal_1000_RC,0.4,8.471
Guizhou-Coal_1000_RC,1.0,7.88
Guizhou-Coal_100_RC,0.4,9.7395
Guizhou-Coal_100_RC,1.0,9.06
Guizhou-Coal_300_RC,0.4,9.589
Guizhou-Coal_300_RC,1.0,8.92
Guizhou-Coal_600_RC,0.4,9.08375
Guizhou-Coal_600_RC,1.0,8.45
Guizhou-Coal_IGCC_RC,0.4,12.75715
Guizhou-Coal_IGCC_RC,1.0,8.89
Guizhou-Coal_Small_RC,0.4,10.406
Guizhou-Coal_Small_RC,1.0,9.68
Guizhou-EP_Coal_300_RC,0.4,9.169750000000002
Guizhou-EP_Coal_300_RC,1.0,8.529999999999998
Guizhou-EP_Coal_600_RC,0.4,8.524750000000001
Guizhou-EP_Coal_600_RC,1.0,7.9300000000000015
Guizhou-Gas_CCGT_RC,0.45,9.64548
Guizhou-Gas_CCGT_RC,1.0,7.02
Guizhou-Gas_Combustion_Turbine_RC,0.4,11.03368
Guizhou-Gas_Combustion_Turbine_RC,1.0,9.76
Hainan-Coal_1000_RC,0.4,8.471
Hainan-Coal_1000_RC,1.0,7.88
Hainan-Coal_1000_SEA,0.4,8.471
Hainan-Coal_1000_SEA,1.0,7.88
Hainan-Coal_100_SEA,0.4,9.81475
Hainan-Coal_100_SEA,1.0,9.13
Hainan-Coal_300_RC,0.4,9.589
Hainan-Coal_300_RC,1.0,8.92
Hainan-Coal_300_SEA,0.4,9.589
Hainan-Coal_300_SEA,1.0,8.92
Hainan-Coal_600_RC,0.4,9.08375
Hainan-Coal_600_RC,1.0,8.45
Hainan-Coal_600_SEA,0.4,9.08375
Hainan-Coal_600_SEA,1.0,8.45
Hainan-Coal_IGCC_RC,0.4,12.75715
Hainan-Coal_IGCC_RC,1.0,8.89
Hainan-Coal_Small_SEA,0.4,10.3845
Hainan-Coal_Small_SEA,1.0,9.66
Hainan-EP_Coal_300_SEA,0.4,9.16975
Hainan-EP_Coal_300_SEA,1.0,8.53
Hainan-EP_Gas_CCGT_RC,0.45,9.42564
Hainan-EP_Gas_CCGT_RC,1.0,6.86
Hainan-EP_Gas_CCGT_SEA,0.45,8.68368
Hainan-EP_Gas_CCGT_SEA,1.0,6.32
Hainan-Gas_CCGT_RC,0.45,9.64548
Hainan-Gas_CCGT_RC,1.0,7.02
Hainan-Gas_CCGT_SEA,0.45,8.88978
Hainan-Gas_CCGT_SEA,1.0,6.47
Hainan-Gas_Combustion_Turbine_RC,0.4,11.03368
Hainan-Gas_Combustion_Turbine_RC,1.0,9.76
Hebei-Coal_1000_DRY,0.4,8.9225
Hebei-Coal_1000_DRY,1.0,8.3
Hebei-Coal_1000_OT,0.4,8.471
Hebei-Coal_1000_OT,1.0,7.88
Hebei-Coal_1000_RC,0.4,8.471
Hebei-Coal_1000_RC,1.0,7.88
Hebei-Coal_1000_SEA,0.4,8.471
Hebei-Coal_1000_SEA,1.0,7.88
Hebei-Coal_100_OT,0.4,9.814750000000002
Hebei-Coal_100_OT,1.0,9.13
Hebei-Coal_100_RC,0.4,9.739499999999996
Hebei-Coal_100_RC,1.0,9.06
Hebei-Coal_100_SEA,0.4,9.81475
Hebei-Coal_100_SEA,1.0,9.13
Hebei-Coal_300_DRY,0.4,10.07275
Hebei-Coal_300_DRY,1.0,9.37
Hebei-Coal_300_OT,0.4,9.589
Hebei-Coal_300_OT,1.0,8.92
Hebei-Coal_300_RC,0.4,9.589
Hebei-Coal_300_RC,1.0,8.92
Hebei-Coal_300_SEA,0.4,9.589
Hebei-Coal_300_SEA,1.0,8.92
Hebei-Coal_600_DRY,0.4,9.6105
Hebei-Coal_600_DRY,1.0,8.94
Hebei-Coal_600_OT,0.4,9.08375
Hebei-Coal_600_OT,1.0,8.45
Hebei-Coal_600_RC,0.4,9.08375
Hebei-Coal_600_RC,1.0,8.45
Hebei-Coal_600_SEA,0.4,9.08375
Hebei-Coal_600_SEA,1.0,8.45
Hebei-Coal_IGCC_RC,0.4,12.75715
Hebei-Coal_IGCC_RC,1.0,8.89
Hebei-Coal_Small_RC,0.4,10.406
Hebei-Coal_Small_RC,1.0,9.68
Hebei-EP_Coal_1000_SEA,0.4,8.2345
Hebei-EP_Coal_1000_SEA,1.0,7.66
Hebei-EP_Coal_300_DRY,0.4,9.460000000000004
Hebei-EP_Coal_300_DRY,1.0,8.8
Hebei-EP_Coal_300_RC,0.4,9.169750000000002
Hebei-EP_Coal_300_RC,1.0,8.53
Hebei-EP_Coal_300_SEA,0.4,9.16975
Hebei-EP_Coal_300_SEA,1.0,8.53
Hebei-EP_Coal_600_DRY,0.4,8.8795
Hebei-EP_Coal_600_DRY,1.0,8.26
Hebei-EP_Coal_600_RC,0.4,8.52475
Hebei-EP_Coal_600_RC,1.0,7.93
Hebei-EP_Coal_600_SEA,0.4,8.52475
Hebei-EP_Coal_600_SEA,1.0,7.93
Hebei-EP_Gas_CCGT_RC,0.45,9.42564
Hebei-EP_Gas_CCGT_RC,1.0,6.86
Hebei-Gas_CCGT_OT,0.45,8.88978
Hebei-Gas_CCGT_OT,1.0,6.47
Hebei-Gas_CCGT_RC,0.45,9.64548
Hebei-Gas_CCGT_RC,1.0,7.019999999999999
Hebei-Gas_CCGT_SEA,0.45,8.88978
Hebei-Gas_CCGT_SEA,1.0,6.47
Hebei-Gas_Combustion_Turbine_RC,0.4,11.03368
Hebei-Gas_Combustion_Turbine_RC,1.0,9.76
Heilongjiang-Coal_1000_DRY,0.4,8.9225
Heilongjiang-Coal_1000_DRY,1.0,8.3
Heilongjiang-Coal_1000_OT,0.4,8.471
Heilongjiang-Coal_1000_OT,1.0,7.88
Heilongjiang-Coal_1000_RC,0.4,8.471
Heilongjiang-Coal_1000_RC,1.0,7.88
Heilongjiang-Coal_100_OT,0.4,9.81475
Heilongjiang-Coal_100_OT,1.0,9.13
Heilongjiang-Coal_100_RC,0.4,9.739499999999998
Heilongjiang-Coal_100_RC,1.0,9.06
Heilongjiang-Coal_300_DRY,0.4,10.07275
Heilongjiang-Coal_300_DRY,1.0,9.37
Heilongjiang-Coal_300_OT,0.4,9.589
Heilongjiang-Coal_300_OT,1.0,8.92
Heilongjiang-Coal_300_RC,0.4,9.589
Heilongjiang-Coal_300_RC,1.0,8.92
Heilongjiang-Coal_600_DRY,0.4,9.6105
Heilongjiang-Coal_600_DRY,1.0,8.94
Heilongjiang-Coal_600_OT,0.4,9.08375
Heilongjiang-Coal_600_OT,1.0,8.45
Heilongjiang-Coal_600_RC,0.4,9.08375
Heilongjiang-Coal_600_RC,1.0,8.45
Heilongjiang-Coal_IGCC_RC,0.4,12.75715
Heilongjiang-Coal_IGCC_RC,1.0,8.89
Heilongjiang-Coal_Small_OT,0.4,10.3845
Heilongjiang-Coal_Small_OT,1.0,9.66
Heilongjiang-Coal_Small_RC,0.4,10.406
Heilongjiang-Coal_Small_RC,1.0,9.68
Heilongjiang-EP_Coal_300_OT,0.4,9.16975
Heilongjiang-EP_Coal_300_OT,1.0,8.53
Heilongjiang-EP_Coal_300_RC,0.4,9.16975
Heilongjiang-EP_Coal_300_RC,1.0,8.53
Heilongjiang-EP_Coal_600_RC,0.4,8.52475
Heilongjiang-EP_Coal_600_RC,1.0,7.93
Heilongjiang-EP_Gas_CCGT_RC,0.45,9.42564
Heilongjiang-EP_Gas_CCGT_RC,1.0,6.86
Heilongjiang-Gas_CCGT_OT,0.45,8.88978
Heilongjiang-Gas_CCGT_OT,1.0,6.47
Heilongjiang-Gas_CCGT_RC,0.45,9.64548
Heilongjiang-Gas_CCGT_RC,1.0,7.019999999999999
Heilongjiang-Gas_Combustion_Turbine_RC,0.4,11.03368
Heilongjiang-Gas_Combustion_Turbine_RC,1.0,9.76
Henan-Coal_1000_DRY,0.4,8.9225
Henan-Coal_1000_DRY,1.0,8.3
Henan-Coal_1000_RC,0.4,8.471
Henan-Coal_1000_RC,1.0,7.88
Henan-Coal_100_RC,0.4,9.739500000000003
Henan-Coal_100_RC,1.0,9.06
Henan-Coal_300_DRY,0.4,10.07275
Henan-Coal_300_DRY,1.0,9.37
Henan-Coal_300_RC,0.4,9.589
Henan-Coal_300_RC,1.0,8.92
Henan-Coal_600_DRY,0.4,9.6105
Henan-Coal_600_DRY,1.0,8.94
Henan-Coal_600_RC,0.4,9.08375
Henan-Coal_600_RC,1.0,8.45
Henan-Coal_IGCC_RC,0.4,12.75715
Henan-Coal_IGCC_RC,1.0,8.89
Henan-Coal_Small_RC,0.4,10.406
Henan-Coal_Small_RC,1.0,9.68
Henan-EP_Coal_1000_RC,0.4,8.234499999999999
Henan-EP_Coal_1000_RC,1.0,7.659999999999999
Henan-EP_Coal_300_OT,0.4,9.16975
Henan-EP_Coal_300_OT,1.0,8.53
Henan-EP_Coal_300_RC,0.4,9.16975
Henan-EP_Coal_300_RC,1.0,8.53
Henan-EP_Coal_600_DRY,0.4,8.8795
Henan-EP_Coal_600_DRY,1.0,8.26
Henan-EP_Coal_600_RC,0.4,8.524749999999997
Henan-EP_Coal_600_RC,1.0,7.930000000000001
Henan-EP_Gas_CCGT_RC,0.45,9.42564
Henan-EP_Gas_CCGT_RC,1.0,6.860000000000001
Henan-Gas_CCGT_RC,0.45,9.64548
Henan-Gas_CCGT_RC,1.0,7.019999999999999
Henan-Gas_Combustion_Turbine_RC,0.4,11.03368
Henan-Gas_Combustion_Turbine_RC,1.0,9.76
Hubei-Coal_1000_RC,0.4,8.471
Hubei-Coal_1000_RC,1.0,7.88
Hubei-Coal_100_OT,0.4,9.81475
Hubei-Coal_100_OT,1.0,9.13
Hubei-Coal_100_RC,0.4,9.7395
Hubei-Coal_100_RC,1.0,9.06
Hubei-Coal_300_RC,0.4,9.589
Hubei-Coal_300_RC,1.0,8.92
Hubei-Coal_600_RC,0.4,9.08375
Hubei-Coal_600_RC,1.0,8.45
Hubei-Coal_IGCC_RC,0.4,12.75715
Hubei-Coal_IGCC_RC,1.0,8.89
Hubei-Coal_Small_OT,0.4,10.3845
Hubei-Coal_Small_OT,1.0,9.66
Hubei-Coal_Small_RC,0.4,10.406
Hubei-Coal_Small_RC,1.0,9.68
Hubei-EP_Coal_1000_RC,0.4,8.2345
Hubei-EP_Coal_1000_RC,1.0,7.66
Hubei-EP_Coal_300_OT,0.4,9.16975
Hubei-EP_Coal_300_OT,1.0,8.53
Hubei-EP_Coal_300_RC,0.4,9.169749999999995
Hubei-EP_Coal_300_RC,1.0,8.53
Hubei-EP_Coal_600_OT,0.4,8.52475
Hubei-EP_Coal_600_OT,1.0,7.93
Hubei-EP_Coal_600_RC,0.4,8.52475
Hubei-EP_Coal_600_RC,1.0,7.93
Hubei-EP_Gas_CCGT_OT,0.45,8.68368
Hubei-EP_Gas_CCGT_OT,1.0,6.32
Hubei-EP_Gas_CCGT_RC,0.45,9.42564
Hubei-EP_Gas_CCGT_RC,1.0,6.86
Hubei-Gas_CCGT_RC,0.45,9.64548
Hubei-Gas_CCGT_RC,1.0,7.02
Hubei-Gas_Combustion_Turbine_RC,0.4,11.03368
Hubei-Gas_Combustion_Turbine_RC,1.0,9.76
Hunan-Coal_1000_RC,0.4,8.471
Hunan-Coal_1000_RC,1.0,7.88
Hunan-Coal_100_OT,0.4,9.81475
Hunan-Coal_100_OT,1.0,9.13
Hunan-Coal_300_RC,0.4,9.589
Hunan-Coal_300_RC,1.0,8.92
Hunan-Coal_600_RC,0.4,9.08375
Hunan-Coal_600_RC,1.0,8.45
Hunan-Coal_IGCC_RC,0.4,12.75715
Hunan-Coal_IGCC_RC,1.0,8.89
Hunan-Coal_Small_OT,0.4,10.3845
Hunan-Coal_Small_OT,1.0,9.66
Hunan-Coal_Small_RC,0.4,10.406
Hunan-Coal_Small_RC,1.0,9.68
Hunan-EP_Coal_1000_RC,0.4,8.2345
Hunan-EP_Coal_1000_RC,1.0,7.66
Hunan-EP_Coal_300_OT,0.4,9.16975
Hunan-EP_Coal_300_OT,1.0,8.53
Hunan-EP_Coal_300_RC,0.4,9.16975
Hunan-EP_Coal_300_RC,1.0,8.53
Hunan-EP_Coal_600_OT,0.4,8.52475
Hunan-EP_Coal_600_OT,1.0,7.9300000000000015
Hunan-EP_Coal_600_RC,0.4,8.52475
Hunan-EP_Coal_600_RC,1.0,7.9300000000000015
Hunan-Gas_CCGT_RC,0.45,9.64548
Hunan-Gas_CCGT_RC,1.0,7.02
Hunan-Gas_Combustion_Turbine_RC,0.4,11.03368
Hunan-Gas_Combustion_Turbine_RC,1.0,9.76
Jiangsu-Coal_1000_OT,0.4,8.471
Jiangsu-Coal_1000_OT,1.0,7.88
Jiangsu-Coal_1000_RC,0.4,8.471
Jiangsu-Coal_1000_RC,1.0,7.88
Jiangsu-Coal_1000_SEA,0.4,8.471
Jiangsu-Coal_1000_SEA,1.0,7.88
Jiangsu-Coal_100_OT,0.4,9.81475
Jiangsu-Coal_100_OT,1.0,9.13
Jiangsu-Coal_100_RC,0.4,9.739499999999998
Jiangsu-Coal_100_RC,1.0,9.06
Jiangsu-Coal_300_OT,0.4,9.589
Jiangsu-Coal_300_OT,1.0,8.92
Jiangsu-Coal_300_RC,0.4,9.589
Jiangsu-Coal_300_RC,1.0,8.92
Jiangsu-Coal_300_SEA,0.4,9.589
Jiangsu-Coal_300_SEA,1.0,8.92
Jiangsu-Coal_600_OT,0.4,9.08375
Jiangsu-Coal_600_OT,1.0,8.45
Jiangsu-Coal_600_RC,0.4,9.08375
Jiangsu-Coal_600_RC,1.0,8.45
Jiangsu-Coal_600_SEA,0.4,9.08375
Jiangsu-Coal_600_SEA,1.0,8.45
Jiangsu-Coal_IGCC_RC,0.4,12.75715
Jiangsu-Coal_IGCC_RC,1.0,8.89
Jiangsu-Coal_Small_OT,0.4,10.3845
Jiangsu-Coal_Small_OT,1.0,9.66
Jiangsu-Coal_Small_RC,0.4,10.406
Jiangsu-Coal_Small_RC,1.0,9.68
Jiangsu-EP_Coal_1000_OT,0.4,8.2345
Jiangsu-EP_Coal_1000_OT,1.0,7.66
Jiangsu-EP_Coal_1000_RC,0.4,8.2345
Jiangsu-EP_Coal_1000_RC,1.0,7.66
Jiangsu-EP_Coal_1000_SEA,0.4,8.2345
Jiangsu-EP_Coal_1000_SEA,1.0,7.66
Jiangsu-EP_Coal_300_OT,0.4,9.16975
Jiangsu-EP_Coal_300_OT,1.0,8.53
Jiangsu-EP_Coal_300_RC,0.4,9.16975
Jiangsu-EP_Coal_300_RC,1.0,8.53
Jiangsu-EP_Coal_600_OT,0.4,8.524750000000001
Jiangsu-EP_Coal_600_OT,1.0,7.930000000000001
Jiangsu-EP_Coal_600_RC,0.4,8.52475
Jiangsu-EP_Coal_600_RC,1.0,7.93
Jiangsu-EP_Coal_600_SEA,0.4,8.52475
Jiangsu-EP_Coal_600_SEA,1.0,7.93
Jiangsu-EP_Gas_CCGT_OT,0.45,8.68368
Jiangsu-EP_Gas_CCGT_OT,1.0,6.32
Jiangsu-EP_Gas_CCGT_RC,0.45,9.425639999999998
Jiangsu-EP_Gas_CCGT_RC,1.0,6.860000000000002
Jiangsu-Gas_CCGT_OT,0.45,8.88978
Jiangsu-Gas_CCGT_OT,1.0,6.470000000000001
Jiangsu-Gas_CCGT_RC,0.45,9.64548
Jiangsu-Gas_CCGT_RC,1.0,7.019999999999999
Jiangsu-Gas_CCGT_SEA,0.45,8.88978
Jiangsu-Gas_CCGT_SEA,1.0,6.47
Jiangsu-Gas_Combustion_Turbine_RC,0.4,11.03368
Jiangsu-Gas_Combustion_Turbine_RC,1.0,9.76
Jiangxi-Coal_1000_OT,0.4,8.471
Jiangxi-Coal_1000_OT,1.0,7.88
Jiangxi-Coal_1000_RC,0.4,8.471
Jiangxi-Coal_1000_RC,1.0,7.88
Jiangxi-Coal_100_OT,0.4,9.81475
Jiangxi-Coal_100_OT,1.0,9.13
Jiangxi-Coal_100_RC,0.4,9.7395
Jiangxi-Coal_100_RC,1.0,9.06
Jiangxi-Coal_300_OT,0.4,9.589
Jiangxi-Coal_300_OT,1.0,8.92
Jiangxi-Coal_300_RC,0.4,9.589
Jiangxi-Coal_300_RC,1.0,8.92
Jiangxi-Coal_600_OT,0.4,9.08375
Jiangxi-Coal_600_OT,1.0,8.45
Jiangxi-Coal_600_RC,0.4,9.08375
Jiangxi-Coal_600_RC,1.0,8.45
Jiangxi-Coal_IGCC_RC,0.4,12.75715
Jiangxi-Coal_IGCC_RC,1.0,8.89
Jiangxi-Coal_Small_OT,0.4,10.3845
Jiangxi-Coal_Small_OT,1.0,9.66
Jiangxi-Coal_Small_RC,0.4,10.406
Jiangxi-Coal_Small_RC,1.0,9.68
Jiangxi-EP_Coal_1000_RC,0.4,8.2345
Jiangxi-EP_Coal_1000_RC,1.0,7.66
Jiangxi-EP_Coal_300_OT,0.4,9.16975
Jiangxi-EP_Coal_300_OT,1.0,8.53
Jiangxi-EP_Coal_300_RC,0.4,9.16975
Jiangxi-EP_Coal_300_RC,1.0,8.53
Jiangxi-EP_Coal_600_OT,0.4,8.52475
Jiangxi-EP_Coal_600_OT,1.0,7.93
Jiangxi-EP_Coal_600_RC,0.4,8.52475
Jiangxi-EP_Coal_600_RC,1.0,7.930000000000003
Jiangxi-EP_Gas_CCGT_RC,0.45,9.42564
Jiangxi-EP_Gas_CCGT_RC,1.0,6.86
Jiangxi-Gas_CCGT_OT,0.45,8.88978
Jiangxi-Gas_CCGT_OT,1.0,6.47
Jiangxi-Gas_CCGT_RC,0.45,9.64548
Jiangxi-Gas_CCGT_RC,1.0,7.02
Jiangxi-Gas_Combustion_Turbine_RC,0.4,11.03368
Jiangxi-Gas_Combustion_Turbine_RC,1.0,9.76
Jilin-Coal_1000_DRY,0.4,8.9225
Jilin-Coal_1000_DRY,1.0,8.3
Jilin-Coal_1000_RC,0.4,8.471
Jilin-Coal_1000_RC,1.0,7.88
Jilin-Coal_100_OT,0.4,9.814750000000002
Jilin-Coal_100_OT,1.0,9.13
Jilin-Coal_100_RC,0.4,9.739499999999996
Jilin-Coal_100_RC,1.0,9.06
Jilin-Coal_300_DRY,0.4,10.07275
Jilin-Coal_300_DRY,1.0,9.37
Jilin-Coal_300_RC,0.4,9.589
Jilin-Coal_300_RC,1.0,8.92
Jilin-Coal_600_DRY,0.4,9.6105
Jilin-Coal_600_DRY,1.0,8.94
Jilin-Coal_600_RC,0.4,9.08375
Jilin-Coal_600_RC,1.0,8.45
Jilin-Coal_IGCC_RC,0.4,12.75715
Jilin-Coal_IGCC_RC,1.0,8.89
Jilin-Coal_Small_OT,0.4,10.3845
Jilin-Coal_Small_OT,1.0,9.66
Jilin-Coal_Small_RC,0.4,10.406
Jilin-Coal_Small_RC,1.0,9.68
Jilin-EP_Coal_300_DRY,0.4,9.46
Jilin-EP_Coal_300_DRY,1.0,8.8
Jilin-EP_Coal_300_RC,0.4,9.16975
Jilin-EP_Coal_300_RC,1.0,8.53
Jilin-EP_Coal_600_DRY,0.4,8.8795
Jilin-EP_Coal_600_DRY,1.0,8.26
Jilin-EP_Coal_600_RC,0.4,8.52475
Jilin-EP_Coal_600_RC,1.0,7.93
Jilin-Gas_CCGT_RC,0.45,9.64548
Jilin-Gas_CCGT_RC,1.0,7.02
Jilin-Gas_Combustion_Turbine_RC,0.4,11.03368
Jilin-Gas_Combustion_Turbine_RC,1.0,9.76
Liaoning-Coal_1000_DRY,0.4,8.9225
Liaoning-Coal_1000_DRY,1.0,8.3
Liaoning-Coal_1000_RC,0.4,8.471
Liaoning-Coal_1000_RC,1.0,7.88
Liaoning-Coal_1000_SEA,0.4,8.471
Liaoning-Coal_1000_SEA,1.0,7.88
Liaoning-Coal_100_RC,0.4,9.7395
Liaoning-Coal_100_RC,1.0,9.06
Liaoning-Coal_300_DRY,0.4,10.07275
Liaoning-Coal_300_DRY,1.0,9.37
Liaoning-Coal_300_RC,0.4,9.589
Liaoning-Coal_300_RC,1.0,8.92
Liaoning-Coal_300_SEA,0.4,9.589
Liaoning-Coal_300_SEA,1.0,8.92
Liaoning-Coal_600_DRY,0.4,9.6105
Liaoning-Coal_600_DRY,1.0,8.94
Liaoning-Coal_600_RC,0.4,9.08375
Liaoning-Coal_600_RC,1.0,8.45
Liaoning-Coal_600_SEA,0.4,9.08375
Liaoning-Coal_600_SEA,1.0,8.45
Liaoning-Coal_IGCC_RC,0.4,12.75715
Liaoning-Coal_IGCC_RC,1.0,8.89
Liaoning-Coal_Small_OT,0.4,10.3845
Liaoning-Coal_Small_OT,1.0,9.66
Liaoning-Coal_Small_RC,0.4,10.406
Liaoning-Coal_Small_RC,1.0,9.68
Liaoning-Coal_Small_SEA,0.4,10.3845
Liaoning-Coal_Small_SEA,1.0,9.66
Liaoning-EP_Coal_1000_SEA,0.4,8.2345
Liaoning-EP_Coal_1000_SEA,1.0,7.66
Liaoning-EP_Coal_300_DRY,0.4,9.46
Liaoning-EP_Coal_300_DRY,1.0,8.8
Liaoning-EP_Coal_300_RC,0.4,9.16975
Liaoning-EP_Coal_300_RC,1.0,8.53
Liaoning-EP_Coal_300_SEA,0.4,9.16975
Liaoning-EP_Coal_300_SEA,1.0,8.53
Liaoning-EP_Coal_600_DRY,0.4,8.8795
Liaoning-EP_Coal_600_DRY,1.0,8.26
Liaoning-EP_Coal_600_RC,0.4,8.52475
Liaoning-EP_Coal_600_RC,1.0,7.93
Liaoning-EP_Coal_600_SEA,0.4,8.52475
Liaoning-EP_Coal_600_SEA,1.0,7.93
Liaoning-Gas_CCGT_RC,0.45,9.64548
Liaoning-Gas_CCGT_RC,1.0,7.019999999999999
Liaoning-Gas_CCGT_SEA,0.45,8.88978
Liaoning-Gas_CCGT_SEA,1.0,6.47
Liaoning-Gas_Combustion_Turbine_RC,0.4,11.03368
Liaoning-Gas_Combustion_Turbine_RC,1.0,9.76
Ningxia-Coal_1000_DRY,0.4,8.9225
Ningxia-Coal_1000_DRY,1.0,8.3
Ningxia-Coal_1000_RC,0.4,8.471
Ningxia-Coal_1000_RC,1.0,7.88
Ningxia-Coal_100_RC,0.4,9.7395
Ningxia-Coal_100_RC,1.0,9.06
Ningxia-Coal_300_DRY,0.4,10.07275
Ningxia-Coal_300_DRY,1.0,9.37
Ningxia-Coal_300_RC,0.4,9.589
Ningxia-Coal_300_RC,1.0,8.92
Ningxia-Coal_600_DRY,0.4,9.6105
Ningxia-Coal_600_DRY,1.0,8.94
Ningxia-Coal_600_RC,0.4,9.08375
Ningxia-Coal_600_RC,1.0,8.45
Ningxia-Coal_IGCC_RC,0.4,12.75715
Ningxia-Coal_IGCC_RC,1.0,8.89
Ningxia-Coal_Small_RC,0.4,10.406
Ningxia-Coal_Small_RC,1.0,9.68
Ningxia-EP_Coal_1000_DRY,0.4,8.41725
Ningxia-EP_Coal_1000_DRY,1.0,7.83
Ningxia-EP_Coal_300_DRY,0.4,9.46
Ningxia-EP_Coal_300_DRY,1.0,8.8
Ningxia-EP_Coal_300_RC,0.4,9.169749999999995
Ningxia-EP_Coal_300_RC,1.0,8.53
Ningxia-EP_Coal_600_DRY,0.4,8.8795
Ningxia-EP_Coal_600_DRY,1.0,8.259999999999998
Ningxia-EP_Gas_CCGT_RC,0.45,9.42564
Ningxia-EP_Gas_CCGT_RC,1.0,6.86
Ningxia-Gas_CCGT_RC,0.45,9.64548
Ningxia-Gas_CCGT_RC,1.0,7.02
Ningxia-Gas_Combustion_Turbine_RC,0.4,11.03368
Ningxia-Gas_Combustion_Turbine_RC,1.0,9.76
Qinghai-Coal_1000_DRY,0.4,8.9225
Qinghai-Coal_1000_DRY,1.0,8.3
Qinghai-Coal_1000_RC,0.4,8.471
Qinghai-Coal_1000_RC,1.0,7.88
Qinghai-Coal_100_RC,0.4,9.7395
Qinghai-Coal_100_RC,1.0,9.06
Qinghai-Coal_300_DRY,0.4,10.07275
Qinghai-Coal_300_DRY,1.0,9.37
Qinghai-Coal_300_RC,0.4,9.589
Qinghai-Coal_300_RC,1.0,8.92
Qinghai-Coal_600_DRY,0.4,9.6105
Qinghai-Coal_600_DRY,1.0,8.94
Qinghai-Coal_600_RC,0.4,9.08375
Qinghai-Coal_600_RC,1.0,8.45
Qinghai-Coal_IGCC_RC,0.4,12.75715
Qinghai-Coal_IGCC_RC,1.0,8.89
Qinghai-Coal_Small_RC,0.4,10.406
Qinghai-Coal_Small_RC,1.0,9.68
Qinghai-EP_Coal_300_DRY,0.4,9.46
Qinghai-EP_Coal_300_DRY,1.0,8.8
Qinghai-EP_Coal_300_RC,0.4,9.16975
Qinghai-EP_Coal_300_RC,1.0,8.53
Qinghai-EP_Coal_600_DRY,0.4,8.8795
Qinghai-EP_Coal_600_DRY,1.0,8.26
Qinghai-Gas_CCGT_RC,0.45,9.64548
Qinghai-Gas_CCGT_RC,1.0,7.02
Qinghai-Gas_Combustion_Turbine_RC,0.4,11.03368
Qinghai-Gas_Combustion_Turbine_RC,1.0,9.76
Shaanxi-Coal_1000_DRY,0.4,8.9225
Shaanxi-Coal_1000_DRY,1.0,8.3
Shaanxi-Coal_1000_RC,0.4,8.471
Shaanxi-Coal_1000_RC,1.0,7.88
Shaanxi-Coal_100_DRY,0.4,10.15875
Shaanxi-Coal_100_DRY,1.0,9.45
Shaanxi-Coal_100_RC,0.4,9.7395
Shaanxi-Coal_100_RC,1.0,9.06
Shaanxi-Coal_300_DRY,0.4,10.07275
Shaanxi-Coal_300_DRY,1.0,9.37
Shaanxi-Coal_300_RC,0.4,9.589
Shaanxi-Coal_300_RC,1.0,8.92
Shaanxi-Coal_600_DRY,0.4,9.6105
Shaanxi-Coal_600_DRY,1.0,8.94
Shaanxi-Coal_600_RC,0.4,9.08375
Shaanxi-Coal_600_RC,1.0,8.45
Shaanxi-Coal_IGCC_RC,0.4,12.75715
Shaanxi-Coal_IGCC_RC,1.0,8.89
Shaanxi-Coal_Small_DRY,0.4,10.8145
Shaanxi-Coal_Small_DRY,1.0,10.06
Shaanxi-Coal_Small_RC,0.4,10.406
Shaanxi-Coal_Small_RC,1.0,9.68
Shaanxi-EP_Coal_1000_DRY,0.4,8.41725
Shaanxi-EP_Coal_1000_DRY,1.0,7.83
Shaanxi-EP_Coal_300_DRY,0.4,9.46
Shaanxi-EP_Coal_300_DRY,1.0,8.8
Shaanxi-EP_Coal_300_RC,0.4,9.16975
Shaanxi-EP_Coal_300_RC,1.0,8.53
Shaanxi-EP_Coal_600_DRY,0.4,8.879500000000002
Shaanxi-EP_Coal_600_DRY,1.0,8.26
Shaanxi-EP_Coal_600_RC,0.4,8.52475
Shaanxi-EP_Coal_600_RC,1.0,7.93
Shaanxi-Gas_CCGT_RC,0.45,9.64548
Shaanxi-Gas_CCGT_RC,1.0,7.02
Shaanxi-Gas_Combustion_Turbine_RC,0.4,11.03368
Shaanxi-Gas_Combustion_Turbine_RC,1.0,9.76
Shandong-Coal_1000_DRY,0.4,8.9225
Shandong-Coal_1000_DRY,1.0,8.3
Shandong-Coal_1000_OT,0.4,8.471
Shandong-Coal_1000_OT,1.0,7.88
Shandong-Coal_1000_RC,0.4,8.471
Shandong-Coal_1000_RC,1.0,7.88
Shandong-Coal_100_RC,0.4,9.7395
Shandong-Coal_100_RC,1.0,9.059999999999995
Shandong-Coal_100_SEA,0.4,9.81475
Shandong-Coal_100_SEA,1.0,9.13
Shandong-Coal_300_DRY,0.4,10.07275
Shandong-Coal_300_DRY,1.0,9.37
Shandong-Coal_300_OT,0.4,9.589
Shandong-Coal_300_OT,1.0,8.92
Shandong-Coal_300_RC,0.4,9.589
Shandong-Coal_300_RC,1.0,8.92
Shandong-Coal_600_DRY,0.4,9.6105
Shandong-Coal_600_DRY,1.0,8.94
Shandong-Coal_600_OT,0.4,9.08375
Shandong-Coal_600_OT,1.0,8.45
Shandong-Coal_600_RC,0.4,9.08375
Shandong-Coal_600_RC,1.0,8.45
Shandong-Coal_IGCC_RC,0.4,12.75715
Shandong-Coal_IGCC_RC,1.0,8.89
Shandong-Coal_Small_RC,0.4,10.406
Shandong-Coal_Small_RC,1.0,9.68
Shandong-Coal_Small_SEA,0.4,10.3845
Shandong-Coal_Small_SEA,1.0,9.66
Shandong-EP_Coal_1000_RC,0.4,8.2345
Shandong-EP_Coal_1000_RC,1.0,7.66
Shandong-EP_Coal_1000_SEA,0.4,8.234499999999999
Shandong-EP_Coal_1000_SEA,1.0,7.659999999999999
Shandong-EP_Coal_300_RC,0.4,9.16975
Shandong-EP_Coal_300_RC,1.0,8.529999999999998
Shandong-EP_Coal_300_SEA,0.4,9.16975
Shandong-EP_Coal_300_SEA,1.0,8.53
Shandong-EP_Coal_600_RC,0.4,8.52475
Shandong-EP_Coal_600_RC,1.0,7.930000000000003
Shandong-EP_Coal_600_SEA,0.4,8.52475
Shandong-EP_Coal_600_SEA,1.0,7.93
Shandong-Gas_CCGT_OT,0.45,8.88978
Shandong-Gas_CCGT_OT,1.0,6.47
Shandong-Gas_CCGT_RC,0.45,9.64548
Shandong-Gas_CCGT_RC,1.0,7.019999999999999
Shandong-Gas_Combustion_Turbine_RC,0.4,11.03368
Shandong-Gas_Combustion_Turbine_RC,1.0,9.76
Shanghai-Coal_1000_OT,0.4,8.471
Shanghai-Coal_1000_OT,1.0,7.88
Shanghai-Coal_1000_RC,0.4,8.471
Shanghai-Coal_1000_RC,1.0,7.88
Shanghai-Coal_1000_SEA,0.4,8.471
Shanghai-Coal_1000_SEA,1.0,7.88
Shanghai-Coal_100_SEA,0.4,9.81475
Shanghai-Coal_100_SEA,1.0,9.13
Shanghai-Coal_300_OT,0.4,9.589
Shanghai-Coal_300_OT,1.0,8.92
Shanghai-Coal_300_RC,0.4,9.589
Shanghai-Coal_300_RC,1.0,8.92
Shanghai-Coal_300_SEA,0.4,9.589
Shanghai-Coal_300_SEA,1.0,8.92
Shanghai-Coal_600_OT,0.4,9.08375
Shanghai-Coal_600_OT,1.0,8.45
Shanghai-Coal_600_RC,0.4,9.08375
Shanghai-Coal_600_RC,1.0,8.45
Shanghai-Coal_600_SEA,0.4,9.08375
Shanghai-Coal_600_SEA,1.0,8.45
Shanghai-Coal_IGCC_RC,0.4,12.75715
Shanghai-Coal_IGCC_RC,1.0,8.89
Shanghai-Coal_Small_OT,0.4,10.3845
Shanghai-Coal_Small_OT,1.0,9.66
Shanghai-Coal_Small_RC,0.4,10.406
Shanghai-Coal_Small_RC,1.0,9.68
Shanghai-Coal_Small_SEA,0.4,10.3845
Shanghai-Coal_Small_SEA,1.0,9.66
Shanghai-EP_Coal_1000_OT,0.4,8.2345
Shanghai-EP_Coal_1000_OT,1.0,7.66
Shanghai-EP_Coal_1000_SEA,0.4,8.2345
Shanghai-EP_Coal_1000_SEA,1.0,7.66
Shanghai-EP_Coal_300_OT,0.4,9.16975
Shanghai-EP_Coal_300_OT,1.0,8.53
Shanghai-EP_Coal_600_OT,0.4,8.52475
Shanghai-EP_Coal_600_OT,1.0,7.93
Shanghai-EP_Coal_600_RC,0.4,8.52475
Shanghai-EP_Coal_600_RC,1.0,7.93
Shanghai-EP_Gas_CCGT_OT,0.45,8.68368
Shanghai-EP_Gas_CCGT_OT,1.0,6.32
Shanghai-EP_Gas_CCGT_RC,0.45,9.42564
Shanghai-EP_Gas_CCGT_RC,1.0,6.86
Shanghai-EP_Gas_CCGT_SEA,0.45,8.68368
Shanghai-EP_Gas_CCGT_SEA,1.0,6.32
Shanghai-Gas_CCGT_OT,0.45,8.88978
Shanghai-Gas_CCGT_OT,1.0,6.47
Shanghai-Gas_CCGT_RC,0.45,9.64548
Shanghai-Gas_CCGT_RC,1.0,7.02
Shanghai-Gas_CCGT_SEA,0.45,8.88978
Shanghai-Gas_CCGT_SEA,1.0,6.47
Shanghai-Gas_Combustion_Turbine_RC,0.4,11.03368
Shanghai-Gas_Combustion_Turbine_RC,1.0,9.76
Shanxi-Coal_1000_DRY,0.4,8.9225
Shanxi-Coal_1000_DRY,1.0,8.3
Shanxi-Coal_1000_RC,0.4,8.471
Shanxi-Coal_1000_RC,1.0,7.88
Shanxi-Coal_100_DRY,0.4,10.15875
Shanxi-Coal_100_DRY,1.0,9.449999999999998
Shanxi-Coal_100_OT,0.4,9.81475
Shanxi-Coal_100_OT,1.0,9.13
Shanxi-Coal_100_RC,0.4,9.739499999999998
Shanxi-Coal_100_RC,1.0,9.06
Shanxi-Coal_300_DRY,0.4,10.07275
Shanxi-Coal_300_DRY,1.0,9.37
Shanxi-Coal_300_RC,0.4,9.589
Shanxi-Coal_300_RC,1.0,8.92
Shanxi-Coal_600_DRY,0.4,9.6105
Shanxi-Coal_600_DRY,1.0,8.94
Shanxi-Coal_600_RC,0.4,9.08375
Shanxi-Coal_600_RC,1.0,8.45
Shanxi-Coal_IGCC_RC,0.4,12.75715
Shanxi-Coal_IGCC_RC,1.0,8.89
Shanxi-Coal_Small_DRY,0.4,10.8145
Shanxi-Coal_Small_DRY,1.0,10.06
Shanxi-Coal_Small_RC,0.4,10.406
Shanxi-Coal_Small_RC,1.0,9.68
Shanxi-EP_Coal_1000_DRY,0.4,8.41725
Shanxi-EP_Coal_1000_DRY,1.0,7.83
Shanxi-EP_Coal_300_DRY,0.4,9.46
Shanxi-EP_Coal_300_DRY,1.0,8.799999999999999
Shanxi-EP_Coal_300_OT,0.4,9.16975
Shanxi-EP_Coal_300_OT,1.0,8.53
Shanxi-EP_Coal_300_RC,0.4,9.169749999999995
Shanxi-EP_Coal_300_RC,1.0,8.53
Shanxi-EP_Coal_600_DRY,0.4,8.8795
Shanxi-EP_Coal_600_DRY,1.0,8.26
Shanxi-EP_Coal_600_RC,0.4,8.52475
Shanxi-EP_Coal_600_RC,1.0,7.9300000000000015
Shanxi-EP_Gas_CCGT_RC,0.45,9.42564
Shanxi-EP_Gas_CCGT_RC,1.0,6.86
Shanxi-Gas_CCGT_RC,0.45,9.64548
Shanxi-Gas_CCGT_RC,1.0,7.019999999999999
Shanxi-Gas_Combustion_Turbine_RC,0.4,11.03368
Shanxi-Gas_Combustion_Turbine_RC,1.0,9.76
Sichuan-Coal_1000_RC,0.4,8.471
Sichuan-Coal_1000_RC,1.0,7.88
Sichuan-Coal_100_RC,0.4,9.739499999999998
Sichuan-Coal_100_RC,1.0,9.06
Sichuan-Coal_300_RC,0.4,9.589
Sichuan-Coal_300_RC,1.0,8.92
Sichuan-Coal_600_RC,0.4,9.08375
Sichuan-Coal_600_RC,1.0,8.45
Sichuan-Coal_IGCC_RC,0.4,12.75715
Sichuan-Coal_IGCC_RC,1.0,8.89
Sichuan-Coal_Small_RC,0.4,10.406
Sichuan-Coal_Small_RC,1.0,9.68
Sichuan-EP_Coal_300_RC,0.4,9.169749999999995
Sichuan-EP_Coal_300_RC,1.0,8.53
Sichuan-EP_Coal_600_RC,0.4,8.52475
Sichuan-EP_Coal_600_RC,1.0,7.9300000000000015
Sichuan-EP_Gas_CCGT_RC,0.45,9.42564
Sichuan-EP_Gas_CCGT_RC,1.0,6.86
Sichuan-Gas_CCGT_RC,0.45,9.64548
Sichuan-Gas_CCGT_RC,1.0,7.02
Sichuan-Gas_Combustion_Turbine_RC,0.4,11.03368
Sichuan-Gas_Combustion_Turbine_RC,1.0,9.76
Tianjin-Coal_1000_RC,0.4,8.471
Tianjin-Coal_1000_RC,1.0,7.88
Tianjin-Coal_1000_SEA,0.4,8.471
Tianjin-Coal_1000_SEA,1.0,7.88
Tianjin-Coal_100_RC,0.4,9.7395
Tianjin-Coal_100_RC,1.0,9.06
Tianjin-Coal_100_SEA,0.4,9.81475
Tianjin-Coal_100_SEA,1.0,9.13
Tianjin-Coal_300_RC,0.4,9.589
Tianjin-Coal_300_RC,1.0,8.92
Tianjin-Coal_300_SEA,0.4,9.589
Tianjin-Coal_300_SEA,1.0,8.92
Tianjin-Coal_600_RC,0.4,9.08375
Tianjin-Coal_600_RC,1.0,8.45
Tianjin-Coal_600_SEA,0.4,9.08375
Tianjin-Coal_600_SEA,1.0,8.45
Tianjin-Coal_IGCC_RC,0.4,12.75715
Tianjin-Coal_IGCC_RC,1.0,8.89
Tianjin-Coal_Small_RC,0.4,10.406
Tianjin-Coal_Small_RC,1.0,9.68
Tianjin-EP_Coal_1000_SEA,0.4,8.2345
Tianjin-EP_Coal_1000_SEA,1.0,7.66
Tianjin-EP_Coal_300_RC,0.4,9.16975
Tianjin-EP_Coal_300_RC,1.0,8.53
Tianjin-EP_Coal_300_SEA,0.4,9.16975
Tianjin-EP_Coal_300_SEA,1.0,8.53
Tianjin-EP_Coal_600_RC,0.4,8.52475
Tianjin-EP_Coal_600_RC,1.0,7.93
Tianjin-EP_Coal_IGCC_RC,0.4,10.17415
Tianjin-EP_Coal_IGCC_RC,1.0,7.09
Tianjin-EP_Gas_CCGT_RC,0.45,9.42564
Tianjin-EP_Gas_CCGT_RC,1.0,6.86
Tianjin-Gas_CCGT_RC,0.45,9.64548
Tianjin-Gas_CCGT_RC,1.0,7.02
Tianjin-Gas_CCGT_SEA,0.45,8.88978
Tianjin-Gas_CCGT_SEA,1.0,6.47
Tianjin-Gas_Combustion_Turbine_RC,0.4,11.03368
Tianjin-Gas_Combustion_Turbine_RC,1.0,9.76
Tibet-Gas_Combustion_Turbine_RC,0.4,11.03368
Tibet-Gas_Combustion_Turbine_RC,1.0,9.76
West_Inner_Mongolia-Coal_1000_DRY,0.4,8.9225
West_Inner_Mongolia-Coal_1000_DRY,1.0,8.299999999999999
West_Inner_Mongolia-Coal_1000_RC,0.4,8.471000000000002
West_Inner_Mongolia-Coal_1000_RC,1.0,7.880000000000001
West_Inner_Mongolia-Coal_100_DRY,0.4,10.15875
West_Inner_Mongolia-Coal_100_DRY,1.0,9.449999999999998
West_Inner_Mongolia-Coal_100_RC,0.4,9.739500000000003
West_Inner_Mongolia-Coal_100_RC,1.0,9.06
West_Inner_Mongolia-Coal_300_DRY,0.4,10.07275
West_Inner_Mongolia-Coal_300_DRY,1.0,9.37
West_Inner_Mongolia-Coal_300_RC,0.4,9.589
West_Inner_Mongolia-Coal_300_RC,1.0,8.92
West_Inner_Mongolia-Coal_600_DRY,0.4,9.6105
West_Inner_Mongolia-Coal_600_DRY,1.0,8.94
West_Inner_Mongolia-Coal_600_RC,0.4,9.08375
West_Inner_Mongolia-Coal_600_RC,1.0,8.450000000000001
West_Inner_Mongolia-Coal_IGCC_RC,0.4,12.757149999999998
West_Inner_Mongolia-Coal_IGCC_RC,1.0,8.89
West_Inner_Mongolia-Coal_Small_DRY,0.4,10.8145
West_Inner_Mongolia-Coal_Small_DRY,1.0,10.06
West_Inner_Mongolia-Coal_Small_RC,0.4,10.406
West_Inner_Mongolia-Coal_Small_RC,1.0,9.68
West_Inner_Mongolia-EP_Coal_300_DRY,0.4,9.460000000000004
West_Inner_Mongolia-EP_Coal_300_DRY,1.0,8.799999999999997
West_Inner_Mongolia-EP_Coal_300_RC,0.4,9.16975
West_Inner_Mongolia-EP_Coal_300_RC,1.0,8.53
West_Inner_Mongolia-EP_Coal_600_DRY,0.4,8.8795
West_Inner_Mongolia-EP_Coal_600_DRY,1.0,8.26
West_Inner_Mongolia-EP_Coal_600_OT,0.4,8.52475
West_Inner_Mongolia-EP_Coal_600_OT,1.0,7.93
West_Inner_Mongolia-EP_Coal_600_RC,0.4,8.52475
West_Inner_Mongolia-EP_Coal_600_RC,1.0,7.93
West_Inner_Mongolia-Gas_CCGT_RC,0.45,9.64548
West_Inner_Mongolia-Gas_CCGT_RC,1.0,7.019999999999998
West_Inner_Mongolia-Gas_Combustion_Turbine_RC,0.4,11.03368
West_Inner_Mongolia-Gas_Combustion_Turbine_RC,1.0,9.76
Xinjiang-Coal_1000_DRY,0.4,8.9225
Xinjiang-Coal_1000_DRY,1.0,8.3
Xinjiang-Coal_1000_RC,0.4,8.471
Xinjiang-Coal_1000_RC,1.0,7.88
Xinjiang-Coal_100_DRY,0.4,10.15875
Xinjiang-Coal_100_DRY,1.0,9.45
Xinjiang-Coal_100_RC,0.4,9.7395
Xinjiang-Coal_100_RC,1.0,9.06
Xinjiang-Coal_300_DRY,0.4,10.07275
Xinjiang-Coal_300_DRY,1.0,9.37
Xinjiang-Coal_300_RC,0.4,9.589
Xinjiang-Coal_300_RC,1.0,8.92
Xinjiang-Coal_600_DRY,0.4,9.6105
Xinjiang-Coal_600_DRY,1.0,8.94
Xinjiang-Coal_600_RC,0.4,9.08375
Xinjiang-Coal_600_RC,1.0,8.45
Xinjiang-Coal_IGCC_RC,0.4,12.75715
Xinjiang-Coal_IGCC_RC,1.0,8.89
Xinjiang-Coal_Small_DRY,0.4,10.8145
Xinjiang-Coal_Small_DRY,1.0,10.06
Xinjiang-Coal_Small_RC,0.4,10.406
Xinjiang-Coal_Small_RC,1.0,9.68
Xinjiang-EP_Coal_1000_DRY,0.4,8.41725
Xinjiang-EP_Coal_1000_DRY,1.0,7.83
Xinjiang-EP_Coal_300_DRY,0.4,9.460000000000004
Xinjiang-EP_Coal_300_DRY,1.0,8.799999999999997
Xinjiang-EP_Coal_300_RC,0.4,9.16975
Xinjiang-EP_Coal_300_RC,1.0,8.53
Xinjiang-EP_Coal_600_DRY,0.4,8.879500000000002
Xinjiang-EP_Coal_600_DRY,1.0,8.26
Xinjiang-EP_Gas_CCGT_RC,0.45,9.42564
Xinjiang-EP_Gas_CCGT_RC,1.0,6.86
Xinjiang-Gas_CCGT_RC,0.45,9.64548
Xinjiang-Gas_CCGT_RC,1.0,7.02
Xinjiang-Gas_Combustion_Turbine_RC,0.4,11.03368
Xinjiang-Gas_Combustion_Turbine_RC,1.0,9.76
Yunnan-Coal_1000_RC,0.4,8.471
Yunnan-Coal_1000_RC,1.0,7.88
Yunnan-Coal_100_RC,0.4,9.7395
Yunnan-Coal_100_RC,1.0,9.06
Yunnan-Coal_300_RC,0.4,9.589
Yunnan-Coal_300_RC,1.0,8.92
Yunnan-Coal_600_RC,0.4,9.08375
Yunnan-Coal_600_RC,1.0,8.45
Yunnan-Coal_IGCC_RC,0.4,12.75715
Yunnan-Coal_IGCC_RC,1.0,8.89
Yunnan-Coal_Small_RC,0.4,10.406
Yunnan-Coal_Small_RC,1.0,9.68
Yunnan-EP_Coal_300_RC,0.4,9.16975
Yunnan-EP_Coal_300_RC,1.0,8.53
Yunnan-EP_Coal_600_RC,0.4,8.52475
Yunnan-EP_Coal_600_RC,1.0,7.9300000000000015
Yunnan-Gas_CCGT_RC,0.45,9.64548
Yunnan-Gas_CCGT_RC,1.0,7.02
Yunnan-Gas_Combustion_Turbine_RC,0.4,11.03368
Yunnan-Gas_Combustion_Turbine_RC,1.0,9.76
Zhejiang-Coal_1000_OT,0.4,8.471
Zhejiang-Coal_1000_OT,1.0,7.88
Zhejiang-Coal_1000_RC,0.4,8.471
Zhejiang-Coal_1000_RC,1.0,7.88
Zhejiang-Coal_1000_SEA,0.4,8.471
Zhejiang-Coal_1000_SEA,1.0,7.88
Zhejiang-Coal_100_OT,0.4,9.81475
Zhejiang-Coal_100_OT,1.0,9.13
Zhejiang-Coal_100_RC,0.4,9.7395
Zhejiang-Coal_100_RC,1.0,9.06
Zhejiang-Coal_100_SEA,0.4,9.81475
Zhejiang-Coal_100_SEA,1.0,9.13
Zhejiang-Coal_300_OT,0.4,9.589
Zhejiang-Coal_300_OT,1.0,8.92
Zhejiang-Coal_300_RC,0.4,9.589
Zhejiang-Coal_300_RC,1.0,8.92
Zhejiang-Coal_300_SEA,0.4,9.589
Zhejiang-Coal_300_SEA,1.0,8.92
Zhejiang-Coal_600_OT,0.4,9.08375
Zhejiang-Coal_600_OT,1.0,8.45
Zhejiang-Coal_600_RC,0.4,9.08375
Zhejiang-Coal_600_RC,1.0,8.45
Zhejiang-Coal_600_SEA,0.4,9.08375
Zhejiang-Coal_600_SEA,1.0,8.45
Zhejiang-Coal_IGCC_RC,0.4,12.75715
Zhejiang-Coal_IGCC_RC,1.0,8.89
Zhejiang-Coal_Small_OT,0.4,10.3845
Zhejiang-Coal_Small_OT,1.0,9.66
Zhejiang-Coal_Small_RC,0.4,10.406
Zhejiang-Coal_Small_RC,1.0,9.68
Zhejiang-Coal_Small_SEA,0.4,10.3845
Zhejiang-Coal_Small_SEA,1.0,9.66
Zhejiang-EP_Coal_1000_RC,0.4,8.2345
Zhejiang-EP_Coal_1000_RC,1.0,7.66
Zhejiang-EP_Coal_1000_SEA,0.4,8.2345
Zhejiang-EP_Coal_1000_SEA,1.0,7.66
Zhejiang-EP_Coal_300_OT,0.4,9.16975
Zhejiang-EP_Coal_300_OT,1.0,8.53
Zhejiang-EP_Coal_300_RC,0.4,9.16975
Zhejiang-EP_Coal_300_RC,1.0,8.53
Zhejiang-EP_Coal_300_SEA,0.4,9.16975
Zhejiang-EP_Coal_300_SEA,1.0,8.53
Zhejiang-EP_Coal_600_RC,0.4,8.52475
Zhejiang-EP_Coal_600_RC,1.0,7.93
Zhejiang-EP_Coal_600_SEA,0.4,8.524750000000001
Zhejiang-EP_Coal_600_SEA,1.0,7.93
Zhejiang-EP_Gas_CCGT_OT,0.45,8.68368
Zhejiang-EP_Gas_CCGT_OT,1.0,6.32
Zhejiang-EP_Gas_CCGT_RC,0.45,9.425639999999998
Zhejiang-EP_Gas_CCGT_RC,1.0,6.860000000000001
Zhejiang-EP_Gas_CCGT_SEA,0.45,8.68368
Zhejiang-EP_Gas_CCGT_SEA,1.0,6.32
Zhejiang-Gas_CCGT_OT,0.45,8.88978
Zhejiang-Gas_CCGT_OT,1.0,6.47
Zhejiang-Gas_CCGT_RC,0.45,9.64548
Zhejiang-Gas_CCGT_RC,1.0,7.02
Zhejiang-Gas_CCGT_SEA,0.45,8.88978
Zhejiang-Gas_CCGT_SEA,1.0,6.47
Zhejiang-Gas_Combustion_Turbine_RC,0.4,11.03368
Zhejiang-Gas_Combustion_Turbine_RC,1.0,9.76
