GENERATION_PROJECT,gen_tech,gen_energy_source,gen_load_zone,gen_max_age,gen_is_variable,gen_is_flexible_baseload,gen_is_baseload,gen_can_provide_spinning_reserves,gen_can_provide_quickstart_reserves,gen_full_load_heat_rate,gen_variable_om,gen_connect_cost_per_mw,gen_scheduled_outage_rate,gen_forced_outage_rate,gen_capacity_limit_mw,gen_min_build_capacity,gen_is_cogen,gen_storage_efficiency,gen_store_to_release_ratio,gen_storage_energy_to_power_ratio,gen_min_load_fraction,gen_is_pumped_hydro
AT-Battery,Battery,Storage,AT,15,FALSE,FALSE,FALSE,TRUE,TRUE,.,0,0,0.0055,0.02,.,0,FALSE,0.85,1,4,0,FALSE
AT-Battery_EP,Battery_EP,Storage,AT,15,FALSE,FALSE,FALSE,TRUE,TRUE,.,0,0,0.0055,0.02,177,0,FALSE,0.85,1,4,0,FALSE
AT-Hydro Pumped Storage_EP,Hydro Pumped Storage_EP,HP,AT,100,FALSE,FALSE,FALSE,TRUE,TRUE,.,0,0,0.094,0.051,.,0,FALSE,0.74,1,15.5,0,TRUE
AT-Hydro Run of river and poundage_EP,Hydro Run of river and poundage_EP,Water,AT,100,FALSE,FALSE,FALSE,TRUE,TRUE,.,0,0,0.094,0.051,.,0,FALSE,.,.,.,0.3,FALSE
AT-Hydro Water Reservoir_EP,Hydro Water Reservoir_EP,Water,AT,100,FALSE,FALSE,FALSE,TRUE,TRUE,.,0,0,0.094,0.051,.,0,FALSE,.,.,.,0.3,FALSE
AT-Solar,Solar,Solar,AT,20,TRUE,FALSE,FALSE,FALSE,FALSE,.,0,0,0,0.02,.,0,FALSE,.,.,.,0,FALSE
AT-Solar_EP,Solar_EP,Solar,AT,20,TRUE,FALSE,FALSE,FALSE,FALSE,.,0,0,0,0.02,3265,0,FALSE,.,.,.,0,FALSE
AT-Wind Onshore,Wind Onshore,Wind,AT,30,TRUE,FALSE,FALSE,FALSE,FALSE,.,0,0,0.0139,0.02,.,0,FALSE,.,.,.,0,FALSE
AT-Wind Onshore_EP,Wind Onshore_EP,Wind,AT,30,TRUE,FALSE,FALSE,FALSE,FALSE,.,0,0,0.0139,0.02,3569,0,FALSE,.,.,.,0,FALSE
BE-Battery,Battery,Storage,BE,15,FALSE,FALSE,FALSE,TRUE,TRUE,.,0,0,0.0055,0.02,.,0,FALSE,0.85,1,4,0,FALSE
BE-Battery_EP,Battery_EP,Storage,BE,15,FALSE,FALSE,FALSE,TRUE,TRUE,.,0,0,0.0055,0.02,141,0,FALSE,0.85,1,4,0,FALSE
BE-Hydro Pumped Storage_EP,Hydro Pumped Storage_EP,HP,BE,100,FALSE,FALSE,FALSE,TRUE,TRUE,.,0,0,0.094,0.051,.,0,FALSE,0.74,1,15.5,0,TRUE
BE-Hydro Run of river and poundage_EP,Hydro Run of river and poundage_EP,Water,BE,100,FALSE,FALSE,FALSE,TRUE,TRUE,.,0,0,0.094,0.051,.,0,FALSE,.,.,.,0.3,FALSE
BE-Solar,Solar,Solar,BE,20,TRUE,FALSE,FALSE,FALSE,FALSE,.,0,0,0,0.02,.,0,FALSE,.,.,.,0,FALSE
BE-Solar_EP,Solar_EP,Solar,BE,20,TRUE,FALSE,FALSE,FALSE,FALSE,.,0,0,0,0.02,6475,0,FALSE,.,.,.,0,FALSE
BE-Wind Offshore,Wind Offshore,Wind,BE,30,TRUE,FALSE,FALSE,FALSE,FALSE,.,0,0,0.0262,0.02,.,0,FALSE,.,.,.,0,FALSE
BE-Wind Offshore_EP,Wind Offshore_EP,Wind,BE,30,TRUE,FALSE,FALSE,FALSE,FALSE,.,0,0,0.0262,0.02,2262,0,FALSE,.,.,.,0,FALSE
BE-Wind Onshore,Wind Onshore,Wind,BE,30,TRUE,FALSE,FALSE,FALSE,FALSE,.,0,0,0.0139,0.02,.,0,FALSE,.,.,.,0,FALSE
BE-Wind Onshore_EP,Wind Onshore_EP,Wind,BE,30,TRUE,FALSE,FALSE,FALSE,FALSE,.,0,0,0.0139,0.02,3053,0,FALSE,.,.,.,0,FALSE
BG-Battery,Battery,Storage,BG,15,FALSE,FALSE,FALSE,TRUE,TRUE,.,0,0,0.0055,0.02,.,0,FALSE,0.85,1,4,0,FALSE
BG-Battery_EP,Battery_EP,Storage,BG,15,FALSE,FALSE,FALSE,TRUE,TRUE,.,0,0,0.0055,0.02,67,0,FALSE,0.85,1,4,0,FALSE
BG-Hydro Pumped Storage_EP,Hydro Pumped Storage_EP,HP,BG,100,FALSE,FALSE,FALSE,TRUE,TRUE,.,0,0,0.094,0.051,.,0,FALSE,0.74,1,15.5,0,TRUE
BG-Hydro Run of river and poundage_EP,Hydro Run of river and poundage_EP,Water,BG,100,FALSE,FALSE,FALSE,TRUE,TRUE,.,0,0,0.094,0.051,.,0,FALSE,.,.,.,0.3,FALSE
BG-Hydro Water Reservoir_EP,Hydro Water Reservoir_EP,Water,BG,100,FALSE,FALSE,FALSE,TRUE,TRUE,.,0,0,0.094,0.051,.,0,FALSE,.,.,.,0.3,FALSE
BG-Solar,Solar,Solar,BG,20,TRUE,FALSE,FALSE,FALSE,FALSE,.,0,0,0,0.02,.,0,FALSE,.,.,.,0,FALSE
BG-Solar_EP,Solar_EP,Solar,BG,20,TRUE,FALSE,FALSE,FALSE,FALSE,.,0,0,0,0.02,2879,0,FALSE,.,.,.,0,FALSE
BG-Wind Onshore,Wind Onshore,Wind,BG,30,TRUE,FALSE,FALSE,FALSE,FALSE,.,0,0,0.0139,0.02,.,0,FALSE,.,.,.,0,FALSE
BG-Wind Onshore_EP,Wind Onshore_EP,Wind,BG,30,TRUE,FALSE,FALSE,FALSE,FALSE,.,0,0,0.0139,0.02,705,0,FALSE,.,.,.,0,FALSE
CZ-Battery,Battery,Storage,CZ,15,FALSE,FALSE,FALSE,TRUE,TRUE,.,0,0,0.0055,0.02,.,0,FALSE,0.85,1,4,0,FALSE
CZ-Battery_EP,Battery_EP,Storage,CZ,15,FALSE,FALSE,FALSE,TRUE,TRUE,.,0,0,0.0055,0.02,48,0,FALSE,0.85,1,4,0,FALSE
CZ-Hydro Pumped Storage_EP,Hydro Pumped Storage_EP,HP,CZ,100,FALSE,FALSE,FALSE,TRUE,TRUE,.,0,0,0.094,0.051,.,0,FALSE,0.74,1,15.5,0,TRUE
CZ-Hydro Run of river and poundage_EP,Hydro Run of river and poundage_EP,Water,CZ,100,FALSE,FALSE,FALSE,TRUE,TRUE,.,0,0,0.094,0.051,.,0,FALSE,.,.,.,0.3,FALSE
CZ-Hydro Water Reservoir_EP,Hydro Water Reservoir_EP,Water,CZ,100,FALSE,FALSE,FALSE,TRUE,TRUE,.,0,0,0.094,0.051,.,0,FALSE,.,.,.,0.3,FALSE
CZ-Solar,Solar,Solar,CZ,20,TRUE,FALSE,FALSE,FALSE,FALSE,.,0,0,0,0.02,.,0,FALSE,.,.,.,0,FALSE
CZ-Solar_EP,Solar_EP,Solar,CZ,20,TRUE,FALSE,FALSE,FALSE,FALSE,.,0,0,0,0.02,2083,0,FALSE,.,.,.,0,FALSE
CZ-Wind Onshore,Wind Onshore,Wind,CZ,30,TRUE,FALSE,FALSE,FALSE,FALSE,.,0,0,0.0139,0.02,.,0,FALSE,.,.,.,0,FALSE
CZ-Wind Onshore_EP,Wind Onshore_EP,Wind,CZ,30,TRUE,FALSE,FALSE,FALSE,FALSE,.,0,0,0.0139,0.02,339,0,FALSE,.,.,.,0,FALSE
DE-Battery,Battery,Storage,DE,15,FALSE,FALSE,FALSE,TRUE,TRUE,.,0,0,0.0055,0.02,.,0,FALSE,0.85,1,4,0,FALSE
DE-Battery_EP,Battery_EP,Storage,DE,15,FALSE,FALSE,FALSE,TRUE,TRUE,.,0,0,0.0055,0.02,1582,0,FALSE,0.85,1,4,0,FALSE
DE-Hydro Pumped Storage_EP,Hydro Pumped Storage_EP,HP,DE,100,FALSE,FALSE,FALSE,TRUE,TRUE,.,0,0,0.094,0.051,.,0,FALSE,0.74,1,15.5,0,TRUE
DE-Hydro Run of river and poundage_EP,Hydro Run of river and poundage_EP,Water,DE,100,FALSE,FALSE,FALSE,TRUE,TRUE,.,0,0,0.094,0.051,.,0,FALSE,.,.,.,0.3,FALSE
DE-Hydro Water Reservoir_EP,Hydro Water Reservoir_EP,Water,DE,100,FALSE,FALSE,FALSE,TRUE,TRUE,.,0,0,0.094,0.051,.,0,FALSE,.,.,.,0.3,FALSE
DE-Solar,Solar,Solar,DE,20,TRUE,FALSE,FALSE,FALSE,FALSE,.,0,0,0,0.02,.,0,FALSE,.,.,.,0,FALSE
DE-Solar_EP,Solar_EP,Solar,DE,20,TRUE,FALSE,FALSE,FALSE,FALSE,.,0,0,0,0.02,63066,0,FALSE,.,.,.,0,FALSE
DE-Wind Offshore,Wind Offshore,Wind,DE,30,TRUE,FALSE,FALSE,FALSE,FALSE,.,0,0,0.0262,0.02,.,0,FALSE,.,.,.,0,FALSE
DE-Wind Offshore_EP,Wind Offshore_EP,Wind,DE,30,TRUE,FALSE,FALSE,FALSE,FALSE,.,0,0,0.0262,0.02,8129,0,FALSE,.,.,.,0,FALSE
DE-Wind Onshore,Wind Onshore,Wind,DE,30,TRUE,FALSE,FALSE,FALSE,FALSE,.,0,0,0.0139,0.02,.,0,FALSE,.,.,.,0,FALSE
DE-Wind Onshore_EP,Wind Onshore_EP,Wind,DE,30,TRUE,FALSE,FALSE,FALSE,FALSE,.,0,0,0.0139,0.02,57590,0,FALSE,.,.,.,0,FALSE
DK-Battery,Battery,Storage,DK,15,FALSE,FALSE,FALSE,TRUE,TRUE,.,0,0,0.0055,0.02,.,0,FALSE,0.85,1,4,0,FALSE
DK-Battery_EP,Battery_EP,Storage,DK,15,FALSE,FALSE,FALSE,TRUE,TRUE,.,0,0,0.0055,0.02,124,0,FALSE,0.85,1,4,0,FALSE
DK-Hydro Run of river and poundage_EP,Hydro Run of river and poundage_EP,Water,DK,100,FALSE,FALSE,FALSE,TRUE,TRUE,.,0,0,0.094,0.051,.,0,FALSE,.,.,.,0.3,FALSE
DK-Solar,Solar,Solar,DK,20,TRUE,FALSE,FALSE,FALSE,FALSE,.,0,0,0,0.02,.,0,FALSE,.,.,.,0,FALSE
DK-Solar_EP,Solar_EP,Solar,DK,20,TRUE,FALSE,FALSE,FALSE,FALSE,.,0,0,0,0.02,2322,0,FALSE,.,.,.,0,FALSE
DK-Wind Offshore,Wind Offshore,Wind,DK,30,TRUE,FALSE,FALSE,FALSE,FALSE,.,0,0,0.0262,0.02,.,0,FALSE,.,.,.,0,FALSE
DK-Wind Offshore_EP,Wind Offshore_EP,Wind,DK,30,TRUE,FALSE,FALSE,FALSE,FALSE,.,0,0,0.0262,0.02,2306,0,FALSE,.,.,.,0,FALSE
DK-Wind Onshore,Wind Onshore,Wind,DK,30,TRUE,FALSE,FALSE,FALSE,FALSE,.,0,0,0.0139,0.02,.,0,FALSE,.,.,.,0,FALSE
DK-Wind Onshore_EP,Wind Onshore_EP,Wind,DK,30,TRUE,FALSE,FALSE,FALSE,FALSE,.,0,0,0.0139,0.02,4711,0,FALSE,.,.,.,0,FALSE
EE-Battery,Battery,Storage,EE,15,FALSE,FALSE,FALSE,TRUE,TRUE,.,0,0,0.0055,0.02,.,0,FALSE,0.85,1,4,0,FALSE
EE-Battery_EP,Battery_EP,Storage,EE,15,FALSE,FALSE,FALSE,TRUE,TRUE,.,0,0,0.0055,0.02,11,0,FALSE,0.85,1,4,0,FALSE
EE-Hydro Run of river and poundage_EP,Hydro Run of river and poundage_EP,Water,EE,100,FALSE,FALSE,FALSE,TRUE,TRUE,.,0,0,0.094,0.051,.,0,FALSE,.,.,.,0.3,FALSE
EE-Solar,Solar,Solar,EE,20,TRUE,FALSE,FALSE,FALSE,FALSE,.,0,0,0,0.02,.,0,FALSE,.,.,.,0,FALSE
EE-Solar_EP,Solar_EP,Solar,EE,20,TRUE,FALSE,FALSE,FALSE,FALSE,.,0,0,0,0.02,510,0,FALSE,.,.,.,0,FALSE
EE-Wind Onshore,Wind Onshore,Wind,EE,30,TRUE,FALSE,FALSE,FALSE,FALSE,.,0,0,0.0139,0.02,.,0,FALSE,.,.,.,0,FALSE
EE-Wind Onshore_EP,Wind Onshore_EP,Wind,EE,30,TRUE,FALSE,FALSE,FALSE,FALSE,.,0,0,0.0139,0.02,317,0,FALSE,.,.,.,0,FALSE
ES-Battery,Battery,Storage,ES,15,FALSE,FALSE,FALSE,TRUE,TRUE,.,0,0,0.0055,0.02,.,0,FALSE,0.85,1,4,0,FALSE
ES-Battery_EP,Battery_EP,Storage,ES,15,FALSE,FALSE,FALSE,TRUE,TRUE,.,0,0,0.0055,0.02,728,0,FALSE,0.85,1,4,0,FALSE
ES-Hydro Pumped Storage_EP,Hydro Pumped Storage_EP,HP,ES,100,FALSE,FALSE,FALSE,TRUE,TRUE,.,0,0,0.094,0.051,.,0,FALSE,0.74,1,15.5,0,TRUE
ES-Hydro Run of river and poundage_EP,Hydro Run of river and poundage_EP,Water,ES,100,FALSE,FALSE,FALSE,TRUE,TRUE,.,0,0,0.094,0.051,.,0,FALSE,.,.,.,0.3,FALSE
ES-Hydro Water Reservoir_EP,Hydro Water Reservoir_EP,Water,ES,100,FALSE,FALSE,FALSE,TRUE,TRUE,.,0,0,0.094,0.051,.,0,FALSE,.,.,.,0.3,FALSE
ES-Solar,Solar,Solar,ES,20,TRUE,FALSE,FALSE,FALSE,FALSE,.,0,0,0,0.02,.,0,FALSE,.,.,.,0,FALSE
ES-Solar_EP,Solar_EP,Solar,ES,20,TRUE,FALSE,FALSE,FALSE,FALSE,.,0,0,0,0.02,18523,0,FALSE,.,.,.,0,FALSE
ES-Wind Onshore,Wind Onshore,Wind,ES,30,TRUE,FALSE,FALSE,FALSE,FALSE,.,0,0,0.0139,0.02,.,0,FALSE,.,.,.,0,FALSE
ES-Wind Onshore_EP,Wind Onshore_EP,Wind,ES,30,TRUE,FALSE,FALSE,FALSE,FALSE,.,0,0,0.0139,0.02,29320,0,FALSE,.,.,.,0,FALSE
FR-Battery,Battery,Storage,FR,15,FALSE,FALSE,FALSE,TRUE,TRUE,.,0,0,0.0055,0.02,.,0,FALSE,0.85,1,4,0,FALSE
FR-Battery_EP,Battery_EP,Storage,FR,15,FALSE,FALSE,FALSE,TRUE,TRUE,.,0,0,0.0055,0.02,643,0,FALSE,0.85,1,4,0,FALSE
FR-Hydro Pumped Storage_EP,Hydro Pumped Storage_EP,HP,FR,100,FALSE,FALSE,FALSE,TRUE,TRUE,.,0,0,0.094,0.051,.,0,FALSE,0.74,1,15.5,0,TRUE
FR-Hydro Run of river and poundage_EP,Hydro Run of river and poundage_EP,Water,FR,100,FALSE,FALSE,FALSE,TRUE,TRUE,.,0,0,0.094,0.051,.,0,FALSE,.,.,.,0.3,FALSE
FR-Hydro Water Reservoir_EP,Hydro Water Reservoir_EP,Water,FR,100,FALSE,FALSE,FALSE,TRUE,TRUE,.,0,0,0.094,0.051,.,0,FALSE,.,.,.,0.3,FALSE
FR-Solar,Solar,Solar,FR,20,TRUE,FALSE,FALSE,FALSE,FALSE,.,0,0,0,0.02,.,0,FALSE,.,.,.,0,FALSE
FR-Solar_EP,Solar_EP,Solar,FR,20,TRUE,FALSE,FALSE,FALSE,FALSE,.,0,0,0,0.02,14639,0,FALSE,.,.,.,0,FALSE
FR-Wind Offshore,Wind Offshore,Wind,FR,30,TRUE,FALSE,FALSE,FALSE,FALSE,.,0,0,0.0262,0.02,.,0,FALSE,.,.,.,0,FALSE
FR-Wind Offshore_EP,Wind Offshore_EP,Wind,FR,30,TRUE,FALSE,FALSE,FALSE,FALSE,.,0,0,0.0262,0.02,494,0,FALSE,.,.,.,0,FALSE
FR-Wind Onshore,Wind Onshore,Wind,FR,30,TRUE,FALSE,FALSE,FALSE,FALSE,.,0,0,0.0139,0.02,.,0,FALSE,.,.,.,0,FALSE
FR-Wind Onshore_EP,Wind Onshore_EP,Wind,FR,30,TRUE,FALSE,FALSE,FALSE,FALSE,.,0,0,0.0139,0.02,20842,0,FALSE,.,.,.,0,FALSE
GB-Battery,Battery,Storage,GB,15,FALSE,FALSE,FALSE,TRUE,TRUE,.,0,0,0.0055,0.02,.,0,FALSE,0.85,1,4,0,FALSE
GB-Battery_EP,Battery_EP,Storage,GB,15,FALSE,FALSE,FALSE,TRUE,TRUE,.,0,0,0.0055,0.02,2918,0,FALSE,0.85,1,4,0,FALSE
GB-Hydro Pumped Storage_EP,Hydro Pumped Storage_EP,HP,GB,100,FALSE,FALSE,FALSE,TRUE,TRUE,.,0,0,0.094,0.051,.,0,FALSE,0.74,1,15.5,0,TRUE
GB-Hydro Water Reservoir_EP,Hydro Water Reservoir_EP,Water,GB,100,FALSE,FALSE,FALSE,TRUE,TRUE,.,0,0,0.094,0.051,.,0,FALSE,.,.,.,0.3,FALSE
GB-Solar,Solar,Solar,GB,20,TRUE,FALSE,FALSE,FALSE,FALSE,.,0,0,0,0.02,.,0,FALSE,.,.,.,0,FALSE
GB-Solar_EP,Solar_EP,Solar,GB,20,TRUE,FALSE,FALSE,FALSE,FALSE,.,0,0,0,0.02,306374,0,FALSE,.,.,.,0,FALSE
GB-Wind Offshore,Wind Offshore,Wind,GB,30,TRUE,FALSE,FALSE,FALSE,FALSE,.,0,0,0.0262,0.02,.,0,FALSE,.,.,.,0,FALSE
GB-Wind Offshore_EP,Wind Offshore_EP,Wind,GB,30,TRUE,FALSE,FALSE,FALSE,FALSE,.,0,0,0.0262,0.02,231739,0,FALSE,.,.,.,0,FALSE
GB-Wind Onshore,Wind Onshore,Wind,GB,30,TRUE,FALSE,FALSE,FALSE,FALSE,.,0,0,0.0139,0.02,.,0,FALSE,.,.,.,0,FALSE
GB-Wind Onshore_EP,Wind Onshore_EP,Wind,GB,30,TRUE,FALSE,FALSE,FALSE,FALSE,.,0,0,0.0139,0.02,7966,0,FALSE,.,.,.,0,FALSE
HR-Battery,Battery,Storage,HR,15,FALSE,FALSE,FALSE,TRUE,TRUE,.,0,0,0.0055,0.02,.,0,FALSE,0.85,1,4,0,FALSE
HR-Battery_EP,Battery_EP,Storage,HR,15,FALSE,FALSE,FALSE,TRUE,TRUE,.,0,0,0.0055,0.02,35,0,FALSE,0.85,1,4,0,FALSE
HR-Hydro Pumped Storage_EP,Hydro Pumped Storage_EP,HP,HR,100,FALSE,FALSE,FALSE,TRUE,TRUE,.,0,0,0.094,0.051,.,0,FALSE,0.74,1,15.5,0,TRUE
HR-Hydro Run of river and poundage_EP,Hydro Run of river and poundage_EP,Water,HR,100,FALSE,FALSE,FALSE,TRUE,TRUE,.,0,0,0.094,0.051,.,0,FALSE,.,.,.,0.3,FALSE
HR-Hydro Water Reservoir_EP,Hydro Water Reservoir_EP,Water,HR,100,FALSE,FALSE,FALSE,TRUE,TRUE,.,0,0,0.094,0.051,.,0,FALSE,.,.,.,0.3,FALSE
HR-Solar,Solar,Solar,HR,20,TRUE,FALSE,FALSE,FALSE,FALSE,.,0,0,0,0.02,.,0,FALSE,.,.,.,0,FALSE
HR-Solar_EP,Solar_EP,Solar,HR,20,TRUE,FALSE,FALSE,FALSE,FALSE,.,0,0,0,0.02,140,0,FALSE,.,.,.,0,FALSE
HR-Wind Onshore,Wind Onshore,Wind,HR,30,TRUE,FALSE,FALSE,FALSE,FALSE,.,0,0,0.0139,0.02,.,0,FALSE,.,.,.,0,FALSE
HR-Wind Onshore_EP,Wind Onshore_EP,Wind,HR,30,TRUE,FALSE,FALSE,FALSE,FALSE,.,0,0,0.0139,0.02,981,0,FALSE,.,.,.,0,FALSE
HU-Battery,Battery,Storage,HU,15,FALSE,FALSE,FALSE,TRUE,TRUE,.,0,0,0.0055,0.02,.,0,FALSE,0.85,1,4,0,FALSE
HU-Battery_EP,Battery_EP,Storage,HU,15,FALSE,FALSE,FALSE,TRUE,TRUE,.,0,0,0.0055,0.02,44,0,FALSE,0.85,1,4,0,FALSE
HU-Hydro Run of river and poundage_EP,Hydro Run of river and poundage_EP,Water,HU,100,FALSE,FALSE,FALSE,TRUE,TRUE,.,0,0,0.094,0.051,.,0,FALSE,.,.,.,0.3,FALSE
HU-Hydro Water Reservoir_EP,Hydro Water Reservoir_EP,Water,HU,100,FALSE,FALSE,FALSE,TRUE,TRUE,.,0,0,0.094,0.051,.,0,FALSE,.,.,.,0.3,FALSE
HU-Solar,Solar,Solar,HU,20,TRUE,FALSE,FALSE,FALSE,FALSE,.,0,0,0,0.02,.,0,FALSE,.,.,.,0,FALSE
HU-Solar_EP,Solar_EP,Solar,HU,20,TRUE,FALSE,FALSE,FALSE,FALSE,.,0,0,0,0.02,3300,0,FALSE,.,.,.,0,FALSE
HU-Wind Onshore,Wind Onshore,Wind,HU,30,TRUE,FALSE,FALSE,FALSE,FALSE,.,0,0,0.0139,0.02,.,0,FALSE,.,.,.,0,FALSE
HU-Wind Onshore_EP,Wind Onshore_EP,Wind,HU,30,TRUE,FALSE,FALSE,FALSE,FALSE,.,0,0,0.0139,0.02,323,0,FALSE,.,.,.,0,FALSE
IT-Battery,Battery,Storage,IT,15,FALSE,FALSE,FALSE,TRUE,TRUE,.,0,0,0.0055,0.02,.,0,FALSE,0.85,1,4,0,FALSE
IT-Battery_EP,Battery_EP,Storage,IT,15,FALSE,FALSE,FALSE,TRUE,TRUE,.,0,0,0.0055,0.02,377,0,FALSE,0.85,1,4,0,FALSE
IT-Hydro Pumped Storage_EP,Hydro Pumped Storage_EP,HP,IT,100,FALSE,FALSE,FALSE,TRUE,TRUE,.,0,0,0.094,0.051,.,0,FALSE,0.74,1,15.5,0,TRUE
IT-Hydro Run of river and poundage_EP,Hydro Run of river and poundage_EP,Water,IT,100,FALSE,FALSE,FALSE,TRUE,TRUE,.,0,0,0.094,0.051,.,0,FALSE,.,.,.,0.3,FALSE
IT-Hydro Water Reservoir_EP,Hydro Water Reservoir_EP,Water,IT,100,FALSE,FALSE,FALSE,TRUE,TRUE,.,0,0,0.094,0.051,.,0,FALSE,.,.,.,0.3,FALSE
IT-Solar,Solar,Solar,IT,20,TRUE,FALSE,FALSE,FALSE,FALSE,.,0,0,0,0.02,.,0,FALSE,.,.,.,0,FALSE
IT-Solar_EP,Solar_EP,Solar,IT,20,TRUE,FALSE,FALSE,FALSE,FALSE,.,0,0,0,0.02,5431,0,FALSE,.,.,.,0,FALSE
IT-Wind Offshore,Wind Offshore,Wind,IT,30,TRUE,FALSE,FALSE,FALSE,FALSE,.,0,0,0.0262,0.02,.,0,FALSE,.,.,.,0,FALSE
IT-Wind Offshore_EP,Wind Offshore_EP,Wind,IT,30,TRUE,FALSE,FALSE,FALSE,FALSE,.,0,0,0.0262,0.02,30,0,FALSE,.,.,.,0,FALSE
IT-Wind Onshore,Wind Onshore,Wind,IT,30,TRUE,FALSE,FALSE,FALSE,FALSE,.,0,0,0.0139,0.02,.,0,FALSE,.,.,.,0,FALSE
IT-Wind Onshore_EP,Wind Onshore_EP,Wind,IT,30,TRUE,FALSE,FALSE,FALSE,FALSE,.,0,0,0.0139,0.02,11204,0,FALSE,.,.,.,0,FALSE
LT-Battery,Battery,Storage,LT,15,FALSE,FALSE,FALSE,TRUE,TRUE,.,0,0,0.0055,0.02,.,0,FALSE,0.85,1,4,0,FALSE
LT-Battery_EP,Battery_EP,Storage,LT,15,FALSE,FALSE,FALSE,TRUE,TRUE,.,0,0,0.0055,0.02,18,0,FALSE,0.85,1,4,0,FALSE
LT-Hydro Pumped Storage_EP,Hydro Pumped Storage_EP,HP,LT,100,FALSE,FALSE,FALSE,TRUE,TRUE,.,0,0,0.094,0.051,.,0,FALSE,0.74,1,15.5,0,TRUE
LT-Hydro Run of river and poundage_EP,Hydro Run of river and poundage_EP,Water,LT,100,FALSE,FALSE,FALSE,TRUE,TRUE,.,0,0,0.094,0.051,.,0,FALSE,.,.,.,0.3,FALSE
LT-Solar,Solar,Solar,LT,20,TRUE,FALSE,FALSE,FALSE,FALSE,.,0,0,0,0.02,.,0,FALSE,.,.,.,0,FALSE
LT-Solar_EP,Solar_EP,Solar,LT,20,TRUE,FALSE,FALSE,FALSE,FALSE,.,0,0,0,0.02,578,0,FALSE,.,.,.,0,FALSE
LT-Wind Onshore,Wind Onshore,Wind,LT,30,TRUE,FALSE,FALSE,FALSE,FALSE,.,0,0,0.0139,0.02,.,0,FALSE,.,.,.,0,FALSE
LT-Wind Onshore_EP,Wind Onshore_EP,Wind,LT,30,TRUE,FALSE,FALSE,FALSE,FALSE,.,0,0,0.0139,0.02,814,0,FALSE,.,.,.,0,FALSE
LU-Battery,Battery,Storage,LU,15,FALSE,FALSE,FALSE,TRUE,TRUE,.,0,0,0.0055,0.02,.,0,FALSE,0.85,1,4,0,FALSE
LU-Battery_EP,Battery_EP,Storage,LU,15,FALSE,FALSE,FALSE,TRUE,TRUE,.,0,0,0.0055,0.02,6,0,FALSE,0.85,1,4,0,FALSE
LU-Hydro Run of river and poundage_EP,Hydro Run of river and poundage_EP,Water,LU,100,FALSE,FALSE,FALSE,TRUE,TRUE,.,0,0,0.094,0.051,.,0,FALSE,.,.,.,0.3,FALSE
LU-Hydro Water Reservoir_EP,Hydro Water Reservoir_EP,Water,LU,100,FALSE,FALSE,FALSE,TRUE,TRUE,.,0,0,0.094,0.051,.,0,FALSE,.,.,.,0.3,FALSE
LU-Solar,Solar,Solar,LU,20,TRUE,FALSE,FALSE,FALSE,FALSE,.,0,0,0,0.02,.,0,FALSE,.,.,.,0,FALSE
LU-Solar_EP,Solar_EP,Solar,LU,20,TRUE,FALSE,FALSE,FALSE,FALSE,.,0,0,0,0.02,300,0,FALSE,.,.,.,0,FALSE
LU-Wind Onshore,Wind Onshore,Wind,LU,30,TRUE,FALSE,FALSE,FALSE,FALSE,.,0,0,0.0139,0.02,.,0,FALSE,.,.,.,0,FALSE
LU-Wind Onshore_EP,Wind Onshore_EP,Wind,LU,30,TRUE,FALSE,FALSE,FALSE,FALSE,.,0,0,0.0139,0.02,152,0,FALSE,.,.,.,0,FALSE
LV-Battery,Battery,Storage,LV,15,FALSE,FALSE,FALSE,TRUE,TRUE,.,0,0,0.0055,0.02,.,0,FALSE,0.85,1,4,0,FALSE
LV-Battery_EP,Battery_EP,Storage,LV,15,FALSE,FALSE,FALSE,TRUE,TRUE,.,0,0,0.0055,0.02,22,0,FALSE,0.85,1,4,0,FALSE
LV-Hydro Run of river and poundage_EP,Hydro Run of river and poundage_EP,Water,LV,100,FALSE,FALSE,FALSE,TRUE,TRUE,.,0,0,0.094,0.051,.,0,FALSE,.,.,.,0.3,FALSE
LV-Solar,Solar,Solar,LV,20,TRUE,FALSE,FALSE,FALSE,FALSE,.,0,0,0,0.02,.,0,FALSE,.,.,.,0,FALSE
LV-Solar_EP,Solar_EP,Solar,LV,20,TRUE,FALSE,FALSE,FALSE,FALSE,.,0,0,0,0.02,63,0,FALSE,.,.,.,0,FALSE
LV-Wind Onshore,Wind Onshore,Wind,LV,30,TRUE,FALSE,FALSE,FALSE,FALSE,.,0,0,0.0139,0.02,.,0,FALSE,.,.,.,0,FALSE
LV-Wind Onshore_EP,Wind Onshore_EP,Wind,LV,30,TRUE,FALSE,FALSE,FALSE,FALSE,.,0,0,0.0139,0.02,165,0,FALSE,.,.,.,0,FALSE
ME-Battery,Battery,Storage,ME,15,FALSE,FALSE,FALSE,TRUE,TRUE,.,0,0,0.0055,0.02,.,0,FALSE,0.85,1,4,0,FALSE
ME-Battery_EP,Battery_EP,Storage,ME,15,FALSE,FALSE,FALSE,TRUE,TRUE,.,0,0,0.0055,0.02,8,0,FALSE,0.85,1,4,0,FALSE
ME-Hydro Run of river and poundage_EP,Hydro Run of river and poundage_EP,Water,ME,100,FALSE,FALSE,FALSE,TRUE,TRUE,.,0,0,0.094,0.051,.,0,FALSE,.,.,.,0.3,FALSE
ME-Hydro Water Reservoir_EP,Hydro Water Reservoir_EP,Water,ME,100,FALSE,FALSE,FALSE,TRUE,TRUE,.,0,0,0.094,0.051,.,0,FALSE,.,.,.,0.3,FALSE
ME-Solar,Solar,Solar,ME,20,TRUE,FALSE,FALSE,FALSE,FALSE,.,0,0,0,0.02,.,0,FALSE,.,.,.,0,FALSE
ME-Wind Onshore,Wind Onshore,Wind,ME,30,TRUE,FALSE,FALSE,FALSE,FALSE,.,0,0,0.0139,0.02,.,0,FALSE,.,.,.,0,FALSE
ME-Wind Onshore_EP,Wind Onshore_EP,Wind,ME,30,TRUE,FALSE,FALSE,FALSE,FALSE,.,0,0,0.0139,0.02,118,0,FALSE,.,.,.,0,FALSE
NL-Battery,Battery,Storage,NL,15,FALSE,FALSE,FALSE,TRUE,TRUE,.,0,0,0.0055,0.02,.,0,FALSE,0.85,1,4,0,FALSE
NL-Battery_EP,Battery_EP,Storage,NL,15,FALSE,FALSE,FALSE,TRUE,TRUE,.,0,0,0.0055,0.02,359,0,FALSE,0.85,1,4,0,FALSE
NL-Hydro Run of river and poundage_EP,Hydro Run of river and poundage_EP,Water,NL,100,FALSE,FALSE,FALSE,TRUE,TRUE,.,0,0,0.094,0.051,.,0,FALSE,.,.,.,0.3,FALSE
NL-Solar,Solar,Solar,NL,20,TRUE,FALSE,FALSE,FALSE,FALSE,.,0,0,0,0.02,.,0,FALSE,.,.,.,0,FALSE
NL-Solar_EP,Solar_EP,Solar,NL,20,TRUE,FALSE,FALSE,FALSE,FALSE,.,0,0,0,0.02,22590,0,FALSE,.,.,.,0,FALSE
NL-Wind Offshore,Wind Offshore,Wind,NL,30,TRUE,FALSE,FALSE,FALSE,FALSE,.,0,0,0.0262,0.02,.,0,FALSE,.,.,.,0,FALSE
NL-Wind Offshore_EP,Wind Offshore_EP,Wind,NL,30,TRUE,FALSE,FALSE,FALSE,FALSE,.,0,0,0.0262,0.02,3220,0,FALSE,.,.,.,0,FALSE
NL-Wind Onshore,Wind Onshore,Wind,NL,30,TRUE,FALSE,FALSE,FALSE,FALSE,.,0,0,0.0139,0.02,.,0,FALSE,.,.,.,0,FALSE
NL-Wind Onshore_EP,Wind Onshore_EP,Wind,NL,30,TRUE,FALSE,FALSE,FALSE,FALSE,.,0,0,0.0139,0.02,6190,0,FALSE,.,.,.,0,FALSE
NO-Battery,Battery,Storage,NO,15,FALSE,FALSE,FALSE,TRUE,TRUE,.,0,0,0.0055,0.02,.,0,FALSE,0.85,1,4,0,FALSE
NO-Battery_EP,Battery_EP,Storage,NO,15,FALSE,FALSE,FALSE,TRUE,TRUE,.,0,0,0.0055,0.02,428,0,FALSE,0.85,1,4,0,FALSE
NO-Hydro Pumped Storage_EP,Hydro Pumped Storage_EP,HP,NO,100,FALSE,FALSE,FALSE,TRUE,TRUE,.,0,0,0.094,0.051,.,0,FALSE,0.74,1,15.5,0,TRUE
NO-Hydro Run of river and poundage_EP,Hydro Run of river and poundage_EP,Water,NO,100,FALSE,FALSE,FALSE,TRUE,TRUE,.,0,0,0.094,0.051,.,0,FALSE,.,.,.,0.3,FALSE
NO-Hydro Water Reservoir_EP,Hydro Water Reservoir_EP,Water,NO,100,FALSE,FALSE,FALSE,TRUE,TRUE,.,0,0,0.094,0.051,.,0,FALSE,.,.,.,0.3,FALSE
NO-Solar,Solar,Solar,NO,20,TRUE,FALSE,FALSE,FALSE,FALSE,.,0,0,0,0.02,.,0,FALSE,.,.,.,0,FALSE
NO-Wind Onshore,Wind Onshore,Wind,NO,30,TRUE,FALSE,FALSE,FALSE,FALSE,.,0,0,0.0139,0.02,.,0,FALSE,.,.,.,0,FALSE
NO-Wind Onshore_EP,Wind Onshore_EP,Wind,NO,30,TRUE,FALSE,FALSE,FALSE,FALSE,.,0,0,0.0139,0.02,5130,0,FALSE,.,.,.,0,FALSE
PL-Battery,Battery,Storage,PL,15,FALSE,FALSE,FALSE,TRUE,TRUE,.,0,0,0.0055,0.02,.,0,FALSE,0.85,1,4,0,FALSE
PL-Battery_EP,Battery_EP,Storage,PL,15,FALSE,FALSE,FALSE,TRUE,TRUE,.,0,0,0.0055,0.02,233,0,FALSE,0.85,1,4,0,FALSE
PL-Hydro Pumped Storage_EP,Hydro Pumped Storage_EP,HP,PL,100,FALSE,FALSE,FALSE,TRUE,TRUE,.,0,0,0.094,0.051,.,0,FALSE,0.74,1,15.5,0,TRUE
PL-Hydro Run of river and poundage_EP,Hydro Run of river and poundage_EP,Water,PL,100,FALSE,FALSE,FALSE,TRUE,TRUE,.,0,0,0.094,0.051,.,0,FALSE,.,.,.,0.3,FALSE
PL-Hydro Water Reservoir_EP,Hydro Water Reservoir_EP,Water,PL,100,FALSE,FALSE,FALSE,TRUE,TRUE,.,0,0,0.094,0.051,.,0,FALSE,.,.,.,0.3,FALSE
PL-Solar,Solar,Solar,PL,20,TRUE,FALSE,FALSE,FALSE,FALSE,.,0,0,0,0.02,.,0,FALSE,.,.,.,0,FALSE
PL-Solar_EP,Solar_EP,Solar,PL,20,TRUE,FALSE,FALSE,FALSE,FALSE,.,0,0,0,0.02,10643,0,FALSE,.,.,.,0,FALSE
PL-Wind Onshore,Wind Onshore,Wind,PL,30,TRUE,FALSE,FALSE,FALSE,FALSE,.,0,0,0.0139,0.02,.,0,FALSE,.,.,.,0,FALSE
PL-Wind Onshore_EP,Wind Onshore_EP,Wind,PL,30,TRUE,FALSE,FALSE,FALSE,FALSE,.,0,0,0.0139,0.02,8978,0,FALSE,.,.,.,0,FALSE
PT-Battery,Battery,Storage,PT,15,FALSE,FALSE,FALSE,TRUE,TRUE,.,0,0,0.0055,0.02,.,0,FALSE,0.85,1,4,0,FALSE
PT-Battery_EP,Battery_EP,Storage,PT,15,FALSE,FALSE,FALSE,TRUE,TRUE,.,0,0,0.0055,0.02,131,0,FALSE,0.85,1,4,0,FALSE
PT-Hydro Pumped Storage_EP,Hydro Pumped Storage_EP,HP,PT,100,FALSE,FALSE,FALSE,TRUE,TRUE,.,0,0,0.094,0.051,.,0,FALSE,0.74,1,15.5,0,TRUE
PT-Hydro Run of river and poundage_EP,Hydro Run of river and poundage_EP,Water,PT,100,FALSE,FALSE,FALSE,TRUE,TRUE,.,0,0,0.094,0.051,.,0,FALSE,.,.,.,0.3,FALSE
PT-Hydro Water Reservoir_EP,Hydro Water Reservoir_EP,Water,PT,100,FALSE,FALSE,FALSE,TRUE,TRUE,.,0,0,0.094,0.051,.,0,FALSE,.,.,.,0.3,FALSE
PT-Solar,Solar,Solar,PT,20,TRUE,FALSE,FALSE,FALSE,FALSE,.,0,0,0,0.02,.,0,FALSE,.,.,.,0,FALSE
PT-Solar_EP,Solar_EP,Solar,PT,20,TRUE,FALSE,FALSE,FALSE,FALSE,.,0,0,0,0.02,1332,0,FALSE,.,.,.,0,FALSE
PT-Wind Offshore,Wind Offshore,Wind,PT,30,TRUE,FALSE,FALSE,FALSE,FALSE,.,0,0,0.0262,0.02,.,0,FALSE,.,.,.,0,FALSE
PT-Wind Offshore_EP,Wind Offshore_EP,Wind,PT,30,TRUE,FALSE,FALSE,FALSE,FALSE,.,0,0,0.0262,0.02,25,0,FALSE,.,.,.,0,FALSE
PT-Wind Onshore,Wind Onshore,Wind,PT,30,TRUE,FALSE,FALSE,FALSE,FALSE,.,0,0,0.0139,0.02,.,0,FALSE,.,.,.,0,FALSE
PT-Wind Onshore_EP,Wind Onshore_EP,Wind,PT,30,TRUE,FALSE,FALSE,FALSE,FALSE,.,0,0,0.0139,0.02,5328,0,FALSE,.,.,.,0,FALSE
RO-Battery,Battery,Storage,RO,15,FALSE,FALSE,FALSE,TRUE,TRUE,.,0,0,0.0055,0.02,.,0,FALSE,0.85,1,4,0,FALSE
RO-Battery_EP,Battery_EP,Storage,RO,15,FALSE,FALSE,FALSE,TRUE,TRUE,.,0,0,0.0055,0.02,115,0,FALSE,0.85,1,4,0,FALSE
RO-Hydro Run of river and poundage_EP,Hydro Run of river and poundage_EP,Water,RO,100,FALSE,FALSE,FALSE,TRUE,TRUE,.,0,0,0.094,0.051,.,0,FALSE,.,.,.,0.3,FALSE
RO-Hydro Water Reservoir_EP,Hydro Water Reservoir_EP,Water,RO,100,FALSE,FALSE,FALSE,TRUE,TRUE,.,0,0,0.094,0.051,.,0,FALSE,.,.,.,0.3,FALSE
RO-Solar,Solar,Solar,RO,20,TRUE,FALSE,FALSE,FALSE,FALSE,.,0,0,0,0.02,.,0,FALSE,.,.,.,0,FALSE
RO-Solar_EP,Solar_EP,Solar,RO,20,TRUE,FALSE,FALSE,FALSE,FALSE,.,0,0,0,0.02,1185,0,FALSE,.,.,.,0,FALSE
RO-Wind Onshore,Wind Onshore,Wind,RO,30,TRUE,FALSE,FALSE,FALSE,FALSE,.,0,0,0.0139,0.02,.,0,FALSE,.,.,.,0,FALSE
RO-Wind Onshore_EP,Wind Onshore_EP,Wind,RO,30,TRUE,FALSE,FALSE,FALSE,FALSE,.,0,0,0.0139,0.02,2957,0,FALSE,.,.,.,0,FALSE
SE-Battery,Battery,Storage,SE,15,FALSE,FALSE,FALSE,TRUE,TRUE,.,0,0,0.0055,0.02,.,0,FALSE,0.85,1,4,0,FALSE
SE-Battery_EP,Battery_EP,Storage,SE,15,FALSE,FALSE,FALSE,TRUE,TRUE,.,0,0,0.0055,0.02,343,0,FALSE,0.85,1,4,0,FALSE
SE-Hydro Water Reservoir_EP,Hydro Water Reservoir_EP,Water,SE,100,FALSE,FALSE,FALSE,TRUE,TRUE,.,0,0,0.094,0.051,.,0,FALSE,.,.,.,0.3,FALSE
SE-Solar,Solar,Solar,SE,20,TRUE,FALSE,FALSE,FALSE,FALSE,.,0,0,0,0.02,.,0,FALSE,.,.,.,0,FALSE
SE-Wind Onshore,Wind Onshore,Wind,SE,30,TRUE,FALSE,FALSE,FALSE,FALSE,.,0,0,0.0139,0.02,.,0,FALSE,.,.,.,0,FALSE
SE-Wind Onshore_EP,Wind Onshore_EP,Wind,SE,30,TRUE,FALSE,FALSE,FALSE,FALSE,.,0,0,0.0139,0.02,14700,0,FALSE,.,.,.,0,FALSE
SI-Battery,Battery,Storage,SI,15,FALSE,FALSE,FALSE,TRUE,TRUE,.,0,0,0.0055,0.02,.,0,FALSE,0.85,1,4,0,FALSE
SI-Battery_EP,Battery_EP,Storage,SI,15,FALSE,FALSE,FALSE,TRUE,TRUE,.,0,0,0.0055,0.02,20,0,FALSE,0.85,1,4,0,FALSE
SI-Hydro Pumped Storage_EP,Hydro Pumped Storage_EP,HP,SI,100,FALSE,FALSE,FALSE,TRUE,TRUE,.,0,0,0.094,0.051,.,0,FALSE,0.74,1,15.5,0,TRUE
SI-Hydro Run of river and poundage_EP,Hydro Run of river and poundage_EP,Water,SI,100,FALSE,FALSE,FALSE,TRUE,TRUE,.,0,0,0.094,0.051,.,0,FALSE,.,.,.,0.3,FALSE
SI-Solar,Solar,Solar,SI,20,TRUE,FALSE,FALSE,FALSE,FALSE,.,0,0,0,0.02,.,0,FALSE,.,.,.,0,FALSE
SI-Solar_EP,Solar_EP,Solar,SI,20,TRUE,FALSE,FALSE,FALSE,FALSE,.,0,0,0,0.02,702,0,FALSE,.,.,.,0,FALSE
SI-Wind Onshore,Wind Onshore,Wind,SI,30,TRUE,FALSE,FALSE,FALSE,FALSE,.,0,0,0.0139,0.02,.,0,FALSE,.,.,.,0,FALSE
SI-Wind Onshore_EP,Wind Onshore_EP,Wind,SI,30,TRUE,FALSE,FALSE,FALSE,FALSE,.,0,0,0.0139,0.02,2,0,FALSE,.,.,.,0,FALSE
AT-Coal-SUBCRITICAL,Coal-SUBCRITICAL,Coal,AT,30,FALSE,TRUE,FALSE,FALSE,FALSE,8.749076923,0,0,0.52,0.05,.,0,FALSE,.,.,.,0.5,FALSE
AT-Coal-SUBCRITICAL_EP,Coal-SUBCRITICAL_EP,Coal,AT,30,FALSE,TRUE,FALSE,FALSE,FALSE,8.749076923,0,0,0.52,0.05,0,0,FALSE,.,.,.,0.5,FALSE
AT-Coal-SUPERCRITICAL,Coal-SUPERCRITICAL,Coal,AT,40,FALSE,TRUE,FALSE,FALSE,FALSE,7.935209302,0,0,0.32,0.05,.,0,FALSE,.,.,.,0.5,FALSE
AT-Coal-SUPERCRITICAL_EP,Coal-SUPERCRITICAL_EP,Coal,AT,40,FALSE,TRUE,FALSE,FALSE,FALSE,7.935209302,0,0,0.32,0.05,0,0,FALSE,.,.,.,0.5,FALSE
AT-Coal-ULTRASUPERCRITICAL,Coal-ULTRASUPERCRITICAL,Coal,AT,40,FALSE,TRUE,FALSE,FALSE,FALSE,7.262064331,0,0,0.32,0.05,.,0,FALSE,.,.,.,0.5,FALSE
AT-Coal-ULTRASUPERCRITICAL_EP,Coal-ULTRASUPERCRITICAL_EP,Coal,AT,40,FALSE,TRUE,FALSE,FALSE,FALSE,7.262064331,0,0,0.32,0.05,0,0,FALSE,.,.,.,0.5,FALSE
AT-Coal-IGCC,Coal-IGCC,Coal,AT,40,FALSE,TRUE,FALSE,FALSE,FALSE,7.163290558,0,0,0.32,0.05,.,0,FALSE,.,.,.,0.5,FALSE
AT-Coal-IGCC_EP,Coal-IGCC_EP,Coal,AT,40,FALSE,TRUE,FALSE,FALSE,FALSE,7.163290558,0,0,0.32,0.05,0,0,FALSE,.,.,.,0.5,FALSE
AT-Gas-CCGT,Gas-CCGT,Gas,AT,20,FALSE,FALSE,FALSE,TRUE,TRUE,5.687953422,0,0,0.65,0.0224,.,0,FALSE,.,.,.,0.4,FALSE
AT-Gas-CCGT_EP,Gas-CCGT_EP,Gas,AT,20,FALSE,FALSE,FALSE,TRUE,TRUE,5.687953422,0,0,0.65,0.0224,2103,0,FALSE,.,.,.,0.4,FALSE
AT-Gas-turbine,Gas-turbine,Gas,AT,20,FALSE,FALSE,FALSE,TRUE,TRUE,8.32559518,0,0,0.0318,0.0413,.,0,FALSE,.,.,.,0.25,FALSE
AT-Gas-turbine_EP,Gas-turbine_EP,Gas,AT,20,FALSE,FALSE,FALSE,TRUE,TRUE,8.32559518,0,0,0.0318,0.0413,2103,0,FALSE,.,.,.,0.25,FALSE
AT-Nuclear,Nuclear,Uranium,AT,40,FALSE,FALSE,TRUE,FALSE,FALSE,10.33981818,0,0,0.1112,0.0272,.,0,FALSE,.,.,.,1,FALSE
AT-Nuclear_EP,Nuclear_EP,Uranium,AT,40,FALSE,FALSE,TRUE,FALSE,FALSE,10.33981818,0,0,0.1112,0.0272,0,0,FALSE,.,.,.,1,FALSE
BE-Coal-SUBCRITICAL,Coal-SUBCRITICAL,Coal,BE,30,FALSE,TRUE,FALSE,FALSE,FALSE,8.749076923,0,0,0.52,0.05,.,0,FALSE,.,.,.,0.5,FALSE
BE-Coal-SUBCRITICAL_EP,Coal-SUBCRITICAL_EP,Coal,BE,30,FALSE,TRUE,FALSE,FALSE,FALSE,8.749076923,0,0,0.52,0.05,0,0,FALSE,.,.,.,0.5,FALSE
BE-Coal-SUPERCRITICAL,Coal-SUPERCRITICAL,Coal,BE,40,FALSE,TRUE,FALSE,FALSE,FALSE,7.935209302,0,0,0.32,0.05,.,0,FALSE,.,.,.,0.5,FALSE
BE-Coal-SUPERCRITICAL_EP,Coal-SUPERCRITICAL_EP,Coal,BE,40,FALSE,TRUE,FALSE,FALSE,FALSE,7.935209302,0,0,0.32,0.05,0,0,FALSE,.,.,.,0.5,FALSE
BE-Coal-ULTRASUPERCRITICAL,Coal-ULTRASUPERCRITICAL,Coal,BE,40,FALSE,TRUE,FALSE,FALSE,FALSE,7.262064331,0,0,0.32,0.05,.,0,FALSE,.,.,.,0.5,FALSE
BE-Coal-ULTRASUPERCRITICAL_EP,Coal-ULTRASUPERCRITICAL_EP,Coal,BE,40,FALSE,TRUE,FALSE,FALSE,FALSE,7.262064331,0,0,0.32,0.05,0,0,FALSE,.,.,.,0.5,FALSE
BE-Coal-IGCC,Coal-IGCC,Coal,BE,40,FALSE,TRUE,FALSE,FALSE,FALSE,7.163290558,0,0,0.32,0.05,.,0,FALSE,.,.,.,0.5,FALSE
BE-Coal-IGCC_EP,Coal-IGCC_EP,Coal,BE,40,FALSE,TRUE,FALSE,FALSE,FALSE,7.163290558,0,0,0.32,0.05,0,0,FALSE,.,.,.,0.5,FALSE
BE-Gas-CCGT,Gas-CCGT,Gas,BE,20,FALSE,FALSE,FALSE,TRUE,TRUE,5.687953422,0,0,0.65,0.0224,.,0,FALSE,.,.,.,0.4,FALSE
BE-Gas-CCGT_EP,Gas-CCGT_EP,Gas,BE,20,FALSE,FALSE,FALSE,TRUE,TRUE,5.687953422,0,0,0.65,0.0224,3494,0,FALSE,.,.,.,0.4,FALSE
BE-Gas-turbine,Gas-turbine,Gas,BE,20,FALSE,FALSE,FALSE,TRUE,TRUE,8.32559518,0,0,0.0318,0.0413,.,0,FALSE,.,.,.,0.25,FALSE
BE-Gas-turbine_EP,Gas-turbine_EP,Gas,BE,20,FALSE,FALSE,FALSE,TRUE,TRUE,8.32559518,0,0,0.0318,0.0413,3494,0,FALSE,.,.,.,0.25,FALSE
BE-Nuclear,Nuclear,Uranium,BE,40,FALSE,FALSE,TRUE,FALSE,FALSE,10.33981818,0,0,0.1112,0.0272,.,0,FALSE,.,.,.,1,FALSE
BE-Nuclear_EP,Nuclear_EP,Uranium,BE,40,FALSE,FALSE,TRUE,FALSE,FALSE,10.33981818,0,0,0.1112,0.0272,4937,0,FALSE,.,.,.,1,FALSE
BG-Coal-SUBCRITICAL,Coal-SUBCRITICAL,Coal,BG,30,FALSE,TRUE,FALSE,FALSE,FALSE,8.749076923,0,0,0.52,0.05,.,0,FALSE,.,.,.,0.5,FALSE
BG-Coal-SUBCRITICAL_EP,Coal-SUBCRITICAL_EP,Coal,BG,30,FALSE,TRUE,FALSE,FALSE,FALSE,8.749076923,0,0,0.52,0.05,1489.7,0,FALSE,.,.,.,0.5,FALSE
BG-Coal-SUPERCRITICAL,Coal-SUPERCRITICAL,Coal,BG,40,FALSE,TRUE,FALSE,FALSE,FALSE,7.935209302,0,0,0.32,0.05,.,0,FALSE,.,.,.,0.5,FALSE
BG-Coal-SUPERCRITICAL_EP,Coal-SUPERCRITICAL_EP,Coal,BG,40,FALSE,TRUE,FALSE,FALSE,FALSE,7.935209302,0,0,0.32,0.05,1986.3,0,FALSE,.,.,.,0.5,FALSE
BG-Coal-ULTRASUPERCRITICAL,Coal-ULTRASUPERCRITICAL,Coal,BG,40,FALSE,TRUE,FALSE,FALSE,FALSE,7.262064331,0,0,0.32,0.05,.,0,FALSE,.,.,.,0.5,FALSE
BG-Coal-ULTRASUPERCRITICAL_EP,Coal-ULTRASUPERCRITICAL_EP,Coal,BG,40,FALSE,TRUE,FALSE,FALSE,FALSE,7.262064331,0,0,0.32,0.05,1986.3,0,FALSE,.,.,.,0.5,FALSE
BG-Coal-IGCC,Coal-IGCC,Coal,BG,40,FALSE,TRUE,FALSE,FALSE,FALSE,7.163290558,0,0,0.32,0.05,.,0,FALSE,.,.,.,0.5,FALSE
BG-Coal-IGCC_EP,Coal-IGCC_EP,Coal,BG,40,FALSE,TRUE,FALSE,FALSE,FALSE,7.163290558,0,0,0.32,0.05,0,0,FALSE,.,.,.,0.5,FALSE
BG-Gas-CCGT,Gas-CCGT,Gas,BG,20,FALSE,FALSE,FALSE,TRUE,TRUE,5.687953422,0,0,0.65,0.0224,.,0,FALSE,.,.,.,0.4,FALSE
BG-Gas-CCGT_EP,Gas-CCGT_EP,Gas,BG,20,FALSE,FALSE,FALSE,TRUE,TRUE,5.687953422,0,0,0.65,0.0224,661,0,FALSE,.,.,.,0.4,FALSE
BG-Gas-turbine,Gas-turbine,Gas,BG,20,FALSE,FALSE,FALSE,TRUE,TRUE,8.32559518,0,0,0.0318,0.0413,.,0,FALSE,.,.,.,0.25,FALSE
BG-Gas-turbine_EP,Gas-turbine_EP,Gas,BG,20,FALSE,FALSE,FALSE,TRUE,TRUE,8.32559518,0,0,0.0318,0.0413,661,0,FALSE,.,.,.,0.25,FALSE
BG-Nuclear,Nuclear,Uranium,BG,40,FALSE,FALSE,TRUE,FALSE,FALSE,10.33981818,0,0,0.1112,0.0272,.,0,FALSE,.,.,.,1,FALSE
BG-Nuclear_EP,Nuclear_EP,Uranium,BG,40,FALSE,FALSE,TRUE,FALSE,FALSE,10.33981818,0,0,0.1112,0.0272,2080,0,FALSE,.,.,.,1,FALSE
CZ-Coal-SUBCRITICAL,Coal-SUBCRITICAL,Coal,CZ,30,FALSE,TRUE,FALSE,FALSE,FALSE,8.749076923,0,0,0.52,0.05,.,0,FALSE,.,.,.,0.5,FALSE
CZ-Coal-SUBCRITICAL_EP,Coal-SUBCRITICAL_EP,Coal,CZ,30,FALSE,TRUE,FALSE,FALSE,FALSE,8.749076923,0,0,0.52,0.05,2786.7,0,FALSE,.,.,.,0.5,FALSE
CZ-Coal-SUPERCRITICAL,Coal-SUPERCRITICAL,Coal,CZ,40,FALSE,TRUE,FALSE,FALSE,FALSE,7.935209302,0,0,0.32,0.05,.,0,FALSE,.,.,.,0.5,FALSE
CZ-Coal-SUPERCRITICAL_EP,Coal-SUPERCRITICAL_EP,Coal,CZ,40,FALSE,TRUE,FALSE,FALSE,FALSE,7.935209302,0,0,0.32,0.05,3715.6,0,FALSE,.,.,.,0.5,FALSE
CZ-Coal-ULTRASUPERCRITICAL,Coal-ULTRASUPERCRITICAL,Coal,CZ,40,FALSE,TRUE,FALSE,FALSE,FALSE,7.262064331,0,0,0.32,0.05,.,0,FALSE,.,.,.,0.5,FALSE
CZ-Coal-ULTRASUPERCRITICAL_EP,Coal-ULTRASUPERCRITICAL_EP,Coal,CZ,40,FALSE,TRUE,FALSE,FALSE,FALSE,7.262064331,0,0,0.32,0.05,3715.6,0,FALSE,.,.,.,0.5,FALSE
CZ-Coal-IGCC,Coal-IGCC,Coal,CZ,40,FALSE,TRUE,FALSE,FALSE,FALSE,7.163290558,0,0,0.32,0.05,.,0,FALSE,.,.,.,0.5,FALSE
CZ-Coal-IGCC_EP,Coal-IGCC_EP,Coal,CZ,40,FALSE,TRUE,FALSE,FALSE,FALSE,7.163290558,0,0,0.32,0.05,380,0,FALSE,.,.,.,0.5,FALSE
CZ-Gas-CCGT,Gas-CCGT,Gas,CZ,20,FALSE,FALSE,FALSE,TRUE,TRUE,5.687953422,0,0,0.65,0.0224,.,0,FALSE,.,.,.,0.4,FALSE
CZ-Gas-CCGT_EP,Gas-CCGT_EP,Gas,CZ,20,FALSE,FALSE,FALSE,TRUE,TRUE,5.687953422,0,0,0.65,0.0224,620,0,FALSE,.,.,.,0.4,FALSE
CZ-Gas-turbine,Gas-turbine,Gas,CZ,20,FALSE,FALSE,FALSE,TRUE,TRUE,8.32559518,0,0,0.0318,0.0413,.,0,FALSE,.,.,.,0.25,FALSE
CZ-Gas-turbine_EP,Gas-turbine_EP,Gas,CZ,20,FALSE,FALSE,FALSE,TRUE,TRUE,8.32559518,0,0,0.0318,0.0413,620,0,FALSE,.,.,.,0.25,FALSE
CZ-Nuclear,Nuclear,Uranium,CZ,40,FALSE,FALSE,TRUE,FALSE,FALSE,10.33981818,0,0,0.1112,0.0272,.,0,FALSE,.,.,.,1,FALSE
CZ-Nuclear_EP,Nuclear_EP,Uranium,CZ,40,FALSE,FALSE,TRUE,FALSE,FALSE,10.33981818,0,0,0.1112,0.0272,4040,0,FALSE,.,.,.,1,FALSE
DE-Coal-SUBCRITICAL,Coal-SUBCRITICAL,Coal,DE,30,FALSE,TRUE,FALSE,FALSE,FALSE,8.749076923,0,0,0.52,0.05,.,0,FALSE,.,.,.,0.5,FALSE
DE-Coal-SUBCRITICAL_EP,Coal-SUBCRITICAL_EP,Coal,DE,30,FALSE,TRUE,FALSE,FALSE,FALSE,8.749076923,0,0,0.52,0.05,11939.7,0,FALSE,.,.,.,0.5,FALSE
DE-Coal-SUPERCRITICAL,Coal-SUPERCRITICAL,Coal,DE,40,FALSE,TRUE,FALSE,FALSE,FALSE,7.935209302,0,0,0.32,0.05,.,0,FALSE,.,.,.,0.5,FALSE
DE-Coal-SUPERCRITICAL_EP,Coal-SUPERCRITICAL_EP,Coal,DE,40,FALSE,TRUE,FALSE,FALSE,FALSE,7.935209302,0,0,0.32,0.05,15919.6,0,FALSE,.,.,.,0.5,FALSE
DE-Coal-ULTRASUPERCRITICAL,Coal-ULTRASUPERCRITICAL,Coal,DE,40,FALSE,TRUE,FALSE,FALSE,FALSE,7.262064331,0,0,0.32,0.05,.,0,FALSE,.,.,.,0.5,FALSE
DE-Coal-ULTRASUPERCRITICAL_EP,Coal-ULTRASUPERCRITICAL_EP,Coal,DE,40,FALSE,TRUE,FALSE,FALSE,FALSE,7.262064331,0,0,0.32,0.05,15919.6,0,FALSE,.,.,.,0.5,FALSE
DE-Coal-IGCC,Coal-IGCC,Coal,DE,40,FALSE,TRUE,FALSE,FALSE,FALSE,7.163290558,0,0,0.32,0.05,.,0,FALSE,.,.,.,0.5,FALSE
DE-Coal-IGCC_EP,Coal-IGCC_EP,Coal,DE,40,FALSE,TRUE,FALSE,FALSE,FALSE,7.163290558,0,0,0.32,0.05,1257,0,FALSE,.,.,.,0.5,FALSE
DE-Gas-CCGT,Gas-CCGT,Gas,DE,20,FALSE,FALSE,FALSE,TRUE,TRUE,5.687953422,0,0,0.65,0.0224,.,0,FALSE,.,.,.,0.4,FALSE
DE-Gas-CCGT_EP,Gas-CCGT_EP,Gas,DE,20,FALSE,FALSE,FALSE,TRUE,TRUE,5.687953422,0,0,0.65,0.0224,15904,0,FALSE,.,.,.,0.4,FALSE
DE-Gas-turbine,Gas-turbine,Gas,DE,20,FALSE,FALSE,FALSE,TRUE,TRUE,8.32559518,0,0,0.0318,0.0413,.,0,FALSE,.,.,.,0.25,FALSE
DE-Gas-turbine_EP,Gas-turbine_EP,Gas,DE,20,FALSE,FALSE,FALSE,TRUE,TRUE,8.32559518,0,0,0.0318,0.0413,15904,0,FALSE,.,.,.,0.25,FALSE
DE-Nuclear,Nuclear,Uranium,DE,40,FALSE,FALSE,TRUE,FALSE,FALSE,10.33981818,0,0,0.1112,0.0272,.,0,FALSE,.,.,.,1,FALSE
DE-Nuclear_EP,Nuclear_EP,Uranium,DE,40,FALSE,FALSE,TRUE,FALSE,FALSE,10.33981818,0,0,0.1112,0.0272,4056,0,FALSE,.,.,.,1,FALSE
DK-Coal-SUBCRITICAL,Coal-SUBCRITICAL,Coal,DK,30,FALSE,TRUE,FALSE,FALSE,FALSE,8.749076923,0,0,0.52,0.05,.,0,FALSE,.,.,.,0.5,FALSE
DK-Coal-SUBCRITICAL_EP,Coal-SUBCRITICAL_EP,Coal,DK,30,FALSE,TRUE,FALSE,FALSE,FALSE,8.749076923,0,0,0.52,0.05,1007.3,0,FALSE,.,.,.,0.5,FALSE
DK-Coal-SUPERCRITICAL,Coal-SUPERCRITICAL,Coal,DK,40,FALSE,TRUE,FALSE,FALSE,FALSE,7.935209302,0,0,0.32,0.05,.,0,FALSE,.,.,.,0.5,FALSE
DK-Coal-SUPERCRITICAL_EP,Coal-SUPERCRITICAL_EP,Coal,DK,40,FALSE,TRUE,FALSE,FALSE,FALSE,7.935209302,0,0,0.32,0.05,1343.1,0,FALSE,.,.,.,0.5,FALSE
DK-Coal-ULTRASUPERCRITICAL,Coal-ULTRASUPERCRITICAL,Coal,DK,40,FALSE,TRUE,FALSE,FALSE,FALSE,7.262064331,0,0,0.32,0.05,.,0,FALSE,.,.,.,0.5,FALSE
DK-Coal-ULTRASUPERCRITICAL_EP,Coal-ULTRASUPERCRITICAL_EP,Coal,DK,40,FALSE,TRUE,FALSE,FALSE,FALSE,7.262064331,0,0,0.32,0.05,1343.1,0,FALSE,.,.,.,0.5,FALSE
DK-Coal-IGCC,Coal-IGCC,Coal,DK,40,FALSE,TRUE,FALSE,FALSE,FALSE,7.163290558,0,0,0.32,0.05,.,0,FALSE,.,.,.,0.5,FALSE
DK-Coal-IGCC_EP,Coal-IGCC_EP,Coal,DK,40,FALSE,TRUE,FALSE,FALSE,FALSE,7.163290558,0,0,0.32,0.05,0,0,FALSE,.,.,.,0.5,FALSE
DK-Gas-CCGT,Gas-CCGT,Gas,DK,20,FALSE,FALSE,FALSE,TRUE,TRUE,5.687953422,0,0,0.65,0.0224,.,0,FALSE,.,.,.,0.4,FALSE
DK-Gas-CCGT_EP,Gas-CCGT_EP,Gas,DK,20,FALSE,FALSE,FALSE,TRUE,TRUE,5.687953422,0,0,0.65,0.0224,784,0,FALSE,.,.,.,0.4,FALSE
DK-Gas-turbine,Gas-turbine,Gas,DK,20,FALSE,FALSE,FALSE,TRUE,TRUE,8.32559518,0,0,0.0318,0.0413,.,0,FALSE,.,.,.,0.25,FALSE
DK-Gas-turbine_EP,Gas-turbine_EP,Gas,DK,20,FALSE,FALSE,FALSE,TRUE,TRUE,8.32559518,0,0,0.0318,0.0413,784,0,FALSE,.,.,.,0.25,FALSE
DK-Nuclear,Nuclear,Uranium,DK,40,FALSE,FALSE,TRUE,FALSE,FALSE,10.33981818,0,0,0.1112,0.0272,.,0,FALSE,.,.,.,1,FALSE
DK-Nuclear_EP,Nuclear_EP,Uranium,DK,40,FALSE,FALSE,TRUE,FALSE,FALSE,10.33981818,0,0,0.1112,0.0272,0,0,FALSE,.,.,.,1,FALSE
EE-Coal-SUBCRITICAL,Coal-SUBCRITICAL,Coal,EE,30,FALSE,TRUE,FALSE,FALSE,FALSE,8.749076923,0,0,0.52,0.05,.,0,FALSE,.,.,.,0.5,FALSE
EE-Coal-SUBCRITICAL_EP,Coal-SUBCRITICAL_EP,Coal,EE,30,FALSE,TRUE,FALSE,FALSE,FALSE,8.749076923,0,0,0.52,0.05,0,0,FALSE,.,.,.,0.5,FALSE
EE-Coal-SUPERCRITICAL,Coal-SUPERCRITICAL,Coal,EE,40,FALSE,TRUE,FALSE,FALSE,FALSE,7.935209302,0,0,0.32,0.05,.,0,FALSE,.,.,.,0.5,FALSE
EE-Coal-SUPERCRITICAL_EP,Coal-SUPERCRITICAL_EP,Coal,EE,40,FALSE,TRUE,FALSE,FALSE,FALSE,7.935209302,0,0,0.32,0.05,0,0,FALSE,.,.,.,0.5,FALSE
EE-Coal-ULTRASUPERCRITICAL,Coal-ULTRASUPERCRITICAL,Coal,EE,40,FALSE,TRUE,FALSE,FALSE,FALSE,7.262064331,0,0,0.32,0.05,.,0,FALSE,.,.,.,0.5,FALSE
EE-Coal-ULTRASUPERCRITICAL_EP,Coal-ULTRASUPERCRITICAL_EP,Coal,EE,40,FALSE,TRUE,FALSE,FALSE,FALSE,7.262064331,0,0,0.32,0.05,0,0,FALSE,.,.,.,0.5,FALSE
EE-Coal-IGCC,Coal-IGCC,Coal,EE,40,FALSE,TRUE,FALSE,FALSE,FALSE,7.163290558,0,0,0.32,0.05,.,0,FALSE,.,.,.,0.5,FALSE
EE-Coal-IGCC_EP,Coal-IGCC_EP,Coal,EE,40,FALSE,TRUE,FALSE,FALSE,FALSE,7.163290558,0,0,0.32,0.05,78,0,FALSE,.,.,.,0.5,FALSE
EE-Gas-CCGT,Gas-CCGT,Gas,EE,20,FALSE,FALSE,FALSE,TRUE,TRUE,5.687953422,0,0,0.65,0.0224,.,0,FALSE,.,.,.,0.4,FALSE
EE-Gas-CCGT_EP,Gas-CCGT_EP,Gas,EE,20,FALSE,FALSE,FALSE,TRUE,TRUE,5.687953422,0,0,0.65,0.0224,55,0,FALSE,.,.,.,0.4,FALSE
EE-Gas-turbine,Gas-turbine,Gas,EE,20,FALSE,FALSE,FALSE,TRUE,TRUE,8.32559518,0,0,0.0318,0.0413,.,0,FALSE,.,.,.,0.25,FALSE
EE-Gas-turbine_EP,Gas-turbine_EP,Gas,EE,20,FALSE,FALSE,FALSE,TRUE,TRUE,8.32559518,0,0,0.0318,0.0413,55,0,FALSE,.,.,.,0.25,FALSE
EE-Nuclear,Nuclear,Uranium,EE,40,FALSE,FALSE,TRUE,FALSE,FALSE,10.33981818,0,0,0.1112,0.0272,.,0,FALSE,.,.,.,1,FALSE
EE-Nuclear_EP,Nuclear_EP,Uranium,EE,40,FALSE,FALSE,TRUE,FALSE,FALSE,10.33981818,0,0,0.1112,0.0272,0,0,FALSE,.,.,.,1,FALSE
ES-Coal-SUBCRITICAL,Coal-SUBCRITICAL,Coal,ES,30,FALSE,TRUE,FALSE,FALSE,FALSE,8.749076923,0,0,0.52,0.05,.,0,FALSE,.,.,.,0.5,FALSE
ES-Coal-SUBCRITICAL_EP,Coal-SUBCRITICAL_EP,Coal,ES,30,FALSE,TRUE,FALSE,FALSE,FALSE,8.749076923,0,0,0.52,0.05,1074.4,0,FALSE,.,.,.,0.5,FALSE
ES-Coal-SUPERCRITICAL,Coal-SUPERCRITICAL,Coal,ES,40,FALSE,TRUE,FALSE,FALSE,FALSE,7.935209302,0,0,0.32,0.05,.,0,FALSE,.,.,.,0.5,FALSE
ES-Coal-SUPERCRITICAL_EP,Coal-SUPERCRITICAL_EP,Coal,ES,40,FALSE,TRUE,FALSE,FALSE,FALSE,7.935209302,0,0,0.32,0.05,1432.5,0,FALSE,.,.,.,0.5,FALSE
ES-Coal-ULTRASUPERCRITICAL,Coal-ULTRASUPERCRITICAL,Coal,ES,40,FALSE,TRUE,FALSE,FALSE,FALSE,7.262064331,0,0,0.32,0.05,.,0,FALSE,.,.,.,0.5,FALSE
ES-Coal-ULTRASUPERCRITICAL_EP,Coal-ULTRASUPERCRITICAL_EP,Coal,ES,40,FALSE,TRUE,FALSE,FALSE,FALSE,7.262064331,0,0,0.32,0.05,1432.5,0,FALSE,.,.,.,0.5,FALSE
ES-Coal-IGCC,Coal-IGCC,Coal,ES,40,FALSE,TRUE,FALSE,FALSE,FALSE,7.163290558,0,0,0.32,0.05,.,0,FALSE,.,.,.,0.5,FALSE
ES-Coal-IGCC_EP,Coal-IGCC_EP,Coal,ES,40,FALSE,TRUE,FALSE,FALSE,FALSE,7.163290558,0,0,0.32,0.05,0,0,FALSE,.,.,.,0.5,FALSE
ES-Gas-CCGT,Gas-CCGT,Gas,ES,20,FALSE,FALSE,FALSE,TRUE,TRUE,5.687953422,0,0,0.65,0.0224,.,0,FALSE,.,.,.,0.4,FALSE
ES-Gas-CCGT_EP,Gas-CCGT_EP,Gas,ES,20,FALSE,FALSE,FALSE,TRUE,TRUE,5.687953422,0,0,0.65,0.0224,14951.5,0,FALSE,.,.,.,0.4,FALSE
ES-Gas-turbine,Gas-turbine,Gas,ES,20,FALSE,FALSE,FALSE,TRUE,TRUE,8.32559518,0,0,0.0318,0.0413,.,0,FALSE,.,.,.,0.25,FALSE
ES-Gas-turbine_EP,Gas-turbine_EP,Gas,ES,20,FALSE,FALSE,FALSE,TRUE,TRUE,8.32559518,0,0,0.0318,0.0413,14951.5,0,FALSE,.,.,.,0.25,FALSE
ES-Nuclear,Nuclear,Uranium,ES,40,FALSE,FALSE,TRUE,FALSE,FALSE,10.33981818,0,0,0.1112,0.0272,.,0,FALSE,.,.,.,1,FALSE
ES-Nuclear_EP,Nuclear_EP,Uranium,ES,40,FALSE,FALSE,TRUE,FALSE,FALSE,10.33981818,0,0,0.1112,0.0272,7117,0,FALSE,.,.,.,1,FALSE
FR-Coal-SUBCRITICAL,Coal-SUBCRITICAL,Coal,FR,30,FALSE,TRUE,FALSE,FALSE,FALSE,8.749076923,0,0,0.52,0.05,.,0,FALSE,.,.,.,0.5,FALSE
FR-Coal-SUBCRITICAL_EP,Coal-SUBCRITICAL_EP,Coal,FR,30,FALSE,TRUE,FALSE,FALSE,FALSE,8.749076923,0,0,0.52,0.05,605.3,0,FALSE,.,.,.,0.5,FALSE
FR-Coal-SUPERCRITICAL,Coal-SUPERCRITICAL,Coal,FR,40,FALSE,TRUE,FALSE,FALSE,FALSE,7.935209302,0,0,0.32,0.05,.,0,FALSE,.,.,.,0.5,FALSE
FR-Coal-SUPERCRITICAL_EP,Coal-SUPERCRITICAL_EP,Coal,FR,40,FALSE,TRUE,FALSE,FALSE,FALSE,7.935209302,0,0,0.32,0.05,807.1,0,FALSE,.,.,.,0.5,FALSE
FR-Coal-ULTRASUPERCRITICAL,Coal-ULTRASUPERCRITICAL,Coal,FR,40,FALSE,TRUE,FALSE,FALSE,FALSE,7.262064331,0,0,0.32,0.05,.,0,FALSE,.,.,.,0.5,FALSE
FR-Coal-ULTRASUPERCRITICAL_EP,Coal-ULTRASUPERCRITICAL_EP,Coal,FR,40,FALSE,TRUE,FALSE,FALSE,FALSE,7.262064331,0,0,0.32,0.05,807.1,0,FALSE,.,.,.,0.5,FALSE
FR-Coal-IGCC,Coal-IGCC,Coal,FR,40,FALSE,TRUE,FALSE,FALSE,FALSE,7.163290558,0,0,0.32,0.05,.,0,FALSE,.,.,.,0.5,FALSE
FR-Coal-IGCC_EP,Coal-IGCC_EP,Coal,FR,40,FALSE,TRUE,FALSE,FALSE,FALSE,7.163290558,0,0,0.32,0.05,0,0,FALSE,.,.,.,0.5,FALSE
FR-Gas-CCGT,Gas-CCGT,Gas,FR,20,FALSE,FALSE,FALSE,TRUE,TRUE,5.687953422,0,0,0.65,0.0224,.,0,FALSE,.,.,.,0.4,FALSE
FR-Gas-CCGT_EP,Gas-CCGT_EP,Gas,FR,20,FALSE,FALSE,FALSE,TRUE,TRUE,5.687953422,0,0,0.65,0.0224,6446.5,0,FALSE,.,.,.,0.4,FALSE
FR-Gas-turbine,Gas-turbine,Gas,FR,20,FALSE,FALSE,FALSE,TRUE,TRUE,8.32559518,0,0,0.0318,0.0413,.,0,FALSE,.,.,.,0.25,FALSE
FR-Gas-turbine_EP,Gas-turbine_EP,Gas,FR,20,FALSE,FALSE,FALSE,TRUE,TRUE,8.32559518,0,0,0.0318,0.0413,6446.5,0,FALSE,.,.,.,0.25,FALSE
FR-Nuclear,Nuclear,Uranium,FR,40,FALSE,FALSE,TRUE,FALSE,FALSE,10.33981818,0,0,0.1112,0.0272,.,0,FALSE,.,.,.,1,FALSE
FR-Nuclear_EP,Nuclear_EP,Uranium,FR,40,FALSE,FALSE,TRUE,FALSE,FALSE,10.33981818,0,0,0.1112,0.0272,61370,0,FALSE,.,.,.,1,FALSE
GB-Coal-SUBCRITICAL,Coal-SUBCRITICAL,Coal,GB,30,FALSE,TRUE,FALSE,FALSE,FALSE,8.749076923,0,0,0.52,0.05,.,0,FALSE,.,.,.,0.5,FALSE
GB-Coal-SUBCRITICAL_EP,Coal-SUBCRITICAL_EP,Coal,GB,30,FALSE,TRUE,FALSE,FALSE,FALSE,8.749076923,0,0,0.52,0.05,0,0,FALSE,.,.,.,0.5,FALSE
GB-Coal-SUPERCRITICAL,Coal-SUPERCRITICAL,Coal,GB,40,FALSE,TRUE,FALSE,FALSE,FALSE,7.935209302,0,0,0.32,0.05,.,0,FALSE,.,.,.,0.5,FALSE
GB-Coal-SUPERCRITICAL_EP,Coal-SUPERCRITICAL_EP,Coal,GB,40,FALSE,TRUE,FALSE,FALSE,FALSE,7.935209302,0,0,0.32,0.05,0,0,FALSE,.,.,.,0.5,FALSE
GB-Coal-ULTRASUPERCRITICAL,Coal-ULTRASUPERCRITICAL,Coal,GB,40,FALSE,TRUE,FALSE,FALSE,FALSE,7.262064331,0,0,0.32,0.05,.,0,FALSE,.,.,.,0.5,FALSE
GB-Coal-ULTRASUPERCRITICAL_EP,Coal-ULTRASUPERCRITICAL_EP,Coal,GB,40,FALSE,TRUE,FALSE,FALSE,FALSE,7.262064331,0,0,0.32,0.05,0,0,FALSE,.,.,.,0.5,FALSE
GB-Coal-IGCC,Coal-IGCC,Coal,GB,40,FALSE,TRUE,FALSE,FALSE,FALSE,7.163290558,0,0,0.32,0.05,.,0,FALSE,.,.,.,0.5,FALSE
GB-Coal-IGCC_EP,Coal-IGCC_EP,Coal,GB,40,FALSE,TRUE,FALSE,FALSE,FALSE,7.163290558,0,0,0.32,0.05,2956,0,FALSE,.,.,.,0.5,FALSE
GB-Gas-CCGT,Gas-CCGT,Gas,GB,20,FALSE,FALSE,FALSE,TRUE,TRUE,5.687953422,0,0,0.65,0.0224,.,0,FALSE,.,.,.,0.4,FALSE
GB-Gas-CCGT_EP,Gas-CCGT_EP,Gas,GB,20,FALSE,FALSE,FALSE,TRUE,TRUE,5.687953422,0,0,0.65,0.0224,15767.5,0,FALSE,.,.,.,0.4,FALSE
GB-Gas-turbine,Gas-turbine,Gas,GB,20,FALSE,FALSE,FALSE,TRUE,TRUE,8.32559518,0,0,0.0318,0.0413,.,0,FALSE,.,.,.,0.25,FALSE
GB-Gas-turbine_EP,Gas-turbine_EP,Gas,GB,20,FALSE,FALSE,FALSE,TRUE,TRUE,8.32559518,0,0,0.0318,0.0413,15767.5,0,FALSE,.,.,.,0.25,FALSE
GB-Nuclear,Nuclear,Uranium,GB,40,FALSE,FALSE,TRUE,FALSE,FALSE,10.33981818,0,0,0.1112,0.0272,.,0,FALSE,.,.,.,1,FALSE
GB-Nuclear_EP,Nuclear_EP,Uranium,GB,40,FALSE,FALSE,TRUE,FALSE,FALSE,10.33981818,0,0,0.1112,0.0272,6075,0,FALSE,.,.,.,1,FALSE
HR-Coal-SUBCRITICAL,Coal-SUBCRITICAL,Coal,HR,30,FALSE,TRUE,FALSE,FALSE,FALSE,8.749076923,0,0,0.52,0.05,.,0,FALSE,.,.,.,0.5,FALSE
HR-Coal-SUBCRITICAL_EP,Coal-SUBCRITICAL_EP,Coal,HR,30,FALSE,TRUE,FALSE,FALSE,FALSE,8.749076923,0,0,0.52,0.05,72.4,0,FALSE,.,.,.,0.5,FALSE
HR-Coal-SUPERCRITICAL,Coal-SUPERCRITICAL,Coal,HR,40,FALSE,TRUE,FALSE,FALSE,FALSE,7.935209302,0,0,0.32,0.05,.,0,FALSE,.,.,.,0.5,FALSE
HR-Coal-SUPERCRITICAL_EP,Coal-SUPERCRITICAL_EP,Coal,HR,40,FALSE,TRUE,FALSE,FALSE,FALSE,7.935209302,0,0,0.32,0.05,96.5,0,FALSE,.,.,.,0.5,FALSE
HR-Coal-ULTRASUPERCRITICAL,Coal-ULTRASUPERCRITICAL,Coal,HR,40,FALSE,TRUE,FALSE,FALSE,FALSE,7.262064331,0,0,0.32,0.05,.,0,FALSE,.,.,.,0.5,FALSE
HR-Coal-ULTRASUPERCRITICAL_EP,Coal-ULTRASUPERCRITICAL_EP,Coal,HR,40,FALSE,TRUE,FALSE,FALSE,FALSE,7.262064331,0,0,0.32,0.05,96.5,0,FALSE,.,.,.,0.5,FALSE
HR-Coal-IGCC,Coal-IGCC,Coal,HR,40,FALSE,TRUE,FALSE,FALSE,FALSE,7.163290558,0,0,0.32,0.05,.,0,FALSE,.,.,.,0.5,FALSE
HR-Coal-IGCC_EP,Coal-IGCC_EP,Coal,HR,40,FALSE,TRUE,FALSE,FALSE,FALSE,7.163290558,0,0,0.32,0.05,0,0,FALSE,.,.,.,0.5,FALSE
HR-Gas-CCGT,Gas-CCGT,Gas,HR,20,FALSE,FALSE,FALSE,TRUE,TRUE,5.687953422,0,0,0.65,0.0224,.,0,FALSE,.,.,.,0.4,FALSE
HR-Gas-CCGT_EP,Gas-CCGT_EP,Gas,HR,20,FALSE,FALSE,FALSE,TRUE,TRUE,5.687953422,0,0,0.65,0.0224,383,0,FALSE,.,.,.,0.4,FALSE
HR-Gas-turbine,Gas-turbine,Gas,HR,20,FALSE,FALSE,FALSE,TRUE,TRUE,8.32559518,0,0,0.0318,0.0413,.,0,FALSE,.,.,.,0.25,FALSE
HR-Gas-turbine_EP,Gas-turbine_EP,Gas,HR,20,FALSE,FALSE,FALSE,TRUE,TRUE,8.32559518,0,0,0.0318,0.0413,383,0,FALSE,.,.,.,0.25,FALSE
HR-Nuclear,Nuclear,Uranium,HR,40,FALSE,FALSE,TRUE,FALSE,FALSE,10.33981818,0,0,0.1112,0.0272,.,0,FALSE,.,.,.,1,FALSE
HR-Nuclear_EP,Nuclear_EP,Uranium,HR,40,FALSE,FALSE,TRUE,FALSE,FALSE,10.33981818,0,0,0.1112,0.0272,0,0,FALSE,.,.,.,1,FALSE
HU-Coal-SUBCRITICAL,Coal-SUBCRITICAL,Coal,HU,30,FALSE,TRUE,FALSE,FALSE,FALSE,8.749076923,0,0,0.52,0.05,.,0,FALSE,.,.,.,0.5,FALSE
HU-Coal-SUBCRITICAL_EP,Coal-SUBCRITICAL_EP,Coal,HU,30,FALSE,TRUE,FALSE,FALSE,FALSE,8.749076923,0,0,0.52,0.05,276.4,0,FALSE,.,.,.,0.5,FALSE
HU-Coal-SUPERCRITICAL,Coal-SUPERCRITICAL,Coal,HU,40,FALSE,TRUE,FALSE,FALSE,FALSE,7.935209302,0,0,0.32,0.05,.,0,FALSE,.,.,.,0.5,FALSE
HU-Coal-SUPERCRITICAL_EP,Coal-SUPERCRITICAL_EP,Coal,HU,40,FALSE,TRUE,FALSE,FALSE,FALSE,7.935209302,0,0,0.32,0.05,368.5,0,FALSE,.,.,.,0.5,FALSE
HU-Coal-ULTRASUPERCRITICAL,Coal-ULTRASUPERCRITICAL,Coal,HU,40,FALSE,TRUE,FALSE,FALSE,FALSE,7.262064331,0,0,0.32,0.05,.,0,FALSE,.,.,.,0.5,FALSE
HU-Coal-ULTRASUPERCRITICAL_EP,Coal-ULTRASUPERCRITICAL_EP,Coal,HU,40,FALSE,TRUE,FALSE,FALSE,FALSE,7.262064331,0,0,0.32,0.05,368.5,0,FALSE,.,.,.,0.5,FALSE
HU-Coal-IGCC,Coal-IGCC,Coal,HU,40,FALSE,TRUE,FALSE,FALSE,FALSE,7.163290558,0,0,0.32,0.05,.,0,FALSE,.,.,.,0.5,FALSE
HU-Coal-IGCC_EP,Coal-IGCC_EP,Coal,HU,40,FALSE,TRUE,FALSE,FALSE,FALSE,7.163290558,0,0,0.32,0.05,0,0,FALSE,.,.,.,0.5,FALSE
HU-Gas-CCGT,Gas-CCGT,Gas,HU,20,FALSE,FALSE,FALSE,TRUE,TRUE,5.687953422,0,0,0.65,0.0224,.,0,FALSE,.,.,.,0.4,FALSE
HU-Gas-CCGT_EP,Gas-CCGT_EP,Gas,HU,20,FALSE,FALSE,FALSE,TRUE,TRUE,5.687953422,0,0,0.65,0.0224,1575.5,0,FALSE,.,.,.,0.4,FALSE
HU-Gas-turbine,Gas-turbine,Gas,HU,20,FALSE,FALSE,FALSE,TRUE,TRUE,8.32559518,0,0,0.0318,0.0413,.,0,FALSE,.,.,.,0.25,FALSE
HU-Gas-turbine_EP,Gas-turbine_EP,Gas,HU,20,FALSE,FALSE,FALSE,TRUE,TRUE,8.32559518,0,0,0.0318,0.0413,1575.5,0,FALSE,.,.,.,0.25,FALSE
HU-Nuclear,Nuclear,Uranium,HU,40,FALSE,FALSE,TRUE,FALSE,FALSE,10.33981818,0,0,0.1112,0.0272,.,0,FALSE,.,.,.,1,FALSE
HU-Nuclear_EP,Nuclear_EP,Uranium,HU,40,FALSE,FALSE,TRUE,FALSE,FALSE,10.33981818,0,0,0.1112,0.0272,1916,0,FALSE,.,.,.,1,FALSE
IT-Coal-SUBCRITICAL,Coal-SUBCRITICAL,Coal,IT,30,FALSE,TRUE,FALSE,FALSE,FALSE,8.749076923,0,0,0.52,0.05,.,0,FALSE,.,.,.,0.5,FALSE
IT-Coal-SUBCRITICAL_EP,Coal-SUBCRITICAL_EP,Coal,IT,30,FALSE,TRUE,FALSE,FALSE,FALSE,8.749076923,0,0,0.52,0.05,1858.7,0,FALSE,.,.,.,0.5,FALSE
IT-Coal-SUPERCRITICAL,Coal-SUPERCRITICAL,Coal,IT,40,FALSE,TRUE,FALSE,FALSE,FALSE,7.935209302,0,0,0.32,0.05,.,0,FALSE,.,.,.,0.5,FALSE
IT-Coal-SUPERCRITICAL_EP,Coal-SUPERCRITICAL_EP,Coal,IT,40,FALSE,TRUE,FALSE,FALSE,FALSE,7.935209302,0,0,0.32,0.05,2478.3,0,FALSE,.,.,.,0.5,FALSE
IT-Coal-ULTRASUPERCRITICAL,Coal-ULTRASUPERCRITICAL,Coal,IT,40,FALSE,TRUE,FALSE,FALSE,FALSE,7.262064331,0,0,0.32,0.05,.,0,FALSE,.,.,.,0.5,FALSE
IT-Coal-ULTRASUPERCRITICAL_EP,Coal-ULTRASUPERCRITICAL_EP,Coal,IT,40,FALSE,TRUE,FALSE,FALSE,FALSE,7.262064331,0,0,0.32,0.05,2478.3,0,FALSE,.,.,.,0.5,FALSE
IT-Coal-IGCC,Coal-IGCC,Coal,IT,40,FALSE,TRUE,FALSE,FALSE,FALSE,7.163290558,0,0,0.32,0.05,.,0,FALSE,.,.,.,0.5,FALSE
IT-Coal-IGCC_EP,Coal-IGCC_EP,Coal,IT,40,FALSE,TRUE,FALSE,FALSE,FALSE,7.163290558,0,0,0.32,0.05,2072,0,FALSE,.,.,.,0.5,FALSE
IT-Gas-CCGT,Gas-CCGT,Gas,IT,20,FALSE,FALSE,FALSE,TRUE,TRUE,5.687953422,0,0,0.65,0.0224,.,0,FALSE,.,.,.,0.4,FALSE
IT-Gas-CCGT_EP,Gas-CCGT_EP,Gas,IT,20,FALSE,FALSE,FALSE,TRUE,TRUE,5.687953422,0,0,0.65,0.0224,22107.5,0,FALSE,.,.,.,0.4,FALSE
IT-Gas-turbine,Gas-turbine,Gas,IT,20,FALSE,FALSE,FALSE,TRUE,TRUE,8.32559518,0,0,0.0318,0.0413,.,0,FALSE,.,.,.,0.25,FALSE
IT-Gas-turbine_EP,Gas-turbine_EP,Gas,IT,20,FALSE,FALSE,FALSE,TRUE,TRUE,8.32559518,0,0,0.0318,0.0413,22107.5,0,FALSE,.,.,.,0.25,FALSE
IT-Nuclear,Nuclear,Uranium,IT,40,FALSE,FALSE,TRUE,FALSE,FALSE,10.33981818,0,0,0.1112,0.0272,.,0,FALSE,.,.,.,1,FALSE
IT-Nuclear_EP,Nuclear_EP,Uranium,IT,40,FALSE,FALSE,TRUE,FALSE,FALSE,10.33981818,0,0,0.1112,0.0272,0,0,FALSE,.,.,.,1,FALSE
LT-Coal-SUBCRITICAL,Coal-SUBCRITICAL,Coal,LT,30,FALSE,TRUE,FALSE,FALSE,FALSE,8.749076923,0,0,0.52,0.05,.,0,FALSE,.,.,.,0.5,FALSE
LT-Coal-SUBCRITICAL_EP,Coal-SUBCRITICAL_EP,Coal,LT,30,FALSE,TRUE,FALSE,FALSE,FALSE,8.749076923,0,0,0.52,0.05,0,0,FALSE,.,.,.,0.5,FALSE
LT-Coal-SUPERCRITICAL,Coal-SUPERCRITICAL,Coal,LT,40,FALSE,TRUE,FALSE,FALSE,FALSE,7.935209302,0,0,0.32,0.05,.,0,FALSE,.,.,.,0.5,FALSE
LT-Coal-SUPERCRITICAL_EP,Coal-SUPERCRITICAL_EP,Coal,LT,40,FALSE,TRUE,FALSE,FALSE,FALSE,7.935209302,0,0,0.32,0.05,0,0,FALSE,.,.,.,0.5,FALSE
LT-Coal-ULTRASUPERCRITICAL,Coal-ULTRASUPERCRITICAL,Coal,LT,40,FALSE,TRUE,FALSE,FALSE,FALSE,7.262064331,0,0,0.32,0.05,.,0,FALSE,.,.,.,0.5,FALSE
LT-Coal-ULTRASUPERCRITICAL_EP,Coal-ULTRASUPERCRITICAL_EP,Coal,LT,40,FALSE,TRUE,FALSE,FALSE,FALSE,7.262064331,0,0,0.32,0.05,0,0,FALSE,.,.,.,0.5,FALSE
LT-Coal-IGCC,Coal-IGCC,Coal,LT,40,FALSE,TRUE,FALSE,FALSE,FALSE,7.163290558,0,0,0.32,0.05,.,0,FALSE,.,.,.,0.5,FALSE
LT-Coal-IGCC_EP,Coal-IGCC_EP,Coal,LT,40,FALSE,TRUE,FALSE,FALSE,FALSE,7.163290558,0,0,0.32,0.05,0,0,FALSE,.,.,.,0.5,FALSE
LT-Gas-CCGT,Gas-CCGT,Gas,LT,20,FALSE,FALSE,FALSE,TRUE,TRUE,5.687953422,0,0,0.65,0.0224,.,0,FALSE,.,.,.,0.4,FALSE
LT-Gas-CCGT_EP,Gas-CCGT_EP,Gas,LT,20,FALSE,FALSE,FALSE,TRUE,TRUE,5.687953422,0,0,0.65,0.0224,759,0,FALSE,.,.,.,0.4,FALSE
LT-Gas-turbine,Gas-turbine,Gas,LT,20,FALSE,FALSE,FALSE,TRUE,TRUE,8.32559518,0,0,0.0318,0.0413,.,0,FALSE,.,.,.,0.25,FALSE
LT-Gas-turbine_EP,Gas-turbine_EP,Gas,LT,20,FALSE,FALSE,FALSE,TRUE,TRUE,8.32559518,0,0,0.0318,0.0413,759,0,FALSE,.,.,.,0.25,FALSE
LT-Nuclear,Nuclear,Uranium,LT,40,FALSE,FALSE,TRUE,FALSE,FALSE,10.33981818,0,0,0.1112,0.0272,.,0,FALSE,.,.,.,1,FALSE
LT-Nuclear_EP,Nuclear_EP,Uranium,LT,40,FALSE,FALSE,TRUE,FALSE,FALSE,10.33981818,0,0,0.1112,0.0272,0,0,FALSE,.,.,.,1,FALSE
LU-Coal-SUBCRITICAL,Coal-SUBCRITICAL,Coal,LU,30,FALSE,TRUE,FALSE,FALSE,FALSE,8.749076923,0,0,0.52,0.05,.,0,FALSE,.,.,.,0.5,FALSE
LU-Coal-SUBCRITICAL_EP,Coal-SUBCRITICAL_EP,Coal,LU,30,FALSE,TRUE,FALSE,FALSE,FALSE,8.749076923,0,0,0.52,0.05,0,0,FALSE,.,.,.,0.5,FALSE
LU-Coal-SUPERCRITICAL,Coal-SUPERCRITICAL,Coal,LU,40,FALSE,TRUE,FALSE,FALSE,FALSE,7.935209302,0,0,0.32,0.05,.,0,FALSE,.,.,.,0.5,FALSE
LU-Coal-SUPERCRITICAL_EP,Coal-SUPERCRITICAL_EP,Coal,LU,40,FALSE,TRUE,FALSE,FALSE,FALSE,7.935209302,0,0,0.32,0.05,0,0,FALSE,.,.,.,0.5,FALSE
LU-Coal-ULTRASUPERCRITICAL,Coal-ULTRASUPERCRITICAL,Coal,LU,40,FALSE,TRUE,FALSE,FALSE,FALSE,7.262064331,0,0,0.32,0.05,.,0,FALSE,.,.,.,0.5,FALSE
LU-Coal-ULTRASUPERCRITICAL_EP,Coal-ULTRASUPERCRITICAL_EP,Coal,LU,40,FALSE,TRUE,FALSE,FALSE,FALSE,7.262064331,0,0,0.32,0.05,0,0,FALSE,.,.,.,0.5,FALSE
LU-Coal-IGCC,Coal-IGCC,Coal,LU,40,FALSE,TRUE,FALSE,FALSE,FALSE,7.163290558,0,0,0.32,0.05,.,0,FALSE,.,.,.,0.5,FALSE
LU-Coal-IGCC_EP,Coal-IGCC_EP,Coal,LU,40,FALSE,TRUE,FALSE,FALSE,FALSE,7.163290558,0,0,0.32,0.05,0,0,FALSE,.,.,.,0.5,FALSE
LU-Gas-CCGT,Gas-CCGT,Gas,LU,20,FALSE,FALSE,FALSE,TRUE,TRUE,5.687953422,0,0,0.65,0.0224,.,0,FALSE,.,.,.,0.4,FALSE
LU-Gas-CCGT_EP,Gas-CCGT_EP,Gas,LU,20,FALSE,FALSE,FALSE,TRUE,TRUE,5.687953422,0,0,0.65,0.0224,35,0,FALSE,.,.,.,0.4,FALSE
LU-Gas-turbine,Gas-turbine,Gas,LU,20,FALSE,FALSE,FALSE,TRUE,TRUE,8.32559518,0,0,0.0318,0.0413,.,0,FALSE,.,.,.,0.25,FALSE
LU-Gas-turbine_EP,Gas-turbine_EP,Gas,LU,20,FALSE,FALSE,FALSE,TRUE,TRUE,8.32559518,0,0,0.0318,0.0413,35,0,FALSE,.,.,.,0.25,FALSE
LU-Nuclear,Nuclear,Uranium,LU,40,FALSE,FALSE,TRUE,FALSE,FALSE,10.33981818,0,0,0.1112,0.0272,.,0,FALSE,.,.,.,1,FALSE
LU-Nuclear_EP,Nuclear_EP,Uranium,LU,40,FALSE,FALSE,TRUE,FALSE,FALSE,10.33981818,0,0,0.1112,0.0272,0,0,FALSE,.,.,.,1,FALSE
LV-Coal-SUBCRITICAL,Coal-SUBCRITICAL,Coal,LV,30,FALSE,TRUE,FALSE,FALSE,FALSE,8.749076923,0,0,0.52,0.05,.,0,FALSE,.,.,.,0.5,FALSE
LV-Coal-SUBCRITICAL_EP,Coal-SUBCRITICAL_EP,Coal,LV,30,FALSE,TRUE,FALSE,FALSE,FALSE,8.749076923,0,0,0.52,0.05,0,0,FALSE,.,.,.,0.5,FALSE
LV-Coal-SUPERCRITICAL,Coal-SUPERCRITICAL,Coal,LV,40,FALSE,TRUE,FALSE,FALSE,FALSE,7.935209302,0,0,0.32,0.05,.,0,FALSE,.,.,.,0.5,FALSE
LV-Coal-SUPERCRITICAL_EP,Coal-SUPERCRITICAL_EP,Coal,LV,40,FALSE,TRUE,FALSE,FALSE,FALSE,7.935209302,0,0,0.32,0.05,0,0,FALSE,.,.,.,0.5,FALSE
LV-Coal-ULTRASUPERCRITICAL,Coal-ULTRASUPERCRITICAL,Coal,LV,40,FALSE,TRUE,FALSE,FALSE,FALSE,7.262064331,0,0,0.32,0.05,.,0,FALSE,.,.,.,0.5,FALSE
LV-Coal-ULTRASUPERCRITICAL_EP,Coal-ULTRASUPERCRITICAL_EP,Coal,LV,40,FALSE,TRUE,FALSE,FALSE,FALSE,7.262064331,0,0,0.32,0.05,0,0,FALSE,.,.,.,0.5,FALSE
LV-Coal-IGCC,Coal-IGCC,Coal,LV,40,FALSE,TRUE,FALSE,FALSE,FALSE,7.163290558,0,0,0.32,0.05,.,0,FALSE,.,.,.,0.5,FALSE
LV-Coal-IGCC_EP,Coal-IGCC_EP,Coal,LV,40,FALSE,TRUE,FALSE,FALSE,FALSE,7.163290558,0,0,0.32,0.05,0,0,FALSE,.,.,.,0.5,FALSE
LV-Gas-CCGT,Gas-CCGT,Gas,LV,20,FALSE,FALSE,FALSE,TRUE,TRUE,5.687953422,0,0,0.65,0.0224,.,0,FALSE,.,.,.,0.4,FALSE
LV-Gas-CCGT_EP,Gas-CCGT_EP,Gas,LV,20,FALSE,FALSE,FALSE,TRUE,TRUE,5.687953422,0,0,0.65,0.0224,578.5,0,FALSE,.,.,.,0.4,FALSE
LV-Gas-turbine,Gas-turbine,Gas,LV,20,FALSE,FALSE,FALSE,TRUE,TRUE,8.32559518,0,0,0.0318,0.0413,.,0,FALSE,.,.,.,0.25,FALSE
LV-Gas-turbine_EP,Gas-turbine_EP,Gas,LV,20,FALSE,FALSE,FALSE,TRUE,TRUE,8.32559518,0,0,0.0318,0.0413,578.5,0,FALSE,.,.,.,0.25,FALSE
LV-Nuclear,Nuclear,Uranium,LV,40,FALSE,FALSE,TRUE,FALSE,FALSE,10.33981818,0,0,0.1112,0.0272,.,0,FALSE,.,.,.,1,FALSE
LV-Nuclear_EP,Nuclear_EP,Uranium,LV,40,FALSE,FALSE,TRUE,FALSE,FALSE,10.33981818,0,0,0.1112,0.0272,0,0,FALSE,.,.,.,1,FALSE
ME-Coal-SUBCRITICAL,Coal-SUBCRITICAL,Coal,ME,30,FALSE,TRUE,FALSE,FALSE,FALSE,8.749076923,0,0,0.52,0.05,.,0,FALSE,.,.,.,0.5,FALSE
ME-Coal-SUBCRITICAL_EP,Coal-SUBCRITICAL_EP,Coal,ME,30,FALSE,TRUE,FALSE,FALSE,FALSE,8.749076923,0,0,0.52,0.05,70,0,FALSE,.,.,.,0.5,FALSE
ME-Coal-SUPERCRITICAL,Coal-SUPERCRITICAL,Coal,ME,40,FALSE,TRUE,FALSE,FALSE,FALSE,7.935209302,0,0,0.32,0.05,.,0,FALSE,.,.,.,0.5,FALSE
ME-Coal-SUPERCRITICAL_EP,Coal-SUPERCRITICAL_EP,Coal,ME,40,FALSE,TRUE,FALSE,FALSE,FALSE,7.935209302,0,0,0.32,0.05,93.3,0,FALSE,.,.,.,0.5,FALSE
ME-Coal-ULTRASUPERCRITICAL,Coal-ULTRASUPERCRITICAL,Coal,ME,40,FALSE,TRUE,FALSE,FALSE,FALSE,7.262064331,0,0,0.32,0.05,.,0,FALSE,.,.,.,0.5,FALSE
ME-Coal-ULTRASUPERCRITICAL_EP,Coal-ULTRASUPERCRITICAL_EP,Coal,ME,40,FALSE,TRUE,FALSE,FALSE,FALSE,7.262064331,0,0,0.32,0.05,93.3,0,FALSE,.,.,.,0.5,FALSE
ME-Coal-IGCC,Coal-IGCC,Coal,ME,40,FALSE,TRUE,FALSE,FALSE,FALSE,7.163290558,0,0,0.32,0.05,.,0,FALSE,.,.,.,0.5,FALSE
ME-Coal-IGCC_EP,Coal-IGCC_EP,Coal,ME,40,FALSE,TRUE,FALSE,FALSE,FALSE,7.163290558,0,0,0.32,0.05,0,0,FALSE,.,.,.,0.5,FALSE
ME-Gas-CCGT,Gas-CCGT,Gas,ME,20,FALSE,FALSE,FALSE,TRUE,TRUE,5.687953422,0,0,0.65,0.0224,.,0,FALSE,.,.,.,0.4,FALSE
ME-Gas-CCGT_EP,Gas-CCGT_EP,Gas,ME,20,FALSE,FALSE,FALSE,TRUE,TRUE,5.687953422,0,0,0.65,0.0224,0,0,FALSE,.,.,.,0.4,FALSE
ME-Gas-turbine,Gas-turbine,Gas,ME,20,FALSE,FALSE,FALSE,TRUE,TRUE,8.32559518,0,0,0.0318,0.0413,.,0,FALSE,.,.,.,0.25,FALSE
ME-Gas-turbine_EP,Gas-turbine_EP,Gas,ME,20,FALSE,FALSE,FALSE,TRUE,TRUE,8.32559518,0,0,0.0318,0.0413,0,0,FALSE,.,.,.,0.25,FALSE
ME-Nuclear,Nuclear,Uranium,ME,40,FALSE,FALSE,TRUE,FALSE,FALSE,10.33981818,0,0,0.1112,0.0272,.,0,FALSE,.,.,.,1,FALSE
ME-Nuclear_EP,Nuclear_EP,Uranium,ME,40,FALSE,FALSE,TRUE,FALSE,FALSE,10.33981818,0,0,0.1112,0.0272,0,0,FALSE,.,.,.,1,FALSE
NL-Coal-SUBCRITICAL,Coal-SUBCRITICAL,Coal,NL,30,FALSE,TRUE,FALSE,FALSE,FALSE,8.749076923,0,0,0.52,0.05,.,0,FALSE,.,.,.,0.5,FALSE
NL-Coal-SUBCRITICAL_EP,Coal-SUBCRITICAL_EP,Coal,NL,30,FALSE,TRUE,FALSE,FALSE,FALSE,8.749076923,0,0,0.52,0.05,1335.3,0,FALSE,.,.,.,0.5,FALSE
NL-Coal-SUPERCRITICAL,Coal-SUPERCRITICAL,Coal,NL,40,FALSE,TRUE,FALSE,FALSE,FALSE,7.935209302,0,0,0.32,0.05,.,0,FALSE,.,.,.,0.5,FALSE
NL-Coal-SUPERCRITICAL_EP,Coal-SUPERCRITICAL_EP,Coal,NL,40,FALSE,TRUE,FALSE,FALSE,FALSE,7.935209302,0,0,0.32,0.05,1780.4,0,FALSE,.,.,.,0.5,FALSE
NL-Coal-ULTRASUPERCRITICAL,Coal-ULTRASUPERCRITICAL,Coal,NL,40,FALSE,TRUE,FALSE,FALSE,FALSE,7.262064331,0,0,0.32,0.05,.,0,FALSE,.,.,.,0.5,FALSE
NL-Coal-ULTRASUPERCRITICAL_EP,Coal-ULTRASUPERCRITICAL_EP,Coal,NL,40,FALSE,TRUE,FALSE,FALSE,FALSE,7.262064331,0,0,0.32,0.05,1780.4,0,FALSE,.,.,.,0.5,FALSE
NL-Coal-IGCC,Coal-IGCC,Coal,NL,40,FALSE,TRUE,FALSE,FALSE,FALSE,7.163290558,0,0,0.32,0.05,.,0,FALSE,.,.,.,0.5,FALSE
NL-Coal-IGCC_EP,Coal-IGCC_EP,Coal,NL,40,FALSE,TRUE,FALSE,FALSE,FALSE,7.163290558,0,0,0.32,0.05,0,0,FALSE,.,.,.,0.5,FALSE
NL-Gas-CCGT,Gas-CCGT,Gas,NL,20,FALSE,FALSE,FALSE,TRUE,TRUE,5.687953422,0,0,0.65,0.0224,.,0,FALSE,.,.,.,0.4,FALSE
NL-Gas-CCGT_EP,Gas-CCGT_EP,Gas,NL,20,FALSE,FALSE,FALSE,TRUE,TRUE,5.687953422,0,0,0.65,0.0224,9175.5,0,FALSE,.,.,.,0.4,FALSE
NL-Gas-turbine,Gas-turbine,Gas,NL,20,FALSE,FALSE,FALSE,TRUE,TRUE,8.32559518,0,0,0.0318,0.0413,.,0,FALSE,.,.,.,0.25,FALSE
NL-Gas-turbine_EP,Gas-turbine_EP,Gas,NL,20,FALSE,FALSE,FALSE,TRUE,TRUE,8.32559518,0,0,0.0318,0.0413,9175.5,0,FALSE,.,.,.,0.25,FALSE
NL-Nuclear,Nuclear,Uranium,NL,40,FALSE,FALSE,TRUE,FALSE,FALSE,10.33981818,0,0,0.1112,0.0272,.,0,FALSE,.,.,.,1,FALSE
NL-Nuclear_EP,Nuclear_EP,Uranium,NL,40,FALSE,FALSE,TRUE,FALSE,FALSE,10.33981818,0,0,0.1112,0.0272,486,0,FALSE,.,.,.,1,FALSE
NO-Coal-SUBCRITICAL,Coal-SUBCRITICAL,Coal,NO,30,FALSE,TRUE,FALSE,FALSE,FALSE,8.749076923,0,0,0.52,0.05,.,0,FALSE,.,.,.,0.5,FALSE
NO-Coal-SUBCRITICAL_EP,Coal-SUBCRITICAL_EP,Coal,NO,30,FALSE,TRUE,FALSE,FALSE,FALSE,8.749076923,0,0,0.52,0.05,0,0,FALSE,.,.,.,0.5,FALSE
NO-Coal-SUPERCRITICAL,Coal-SUPERCRITICAL,Coal,NO,40,FALSE,TRUE,FALSE,FALSE,FALSE,7.935209302,0,0,0.32,0.05,.,0,FALSE,.,.,.,0.5,FALSE
NO-Coal-SUPERCRITICAL_EP,Coal-SUPERCRITICAL_EP,Coal,NO,40,FALSE,TRUE,FALSE,FALSE,FALSE,7.935209302,0,0,0.32,0.05,0,0,FALSE,.,.,.,0.5,FALSE
NO-Coal-ULTRASUPERCRITICAL,Coal-ULTRASUPERCRITICAL,Coal,NO,40,FALSE,TRUE,FALSE,FALSE,FALSE,7.262064331,0,0,0.32,0.05,.,0,FALSE,.,.,.,0.5,FALSE
NO-Coal-ULTRASUPERCRITICAL_EP,Coal-ULTRASUPERCRITICAL_EP,Coal,NO,40,FALSE,TRUE,FALSE,FALSE,FALSE,7.262064331,0,0,0.32,0.05,0,0,FALSE,.,.,.,0.5,FALSE
NO-Coal-IGCC,Coal-IGCC,Coal,NO,40,FALSE,TRUE,FALSE,FALSE,FALSE,7.163290558,0,0,0.32,0.05,.,0,FALSE,.,.,.,0.5,FALSE
NO-Coal-IGCC_EP,Coal-IGCC_EP,Coal,NO,40,FALSE,TRUE,FALSE,FALSE,FALSE,7.163290558,0,0,0.32,0.05,0,0,FALSE,.,.,.,0.5,FALSE
NO-Gas-CCGT,Gas-CCGT,Gas,NO,20,FALSE,FALSE,FALSE,TRUE,TRUE,5.687953422,0,0,0.65,0.0224,.,0,FALSE,.,.,.,0.4,FALSE
NO-Gas-CCGT_EP,Gas-CCGT_EP,Gas,NO,20,FALSE,FALSE,FALSE,TRUE,TRUE,5.687953422,0,0,0.65,0.0224,229.5,0,FALSE,.,.,.,0.4,FALSE
NO-Gas-turbine,Gas-turbine,Gas,NO,20,FALSE,FALSE,FALSE,TRUE,TRUE,8.32559518,0,0,0.0318,0.0413,.,0,FALSE,.,.,.,0.25,FALSE
NO-Gas-turbine_EP,Gas-turbine_EP,Gas,NO,20,FALSE,FALSE,FALSE,TRUE,TRUE,8.32559518,0,0,0.0318,0.0413,229.5,0,FALSE,.,.,.,0.25,FALSE
NO-Nuclear,Nuclear,Uranium,NO,40,FALSE,FALSE,TRUE,FALSE,FALSE,10.33981818,0,0,0.1112,0.0272,.,0,FALSE,.,.,.,1,FALSE
NO-Nuclear_EP,Nuclear_EP,Uranium,NO,40,FALSE,FALSE,TRUE,FALSE,FALSE,10.33981818,0,0,0.1112,0.0272,0,0,FALSE,.,.,.,1,FALSE
PL-Coal-SUBCRITICAL,Coal-SUBCRITICAL,Coal,PL,30,FALSE,TRUE,FALSE,FALSE,FALSE,8.749076923,0,0,0.52,0.05,.,0,FALSE,.,.,.,0.5,FALSE
PL-Coal-SUBCRITICAL_EP,Coal-SUBCRITICAL_EP,Coal,PL,30,FALSE,TRUE,FALSE,FALSE,FALSE,8.749076923,0,0,0.52,0.05,8856,0,FALSE,.,.,.,0.5,FALSE
PL-Coal-SUPERCRITICAL,Coal-SUPERCRITICAL,Coal,PL,40,FALSE,TRUE,FALSE,FALSE,FALSE,7.935209302,0,0,0.32,0.05,.,0,FALSE,.,.,.,0.5,FALSE
PL-Coal-SUPERCRITICAL_EP,Coal-SUPERCRITICAL_EP,Coal,PL,40,FALSE,TRUE,FALSE,FALSE,FALSE,7.935209302,0,0,0.32,0.05,11808,0,FALSE,.,.,.,0.5,FALSE
PL-Coal-ULTRASUPERCRITICAL,Coal-ULTRASUPERCRITICAL,Coal,PL,40,FALSE,TRUE,FALSE,FALSE,FALSE,7.262064331,0,0,0.32,0.05,.,0,FALSE,.,.,.,0.5,FALSE
PL-Coal-ULTRASUPERCRITICAL_EP,Coal-ULTRASUPERCRITICAL_EP,Coal,PL,40,FALSE,TRUE,FALSE,FALSE,FALSE,7.262064331,0,0,0.32,0.05,11808,0,FALSE,.,.,.,0.5,FALSE
PL-Coal-IGCC,Coal-IGCC,Coal,PL,40,FALSE,TRUE,FALSE,FALSE,FALSE,7.163290558,0,0,0.32,0.05,.,0,FALSE,.,.,.,0.5,FALSE
PL-Coal-IGCC_EP,Coal-IGCC_EP,Coal,PL,40,FALSE,TRUE,FALSE,FALSE,FALSE,7.163290558,0,0,0.32,0.05,281,0,FALSE,.,.,.,0.5,FALSE
PL-Gas-CCGT,Gas-CCGT,Gas,PL,20,FALSE,FALSE,FALSE,TRUE,TRUE,5.687953422,0,0,0.65,0.0224,.,0,FALSE,.,.,.,0.4,FALSE
PL-Gas-CCGT_EP,Gas-CCGT_EP,Gas,PL,20,FALSE,FALSE,FALSE,TRUE,TRUE,5.687953422,0,0,0.65,0.0224,1893,0,FALSE,.,.,.,0.4,FALSE
PL-Gas-turbine,Gas-turbine,Gas,PL,20,FALSE,FALSE,FALSE,TRUE,TRUE,8.32559518,0,0,0.0318,0.0413,.,0,FALSE,.,.,.,0.25,FALSE
PL-Gas-turbine_EP,Gas-turbine_EP,Gas,PL,20,FALSE,FALSE,FALSE,TRUE,TRUE,8.32559518,0,0,0.0318,0.0413,1893,0,FALSE,.,.,.,0.25,FALSE
PL-Nuclear,Nuclear,Uranium,PL,40,FALSE,FALSE,TRUE,FALSE,FALSE,10.33981818,0,0,0.1112,0.0272,.,0,FALSE,.,.,.,1,FALSE
PL-Nuclear_EP,Nuclear_EP,Uranium,PL,40,FALSE,FALSE,TRUE,FALSE,FALSE,10.33981818,0,0,0.1112,0.0272,0,0,FALSE,.,.,.,1,FALSE
PT-Coal-SUBCRITICAL,Coal-SUBCRITICAL,Coal,PT,30,FALSE,TRUE,FALSE,FALSE,FALSE,8.749076923,0,0,0.52,0.05,.,0,FALSE,.,.,.,0.5,FALSE
PT-Coal-SUBCRITICAL_EP,Coal-SUBCRITICAL_EP,Coal,PT,30,FALSE,TRUE,FALSE,FALSE,FALSE,8.749076923,0,0,0.52,0.05,0,0,FALSE,.,.,.,0.5,FALSE
PT-Coal-SUPERCRITICAL,Coal-SUPERCRITICAL,Coal,PT,40,FALSE,TRUE,FALSE,FALSE,FALSE,7.935209302,0,0,0.32,0.05,.,0,FALSE,.,.,.,0.5,FALSE
PT-Coal-SUPERCRITICAL_EP,Coal-SUPERCRITICAL_EP,Coal,PT,40,FALSE,TRUE,FALSE,FALSE,FALSE,7.935209302,0,0,0.32,0.05,0,0,FALSE,.,.,.,0.5,FALSE
PT-Coal-ULTRASUPERCRITICAL,Coal-ULTRASUPERCRITICAL,Coal,PT,40,FALSE,TRUE,FALSE,FALSE,FALSE,7.262064331,0,0,0.32,0.05,.,0,FALSE,.,.,.,0.5,FALSE
PT-Coal-ULTRASUPERCRITICAL_EP,Coal-ULTRASUPERCRITICAL_EP,Coal,PT,40,FALSE,TRUE,FALSE,FALSE,FALSE,7.262064331,0,0,0.32,0.05,0,0,FALSE,.,.,.,0.5,FALSE
PT-Coal-IGCC,Coal-IGCC,Coal,PT,40,FALSE,TRUE,FALSE,FALSE,FALSE,7.163290558,0,0,0.32,0.05,.,0,FALSE,.,.,.,0.5,FALSE
PT-Coal-IGCC_EP,Coal-IGCC_EP,Coal,PT,40,FALSE,TRUE,FALSE,FALSE,FALSE,7.163290558,0,0,0.32,0.05,0,0,FALSE,.,.,.,0.5,FALSE
PT-Gas-CCGT,Gas-CCGT,Gas,PT,20,FALSE,FALSE,FALSE,TRUE,TRUE,5.687953422,0,0,0.65,0.0224,.,0,FALSE,.,.,.,0.4,FALSE
PT-Gas-CCGT_EP,Gas-CCGT_EP,Gas,PT,20,FALSE,FALSE,FALSE,TRUE,TRUE,5.687953422,0,0,0.65,0.0224,2292.5,0,FALSE,.,.,.,0.4,FALSE
PT-Gas-turbine,Gas-turbine,Gas,PT,20,FALSE,FALSE,FALSE,TRUE,TRUE,8.32559518,0,0,0.0318,0.0413,.,0,FALSE,.,.,.,0.25,FALSE
PT-Gas-turbine_EP,Gas-turbine_EP,Gas,PT,20,FALSE,FALSE,FALSE,TRUE,TRUE,8.32559518,0,0,0.0318,0.0413,2292.5,0,FALSE,.,.,.,0.25,FALSE
PT-Nuclear,Nuclear,Uranium,PT,40,FALSE,FALSE,TRUE,FALSE,FALSE,10.33981818,0,0,0.1112,0.0272,.,0,FALSE,.,.,.,1,FALSE
PT-Nuclear_EP,Nuclear_EP,Uranium,PT,40,FALSE,FALSE,TRUE,FALSE,FALSE,10.33981818,0,0,0.1112,0.0272,0,0,FALSE,.,.,.,1,FALSE
RO-Coal-SUBCRITICAL,Coal-SUBCRITICAL,Coal,RO,30,FALSE,TRUE,FALSE,FALSE,FALSE,8.749076923,0,0,0.52,0.05,.,0,FALSE,.,.,.,0.5,FALSE
RO-Coal-SUBCRITICAL_EP,Coal-SUBCRITICAL_EP,Coal,RO,30,FALSE,TRUE,FALSE,FALSE,FALSE,8.749076923,0,0,0.52,0.05,891.1,0,FALSE,.,.,.,0.5,FALSE
RO-Coal-SUPERCRITICAL,Coal-SUPERCRITICAL,Coal,RO,40,FALSE,TRUE,FALSE,FALSE,FALSE,7.935209302,0,0,0.32,0.05,.,0,FALSE,.,.,.,0.5,FALSE
RO-Coal-SUPERCRITICAL_EP,Coal-SUPERCRITICAL_EP,Coal,RO,40,FALSE,TRUE,FALSE,FALSE,FALSE,7.935209302,0,0,0.32,0.05,1188.1,0,FALSE,.,.,.,0.5,FALSE
RO-Coal-ULTRASUPERCRITICAL,Coal-ULTRASUPERCRITICAL,Coal,RO,40,FALSE,TRUE,FALSE,FALSE,FALSE,7.262064331,0,0,0.32,0.05,.,0,FALSE,.,.,.,0.5,FALSE
RO-Coal-ULTRASUPERCRITICAL_EP,Coal-ULTRASUPERCRITICAL_EP,Coal,RO,40,FALSE,TRUE,FALSE,FALSE,FALSE,7.262064331,0,0,0.32,0.05,1188.1,0,FALSE,.,.,.,0.5,FALSE
RO-Coal-IGCC,Coal-IGCC,Coal,RO,40,FALSE,TRUE,FALSE,FALSE,FALSE,7.163290558,0,0,0.32,0.05,.,0,FALSE,.,.,.,0.5,FALSE
RO-Coal-IGCC_EP,Coal-IGCC_EP,Coal,RO,40,FALSE,TRUE,FALSE,FALSE,FALSE,7.163290558,0,0,0.32,0.05,0,0,FALSE,.,.,.,0.5,FALSE
RO-Gas-CCGT,Gas-CCGT,Gas,RO,20,FALSE,FALSE,FALSE,TRUE,TRUE,5.687953422,0,0,0.65,0.0224,.,0,FALSE,.,.,.,0.4,FALSE
RO-Gas-CCGT_EP,Gas-CCGT_EP,Gas,RO,20,FALSE,FALSE,FALSE,TRUE,TRUE,5.687953422,0,0,0.65,0.0224,994,0,FALSE,.,.,.,0.4,FALSE
RO-Gas-turbine,Gas-turbine,Gas,RO,20,FALSE,FALSE,FALSE,TRUE,TRUE,8.32559518,0,0,0.0318,0.0413,.,0,FALSE,.,.,.,0.25,FALSE
RO-Gas-turbine_EP,Gas-turbine_EP,Gas,RO,20,FALSE,FALSE,FALSE,TRUE,TRUE,8.32559518,0,0,0.0318,0.0413,994,0,FALSE,.,.,.,0.25,FALSE
RO-Nuclear,Nuclear,Uranium,RO,40,FALSE,FALSE,TRUE,FALSE,FALSE,10.33981818,0,0,0.1112,0.0272,.,0,FALSE,.,.,.,1,FALSE
RO-Nuclear_EP,Nuclear_EP,Uranium,RO,40,FALSE,FALSE,TRUE,FALSE,FALSE,10.33981818,0,0,0.1112,0.0272,1300,0,FALSE,.,.,.,1,FALSE
SE-Coal-SUBCRITICAL,Coal-SUBCRITICAL,Coal,SE,30,FALSE,TRUE,FALSE,FALSE,FALSE,8.749076923,0,0,0.52,0.05,.,0,FALSE,.,.,.,0.5,FALSE
SE-Coal-SUBCRITICAL_EP,Coal-SUBCRITICAL_EP,Coal,SE,30,FALSE,TRUE,FALSE,FALSE,FALSE,8.749076923,0,0,0.52,0.05,0,0,FALSE,.,.,.,0.5,FALSE
SE-Coal-SUPERCRITICAL,Coal-SUPERCRITICAL,Coal,SE,40,FALSE,TRUE,FALSE,FALSE,FALSE,7.935209302,0,0,0.32,0.05,.,0,FALSE,.,.,.,0.5,FALSE
SE-Coal-SUPERCRITICAL_EP,Coal-SUPERCRITICAL_EP,Coal,SE,40,FALSE,TRUE,FALSE,FALSE,FALSE,7.935209302,0,0,0.32,0.05,0,0,FALSE,.,.,.,0.5,FALSE
SE-Coal-ULTRASUPERCRITICAL,Coal-ULTRASUPERCRITICAL,Coal,SE,40,FALSE,TRUE,FALSE,FALSE,FALSE,7.262064331,0,0,0.32,0.05,.,0,FALSE,.,.,.,0.5,FALSE
SE-Coal-ULTRASUPERCRITICAL_EP,Coal-ULTRASUPERCRITICAL_EP,Coal,SE,40,FALSE,TRUE,FALSE,FALSE,FALSE,7.262064331,0,0,0.32,0.05,0,0,FALSE,.,.,.,0.5,FALSE
SE-Coal-IGCC,Coal-IGCC,Coal,SE,40,FALSE,TRUE,FALSE,FALSE,FALSE,7.163290558,0,0,0.32,0.05,.,0,FALSE,.,.,.,0.5,FALSE
SE-Coal-IGCC_EP,Coal-IGCC_EP,Coal,SE,40,FALSE,TRUE,FALSE,FALSE,FALSE,7.163290558,0,0,0.32,0.05,0,0,FALSE,.,.,.,0.5,FALSE
SE-Gas-CCGT,Gas-CCGT,Gas,SE,20,FALSE,FALSE,FALSE,TRUE,TRUE,5.687953422,0,0,0.65,0.0224,.,0,FALSE,.,.,.,0.4,FALSE
SE-Gas-CCGT_EP,Gas-CCGT_EP,Gas,SE,20,FALSE,FALSE,FALSE,TRUE,TRUE,5.687953422,0,0,0.65,0.0224,0,0,FALSE,.,.,.,0.4,FALSE
SE-Gas-turbine,Gas-turbine,Gas,SE,20,FALSE,FALSE,FALSE,TRUE,TRUE,8.32559518,0,0,0.0318,0.0413,.,0,FALSE,.,.,.,0.25,FALSE
SE-Gas-turbine_EP,Gas-turbine_EP,Gas,SE,20,FALSE,FALSE,FALSE,TRUE,TRUE,8.32559518,0,0,0.0318,0.0413,0,0,FALSE,.,.,.,0.25,FALSE
SE-Nuclear,Nuclear,Uranium,SE,40,FALSE,FALSE,TRUE,FALSE,FALSE,10.33981818,0,0,0.1112,0.0272,.,0,FALSE,.,.,.,1,FALSE
SE-Nuclear_EP,Nuclear_EP,Uranium,SE,40,FALSE,FALSE,TRUE,FALSE,FALSE,10.33981818,0,0,0.1112,0.0272,6900,0,FALSE,.,.,.,1,FALSE
SI-Coal-SUBCRITICAL,Coal-SUBCRITICAL,Coal,SI,30,FALSE,TRUE,FALSE,FALSE,FALSE,8.749076923,0,0,0.52,0.05,.,0,FALSE,.,.,.,0.5,FALSE
SI-Coal-SUBCRITICAL_EP,Coal-SUBCRITICAL_EP,Coal,SI,30,FALSE,TRUE,FALSE,FALSE,FALSE,8.749076923,0,0,0.52,0.05,397.1,0,FALSE,.,.,.,0.5,FALSE
SI-Coal-SUPERCRITICAL,Coal-SUPERCRITICAL,Coal,SI,40,FALSE,TRUE,FALSE,FALSE,FALSE,7.935209302,0,0,0.32,0.05,.,0,FALSE,.,.,.,0.5,FALSE
SI-Coal-SUPERCRITICAL_EP,Coal-SUPERCRITICAL_EP,Coal,SI,40,FALSE,TRUE,FALSE,FALSE,FALSE,7.935209302,0,0,0.32,0.05,529.5,0,FALSE,.,.,.,0.5,FALSE
SI-Coal-ULTRASUPERCRITICAL,Coal-ULTRASUPERCRITICAL,Coal,SI,40,FALSE,TRUE,FALSE,FALSE,FALSE,7.262064331,0,0,0.32,0.05,.,0,FALSE,.,.,.,0.5,FALSE
SI-Coal-ULTRASUPERCRITICAL_EP,Coal-ULTRASUPERCRITICAL_EP,Coal,SI,40,FALSE,TRUE,FALSE,FALSE,FALSE,7.262064331,0,0,0.32,0.05,529.5,0,FALSE,.,.,.,0.5,FALSE
SI-Coal-IGCC,Coal-IGCC,Coal,SI,40,FALSE,TRUE,FALSE,FALSE,FALSE,7.163290558,0,0,0.32,0.05,.,0,FALSE,.,.,.,0.5,FALSE
SI-Coal-IGCC_EP,Coal-IGCC_EP,Coal,SI,40,FALSE,TRUE,FALSE,FALSE,FALSE,7.163290558,0,0,0.32,0.05,0,0,FALSE,.,.,.,0.5,FALSE
SI-Gas-CCGT,Gas-CCGT,Gas,SI,20,FALSE,FALSE,FALSE,TRUE,TRUE,5.687953422,0,0,0.65,0.0224,.,0,FALSE,.,.,.,0.4,FALSE
SI-Gas-CCGT_EP,Gas-CCGT_EP,Gas,SI,20,FALSE,FALSE,FALSE,TRUE,TRUE,5.687953422,0,0,0.65,0.0224,309,0,FALSE,.,.,.,0.4,FALSE
SI-Gas-turbine,Gas-turbine,Gas,SI,20,FALSE,FALSE,FALSE,TRUE,TRUE,8.32559518,0,0,0.0318,0.0413,.,0,FALSE,.,.,.,0.25,FALSE
SI-Gas-turbine_EP,Gas-turbine_EP,Gas,SI,20,FALSE,FALSE,FALSE,TRUE,TRUE,8.32559518,0,0,0.0318,0.0413,309,0,FALSE,.,.,.,0.25,FALSE
SI-Nuclear,Nuclear,Uranium,SI,40,FALSE,FALSE,TRUE,FALSE,FALSE,10.33981818,0,0,0.1112,0.0272,.,0,FALSE,.,.,.,1,FALSE
SI-Nuclear_EP,Nuclear_EP,Uranium,SI,40,FALSE,FALSE,TRUE,FALSE,FALSE,10.33981818,0,0,0.1112,0.0272,696,0,FALSE,.,.,.,1,FALSE
AT-ERES_2030,ERES,ERES,AT,100,TRUE,FALSE,FALSE,TRUE,TRUE,.,12.926361185121644,0,0,0,694.669041566875,0,FALSE,0.884,0.650387518372,.,0,FALSE
BE-ERES_2030,ERES,ERES,BE,100,TRUE,FALSE,FALSE,TRUE,TRUE,.,12.926361185121644,0,0,0,588.159470217657,0,FALSE,0.884,0.650387518372,.,0,FALSE
BG-ERES_2030,ERES,ERES,BG,100,TRUE,FALSE,FALSE,TRUE,TRUE,.,12.926361185121644,0,0,0,157.534655089861,0,FALSE,0.884,0.650387518372,.,0,FALSE
CZ-ERES_2030,ERES,ERES,CZ,100,TRUE,FALSE,FALSE,TRUE,TRUE,.,12.926361185121644,0,0,0,613.157557050683,0,FALSE,0.884,0.650387518372,.,0,FALSE
DE-ERES_2030,ERES,ERES,DE,100,TRUE,FALSE,FALSE,TRUE,TRUE,.,12.926361185121644,0,0,0,5026.707554719096,0,FALSE,0.884,0.650387518372,.,0,FALSE
DK-ERES_2030,ERES,ERES,DK,100,TRUE,FALSE,FALSE,TRUE,TRUE,.,12.926361185121644,0,0,0,162.688727999362,0,FALSE,0.884,0.650387518372,.,0,FALSE
EE-ERES_2030,ERES,ERES,EE,100,TRUE,FALSE,FALSE,TRUE,TRUE,.,12.926361185121644,0,0,0,5.928731258116,0,FALSE,0.884,0.650387518372,.,0,FALSE
ES-ERES_2030,ERES,ERES,ES,100,TRUE,FALSE,FALSE,TRUE,TRUE,.,12.926361185121644,0,0,0,1148.298876627081,0,FALSE,0.884,0.650387518372,.,0,FALSE
FR-ERES_2030,ERES,ERES,FR,100,TRUE,FALSE,FALSE,TRUE,TRUE,.,12.926361185121644,0,0,0,3314.356937539647,0,FALSE,0.884,0.650387518372,.,0,FALSE
GB-ERES_2030,ERES,ERES,GB,100,TRUE,FALSE,FALSE,TRUE,TRUE,.,12.926361185121644,0,0,0,1814.850006008568,0,FALSE,0.884,0.650387518372,.,0,FALSE
HR-ERES_2030,ERES,ERES,HR,100,TRUE,FALSE,FALSE,TRUE,TRUE,.,12.926361185121644,0,0,0,7.524708384457,0,FALSE,0.884,0.650387518372,.,0,FALSE
HU-ERES_2030,ERES,ERES,HU,100,TRUE,FALSE,FALSE,TRUE,TRUE,.,12.926361185121644,0,0,0,477.469505321517,0,FALSE,0.884,0.650387518372,.,0,FALSE
IT-ERES_2030,ERES,ERES,IT,100,TRUE,FALSE,FALSE,TRUE,TRUE,.,12.926361185121644,0,0,0,2489.209147865115,0,FALSE,0.884,0.650387518372,.,0,FALSE
LT-ERES_2030,ERES,ERES,LT,100,TRUE,FALSE,FALSE,TRUE,TRUE,.,12.926361185121644,0,0,0,6.094423394144,0,FALSE,0.884,0.650387518372,.,0,FALSE
LU-ERES_2030,ERES,ERES,LU,100,TRUE,FALSE,FALSE,TRUE,TRUE,.,12.926361185121644,0,0,0,63.282492792114,0,FALSE,0.884,0.650387518372,.,0,FALSE
LV-ERES_2030,ERES,ERES,LV,100,TRUE,FALSE,FALSE,TRUE,TRUE,.,12.926361185121644,0,0,0,20.27395644891,0,FALSE,0.884,0.650387518372,.,0,FALSE
ME-ERES_2030,ERES,ERES,ME,100,TRUE,FALSE,FALSE,TRUE,TRUE,.,12.926361185121644,0,0,0,5.903972663077,0,FALSE,0.884,0.650387518372,.,0,FALSE
NL-ERES_2030,ERES,ERES,NL,100,TRUE,FALSE,FALSE,TRUE,TRUE,.,12.926361185121644,0,0,0,745.741737990284,0,FALSE,0.884,0.650387518372,.,0,FALSE
NO-ERES_2030,ERES,ERES,NO,100,TRUE,FALSE,FALSE,TRUE,TRUE,.,12.926361185121644,0,0,0,278.491342770995,0,FALSE,0.884,0.650387518372,.,0,FALSE
PL-ERES_2030,ERES,ERES,PL,100,TRUE,FALSE,FALSE,TRUE,TRUE,.,12.926361185121644,0,0,0,1300.419493559535,0,FALSE,0.884,0.650387518372,.,0,FALSE
PT-ERES_2030,ERES,ERES,PT,100,TRUE,FALSE,FALSE,TRUE,TRUE,.,12.926361185121644,0,0,0,149.391934083092,0,FALSE,0.884,0.650387518372,.,0,FALSE
RO-ERES_2030,ERES,ERES,RO,100,TRUE,FALSE,FALSE,TRUE,TRUE,.,12.926361185121644,0,0,0,327.48479333798,0,FALSE,0.884,0.650387518372,.,0,FALSE
SE-ERES_2030,ERES,ERES,SE,100,TRUE,FALSE,FALSE,TRUE,TRUE,.,12.926361185121644,0,0,0,1137.503176936548,0,FALSE,0.884,0.650387518372,.,0,FALSE
SI-ERES_2030,ERES,ERES,SI,100,TRUE,FALSE,FALSE,TRUE,TRUE,.,12.926361185121644,0,0,0,115.187458910286,0,FALSE,0.884,0.650387518372,.,0,FALSE
AT-DCERES_2030,ERES,ERES,AT,100,TRUE,FALSE,FALSE,TRUE,TRUE,.,12.926361185121644,0,0,0,378.984156301538,0,FALSE,0.884,0.650387518372,.,0,FALSE
BE-DCERES_2030,ERES,ERES,BE,100,TRUE,FALSE,FALSE,TRUE,TRUE,.,12.926361185121644,0,0,0,320.876715750027,0,FALSE,0.884,0.650387518372,.,0,FALSE
BG-DCERES_2030,ERES,ERES,BG,100,TRUE,FALSE,FALSE,TRUE,TRUE,.,12.926361185121644,0,0,0,85.944722990419,0,FALSE,0.884,0.650387518372,.,0,FALSE
CZ-DCERES_2030,ERES,ERES,CZ,100,TRUE,FALSE,FALSE,TRUE,TRUE,.,12.926361185121644,0,0,0,334.51469049869,0,FALSE,0.884,0.650387518372,.,0,FALSE
DE-DCERES_2030,ERES,ERES,DE,100,TRUE,FALSE,FALSE,TRUE,TRUE,.,12.926361185121644,0,0,0,2742.374292803987,0,FALSE,0.884,0.650387518372,.,0,FALSE
DK-DCERES_2030,ERES,ERES,DK,100,TRUE,FALSE,FALSE,TRUE,TRUE,.,12.926361185121644,0,0,0,88.756582820415,0,FALSE,0.884,0.650387518372,.,0,FALSE
EE-DCERES_2030,ERES,ERES,EE,100,TRUE,FALSE,FALSE,TRUE,TRUE,.,12.926361185121644,0,0,0,3.234483011835,0,FALSE,0.884,0.650387518372,.,0,FALSE
ES-DCERES_2030,ERES,ERES,ES,100,TRUE,FALSE,FALSE,TRUE,TRUE,.,12.926361185121644,0,0,0,626.466784756843,0,FALSE,0.884,0.650387518372,.,0,FALSE
FR-DCERES_2030,ERES,ERES,FR,100,TRUE,FALSE,FALSE,TRUE,TRUE,.,12.926361185121644,0,0,0,1808.183023130576,0,FALSE,0.884,0.650387518372,.,0,FALSE
GB-DCERES_2030,ERES,ERES,GB,100,TRUE,FALSE,FALSE,TRUE,TRUE,.,12.926361185121644,0,0,0,990.110912082131,0,FALSE,0.884,0.650387518372,.,0,FALSE
HR-DCERES_2030,ERES,ERES,HR,100,TRUE,FALSE,FALSE,TRUE,TRUE,.,12.926361185121644,0,0,0,4.105185473742,0,FALSE,0.884,0.650387518372,.,0,FALSE
HU-DCERES_2030,ERES,ERES,HU,100,TRUE,FALSE,FALSE,TRUE,TRUE,.,12.926361185121644,0,0,0,260.488616601993,0,FALSE,0.884,0.650387518372,.,0,FALSE
IT-DCERES_2030,ERES,ERES,IT,100,TRUE,FALSE,FALSE,TRUE,TRUE,.,12.926361185121644,0,0,0,1358.014784470445,0,FALSE,0.884,0.650387518372,.,0,FALSE
LT-DCERES_2030,ERES,ERES,LT,100,TRUE,FALSE,FALSE,TRUE,TRUE,.,12.926361185121644,0,0,0,3.324878136162,0,FALSE,0.884,0.650387518372,.,0,FALSE
LU-DCERES_2030,ERES,ERES,LU,100,TRUE,FALSE,FALSE,TRUE,TRUE,.,12.926361185121644,0,0,0,34.524443590263,0,FALSE,0.884,0.650387518372,.,0,FALSE
LV-DCERES_2030,ERES,ERES,LV,100,TRUE,FALSE,FALSE,TRUE,TRUE,.,12.926361185121644,0,0,0,11.060674680929,0,FALSE,0.884,0.650387518372,.,0,FALSE
ME-DCERES_2030,ERES,ERES,ME,100,TRUE,FALSE,FALSE,TRUE,TRUE,.,12.926361185121644,0,0,0,3.220975694406,0,FALSE,0.884,0.650387518372,.,0,FALSE
NL-DCERES_2030,ERES,ERES,NL,100,TRUE,FALSE,FALSE,TRUE,TRUE,.,12.926361185121644,0,0,0,406.847414350885,0,FALSE,0.884,0.650387518372,.,0,FALSE
NO-DCERES_2030,ERES,ERES,NO,100,TRUE,FALSE,FALSE,TRUE,TRUE,.,12.926361185121644,0,0,0,151.933943017363,0,FALSE,0.884,0.650387518372,.,0,FALSE
PL-DCERES_2030,ERES,ERES,PL,100,TRUE,FALSE,FALSE,TRUE,TRUE,.,12.926361185121644,0,0,0,709.45782108427,0,FALSE,0.884,0.650387518372,.,0,FALSE
PT-DCERES_2030,ERES,ERES,PT,100,TRUE,FALSE,FALSE,TRUE,TRUE,.,12.926361185121644,0,0,0,81.502374093182,0,FALSE,0.884,0.650387518372,.,0,FALSE
RO-DCERES_2030,ERES,ERES,RO,100,TRUE,FALSE,FALSE,TRUE,TRUE,.,12.926361185121644,0,0,0,178.662846158849,0,FALSE,0.884,0.650387518372,.,0,FALSE
SE-DCERES_2030,ERES,ERES,SE,100,TRUE,FALSE,FALSE,TRUE,TRUE,.,12.926361185121644,0,0,0,620.577074845958,0,FALSE,0.884,0.650387518372,.,0,FALSE
SI-DCERES_2030,ERES,ERES,SI,100,TRUE,FALSE,FALSE,TRUE,TRUE,.,12.926361185121644,0,0,0,62.841755310079,0,FALSE,0.884,0.650387518372,.,0,FALSE
AT-ERES_2040,ERES,ERES,AT,100,TRUE,FALSE,FALSE,TRUE,TRUE,.,12.926361185121644,0,0,0,243.97021326019,0,FALSE,0.884,0.631062953395,.,0,FALSE
BE-ERES_2040,ERES,ERES,BE,100,TRUE,FALSE,FALSE,TRUE,TRUE,.,12.926361185121644,0,0,0,206.563676792538,0,FALSE,0.884,0.631062953395,.,0,FALSE
BG-ERES_2040,ERES,ERES,BG,100,TRUE,FALSE,FALSE,TRUE,TRUE,.,12.926361185121644,0,0,0,55.326725531706,0,FALSE,0.884,0.631062953395,.,0,FALSE
CZ-ERES_2040,ERES,ERES,CZ,100,TRUE,FALSE,FALSE,TRUE,TRUE,.,12.926361185121644,0,0,0,215.343092904121,0,FALSE,0.884,0.631062953395,.,0,FALSE
DE-ERES_2040,ERES,ERES,DE,100,TRUE,FALSE,FALSE,TRUE,TRUE,.,12.926361185121644,0,0,0,1765.397391764091,0,FALSE,0.884,0.631062953395,.,0,FALSE
DK-ERES_2040,ERES,ERES,DK,100,TRUE,FALSE,FALSE,TRUE,TRUE,.,12.926361185121644,0,0,0,57.13685408451,0,FALSE,0.884,0.631062953395,.,0,FALSE
EE-ERES_2040,ERES,ERES,EE,100,TRUE,FALSE,FALSE,TRUE,TRUE,.,12.926361185121644,0,0,0,2.082191292334,0,FALSE,0.884,0.631062953395,.,0,FALSE
ES-ERES_2040,ERES,ERES,ES,100,TRUE,FALSE,FALSE,TRUE,TRUE,.,12.926361185121644,0,0,0,403.286608519714,0,FALSE,0.884,0.631062953395,.,0,FALSE
FR-ERES_2040,ERES,ERES,FR,100,TRUE,FALSE,FALSE,TRUE,TRUE,.,12.926361185121644,0,0,0,1164.013825991253,0,FALSE,0.884,0.631062953395,.,0,FALSE
GB-ERES_2040,ERES,ERES,GB,100,TRUE,FALSE,FALSE,TRUE,TRUE,.,12.926361185121644,0,0,0,637.38171201997,0,FALSE,0.884,0.631062953395,.,0,FALSE
HR-ERES_2040,ERES,ERES,HR,100,TRUE,FALSE,FALSE,TRUE,TRUE,.,12.926361185121644,0,0,0,2.642704078385,0,FALSE,0.884,0.631062953395,.,0,FALSE
HU-ERES_2040,ERES,ERES,HU,100,TRUE,FALSE,FALSE,TRUE,TRUE,.,12.926361185121644,0,0,0,167.688971392449,0,FALSE,0.884,0.631062953395,.,0,FALSE
IT-ERES_2040,ERES,ERES,IT,100,TRUE,FALSE,FALSE,TRUE,TRUE,.,12.926361185121644,0,0,0,874.219016992718,0,FALSE,0.884,0.631062953395,.,0,FALSE
LT-ERES_2040,ERES,ERES,LT,100,TRUE,FALSE,FALSE,TRUE,TRUE,.,12.926361185121644,0,0,0,2.140382953893,0,FALSE,0.884,0.631062953395,.,0,FALSE
LU-ERES_2040,ERES,ERES,LU,100,TRUE,FALSE,FALSE,TRUE,TRUE,.,12.926361185121644,0,0,0,22.225034280072,0,FALSE,0.884,0.631062953395,.,0,FALSE
LV-ERES_2040,ERES,ERES,LV,100,TRUE,FALSE,FALSE,TRUE,TRUE,.,12.926361185121644,0,0,0,7.120284887479,0,FALSE,0.884,0.631062953395,.,0,FALSE
ME-ERES_2040,ERES,ERES,ME,100,TRUE,FALSE,FALSE,TRUE,TRUE,.,12.926361185121644,0,0,0,2.073495986584,0,FALSE,0.884,0.631062953395,.,0,FALSE
NL-ERES_2040,ERES,ERES,NL,100,TRUE,FALSE,FALSE,TRUE,TRUE,.,12.926361185121644,0,0,0,261.907124066071,0,FALSE,0.884,0.631062953395,.,0,FALSE
NO-ERES_2040,ERES,ERES,NO,100,TRUE,FALSE,FALSE,TRUE,TRUE,.,12.926361185121644,0,0,0,97.807140122013,0,FALSE,0.884,0.631062953395,.,0,FALSE
PL-ERES_2040,ERES,ERES,PL,100,TRUE,FALSE,FALSE,TRUE,TRUE,.,12.926361185121644,0,0,0,456.711904788238,0,FALSE,0.884,0.631062953395,.,0,FALSE
PT-ERES_2040,ERES,ERES,PT,100,TRUE,FALSE,FALSE,TRUE,TRUE,.,12.926361185121644,0,0,0,52.466973244403,0,FALSE,0.884,0.631062953395,.,0,FALSE
RO-ERES_2040,ERES,ERES,RO,100,TRUE,FALSE,FALSE,TRUE,TRUE,.,12.926361185121644,0,0,0,115.013812462297,0,FALSE,0.884,0.631062953395,.,0,FALSE
SE-ERES_2040,ERES,ERES,SE,100,TRUE,FALSE,FALSE,TRUE,TRUE,.,12.926361185121644,0,0,0,399.495120777793,0,FALSE,0.884,0.631062953395,.,0,FALSE
SI-ERES_2040,ERES,ERES,SI,100,TRUE,FALSE,FALSE,TRUE,TRUE,.,12.926361185121644,0,0,0,40.454241133094,0,FALSE,0.884,0.631062953395,.,0,FALSE
AT-ERES_2050,ERES,ERES,AT,100,TRUE,FALSE,FALSE,TRUE,TRUE,.,12.926361185121644,0,0,0,240.957019103573,0,FALSE,0.884,0.629876540645,.,0,FALSE
BE-ERES_2050,ERES,ERES,BE,100,TRUE,FALSE,FALSE,TRUE,TRUE,.,12.926361185121644,0,0,0,204.01247820332,0,FALSE,0.884,0.629876540645,.,0,FALSE
BG-ERES_2050,ERES,ERES,BG,100,TRUE,FALSE,FALSE,TRUE,TRUE,.,12.926361185121644,0,0,0,54.643403728404,0,FALSE,0.884,0.629876540645,.,0,FALSE
CZ-ERES_2050,ERES,ERES,CZ,100,TRUE,FALSE,FALSE,TRUE,TRUE,.,12.926361185121644,0,0,0,212.683462695434,0,FALSE,0.884,0.629876540645,.,0,FALSE
DE-ERES_2050,ERES,ERES,DE,100,TRUE,FALSE,FALSE,TRUE,TRUE,.,12.926361185121644,0,0,0,1743.593561559233,0,FALSE,0.884,0.629876540645,.,0,FALSE
DK-ERES_2050,ERES,ERES,DK,100,TRUE,FALSE,FALSE,TRUE,TRUE,.,12.926361185121644,0,0,0,56.431175991459,0,FALSE,0.884,0.629876540645,.,0,FALSE
EE-ERES_2050,ERES,ERES,EE,100,TRUE,FALSE,FALSE,TRUE,TRUE,.,12.926361185121644,0,0,0,2.056474847072,0,FALSE,0.884,0.629876540645,.,0,FALSE
ES-ERES_2050,ERES,ERES,ES,100,TRUE,FALSE,FALSE,TRUE,TRUE,.,12.926361185121644,0,0,0,398.305751078165,0,FALSE,0.884,0.629876540645,.,0,FALSE
FR-ERES_2050,ERES,ERES,FR,100,TRUE,FALSE,FALSE,TRUE,TRUE,.,12.926361185121644,0,0,0,1149.637482208021,0,FALSE,0.884,0.629876540645,.,0,FALSE
GB-ERES_2050,ERES,ERES,GB,100,TRUE,FALSE,FALSE,TRUE,TRUE,.,12.926361185121644,0,0,0,629.509624585492,0,FALSE,0.884,0.629876540645,.,0,FALSE
HR-ERES_2050,ERES,ERES,HR,100,TRUE,FALSE,FALSE,TRUE,TRUE,.,12.926361185121644,0,0,0,2.610064927973,0,FALSE,0.884,0.629876540645,.,0,FALSE
HU-ERES_2050,ERES,ERES,HU,100,TRUE,FALSE,FALSE,TRUE,TRUE,.,12.926361185121644,0,0,0,165.617901231971,0,FALSE,0.884,0.629876540645,.,0,FALSE
IT-ERES_2050,ERES,ERES,IT,100,TRUE,FALSE,FALSE,TRUE,TRUE,.,12.926361185121644,0,0,0,863.421831556003,0,FALSE,0.884,0.629876540645,.,0,FALSE
LT-ERES_2050,ERES,ERES,LT,100,TRUE,FALSE,FALSE,TRUE,TRUE,.,12.926361185121644,0,0,0,2.113947802965,0,FALSE,0.884,0.629876540645,.,0,FALSE
LU-ERES_2050,ERES,ERES,LU,100,TRUE,FALSE,FALSE,TRUE,TRUE,.,12.926361185121644,0,0,0,21.950540346864,0,FALSE,0.884,0.629876540645,.,0,FALSE
LV-ERES_2050,ERES,ERES,LV,100,TRUE,FALSE,FALSE,TRUE,TRUE,.,12.926361185121644,0,0,0,7.032344640472,0,FALSE,0.884,0.629876540645,.,0,FALSE
ME-ERES_2050,ERES,ERES,ME,100,TRUE,FALSE,FALSE,TRUE,TRUE,.,12.926361185121644,0,0,0,2.047886934122,0,FALSE,0.884,0.629876540645,.,0,FALSE
NL-ERES_2050,ERES,ERES,NL,100,TRUE,FALSE,FALSE,TRUE,TRUE,.,12.926361185121644,0,0,0,258.672397148935,0,FALSE,0.884,0.629876540645,.,0,FALSE
NO-ERES_2050,ERES,ERES,NO,100,TRUE,FALSE,FALSE,TRUE,TRUE,.,12.926361185121644,0,0,0,96.599156986889,0,FALSE,0.884,0.629876540645,.,0,FALSE
PL-ERES_2050,ERES,ERES,PL,100,TRUE,FALSE,FALSE,TRUE,TRUE,.,12.926361185121644,0,0,0,451.071209457546,0,FALSE,0.884,0.629876540645,.,0,FALSE
PT-ERES_2050,ERES,ERES,PT,100,TRUE,FALSE,FALSE,TRUE,TRUE,.,12.926361185121644,0,0,0,51.818971281037,0,FALSE,0.884,0.629876540645,.,0,FALSE
RO-ERES_2050,ERES,ERES,RO,100,TRUE,FALSE,FALSE,TRUE,TRUE,.,12.926361185121644,0,0,0,113.593315496661,0,FALSE,0.884,0.629876540645,.,0,FALSE
SE-ERES_2050,ERES,ERES,SE,100,TRUE,FALSE,FALSE,TRUE,TRUE,.,12.926361185121644,0,0,0,394.56109072782,0,FALSE,0.884,0.629876540645,.,0,FALSE
SI-ERES_2050,ERES,ERES,SI,100,TRUE,FALSE,FALSE,TRUE,TRUE,.,12.926361185121644,0,0,0,39.954604389069,0,FALSE,0.884,0.629876540645,.,0,FALSE
AT-CAES,CAES,CAES,AT,10,FALSE,FALSE,FALSE,TRUE,TRUE,.,0,0,0.0055,0.02,.,0,FALSE,0.59,1,10,0,FALSE
BE-CAES,CAES,CAES,BE,10,FALSE,FALSE,FALSE,TRUE,TRUE,.,0,0,0.0055,0.02,.,0,FALSE,0.59,1,10,0,FALSE
BG-CAES,CAES,CAES,BG,10,FALSE,FALSE,FALSE,TRUE,TRUE,.,0,0,0.0055,0.02,.,0,FALSE,0.59,1,10,0,FALSE
CZ-CAES,CAES,CAES,CZ,10,FALSE,FALSE,FALSE,TRUE,TRUE,.,0,0,0.0055,0.02,.,0,FALSE,0.59,1,10,0,FALSE
DE-CAES,CAES,CAES,DE,10,FALSE,FALSE,FALSE,TRUE,TRUE,.,0,0,0.0055,0.02,.,0,FALSE,0.59,1,10,0,FALSE
DK-CAES,CAES,CAES,DK,10,FALSE,FALSE,FALSE,TRUE,TRUE,.,0,0,0.0055,0.02,.,0,FALSE,0.59,1,10,0,FALSE
EE-CAES,CAES,CAES,EE,10,FALSE,FALSE,FALSE,TRUE,TRUE,.,0,0,0.0055,0.02,.,0,FALSE,0.59,1,10,0,FALSE
ES-CAES,CAES,CAES,ES,10,FALSE,FALSE,FALSE,TRUE,TRUE,.,0,0,0.0055,0.02,.,0,FALSE,0.59,1,10,0,FALSE
FR-CAES,CAES,CAES,FR,10,FALSE,FALSE,FALSE,TRUE,TRUE,.,0,0,0.0055,0.02,.,0,FALSE,0.59,1,10,0,FALSE
GB-CAES,CAES,CAES,GB,10,FALSE,FALSE,FALSE,TRUE,TRUE,.,0,0,0.0055,0.02,.,0,FALSE,0.59,1,10,0,FALSE
HR-CAES,CAES,CAES,HR,10,FALSE,FALSE,FALSE,TRUE,TRUE,.,0,0,0.0055,0.02,.,0,FALSE,0.59,1,10,0,FALSE
HU-CAES,CAES,CAES,HU,10,FALSE,FALSE,FALSE,TRUE,TRUE,.,0,0,0.0055,0.02,.,0,FALSE,0.59,1,10,0,FALSE
IT-CAES,CAES,CAES,IT,10,FALSE,FALSE,FALSE,TRUE,TRUE,.,0,0,0.0055,0.02,.,0,FALSE,0.59,1,10,0,FALSE
LT-CAES,CAES,CAES,LT,10,FALSE,FALSE,FALSE,TRUE,TRUE,.,0,0,0.0055,0.02,.,0,FALSE,0.59,1,10,0,FALSE
LU-CAES,CAES,CAES,LU,10,FALSE,FALSE,FALSE,TRUE,TRUE,.,0,0,0.0055,0.02,.,0,FALSE,0.59,1,10,0,FALSE
LV-CAES,CAES,CAES,LV,10,FALSE,FALSE,FALSE,TRUE,TRUE,.,0,0,0.0055,0.02,.,0,FALSE,0.59,1,10,0,FALSE
ME-CAES,CAES,CAES,ME,10,FALSE,FALSE,FALSE,TRUE,TRUE,.,0,0,0.0055,0.02,.,0,FALSE,0.59,1,10,0,FALSE
NL-CAES,CAES,CAES,NL,10,FALSE,FALSE,FALSE,TRUE,TRUE,.,0,0,0.0055,0.02,.,0,FALSE,0.59,1,10,0,FALSE
NO-CAES,CAES,CAES,NO,10,FALSE,FALSE,FALSE,TRUE,TRUE,.,0,0,0.0055,0.02,.,0,FALSE,0.59,1,10,0,FALSE
PL-CAES,CAES,CAES,PL,10,FALSE,FALSE,FALSE,TRUE,TRUE,.,0,0,0.0055,0.02,.,0,FALSE,0.59,1,10,0,FALSE
PT-CAES,CAES,CAES,PT,10,FALSE,FALSE,FALSE,TRUE,TRUE,.,0,0,0.0055,0.02,.,0,FALSE,0.59,1,10,0,FALSE
RO-CAES,CAES,CAES,RO,10,FALSE,FALSE,FALSE,TRUE,TRUE,.,0,0,0.0055,0.02,.,0,FALSE,0.59,1,10,0,FALSE
SE-CAES,CAES,CAES,SE,10,FALSE,FALSE,FALSE,TRUE,TRUE,.,0,0,0.0055,0.02,.,0,FALSE,0.59,1,10,0,FALSE
SI-CAES,CAES,CAES,SI,10,FALSE,FALSE,FALSE,TRUE,TRUE,.,0,0,0.0055,0.02,.,0,FALSE,0.59,1,10,0,FALSE
AT-H2,H2,H2,AT,20,FALSE,FALSE,FALSE,TRUE,TRUE,.,0,0,0.0055,0.02,.,0,FALSE,0.31,1,20,0,FALSE
BE-H2,H2,H2,BE,20,FALSE,FALSE,FALSE,TRUE,TRUE,.,0,0,0.0055,0.02,.,0,FALSE,0.31,1,20,0,FALSE
BG-H2,H2,H2,BG,20,FALSE,FALSE,FALSE,TRUE,TRUE,.,0,0,0.0055,0.02,.,0,FALSE,0.31,1,20,0,FALSE
CZ-H2,H2,H2,CZ,20,FALSE,FALSE,FALSE,TRUE,TRUE,.,0,0,0.0055,0.02,.,0,FALSE,0.31,1,20,0,FALSE
DE-H2,H2,H2,DE,20,FALSE,FALSE,FALSE,TRUE,TRUE,.,0,0,0.0055,0.02,.,0,FALSE,0.31,1,20,0,FALSE
DK-H2,H2,H2,DK,20,FALSE,FALSE,FALSE,TRUE,TRUE,.,0,0,0.0055,0.02,.,0,FALSE,0.31,1,20,0,FALSE
EE-H2,H2,H2,EE,20,FALSE,FALSE,FALSE,TRUE,TRUE,.,0,0,0.0055,0.02,.,0,FALSE,0.31,1,20,0,FALSE
ES-H2,H2,H2,ES,20,FALSE,FALSE,FALSE,TRUE,TRUE,.,0,0,0.0055,0.02,.,0,FALSE,0.31,1,20,0,FALSE
FR-H2,H2,H2,FR,20,FALSE,FALSE,FALSE,TRUE,TRUE,.,0,0,0.0055,0.02,.,0,FALSE,0.31,1,20,0,FALSE
GB-H2,H2,H2,GB,20,FALSE,FALSE,FALSE,TRUE,TRUE,.,0,0,0.0055,0.02,.,0,FALSE,0.31,1,20,0,FALSE
HR-H2,H2,H2,HR,20,FALSE,FALSE,FALSE,TRUE,TRUE,.,0,0,0.0055,0.02,.,0,FALSE,0.31,1,20,0,FALSE
HU-H2,H2,H2,HU,20,FALSE,FALSE,FALSE,TRUE,TRUE,.,0,0,0.0055,0.02,.,0,FALSE,0.31,1,20,0,FALSE
IT-H2,H2,H2,IT,20,FALSE,FALSE,FALSE,TRUE,TRUE,.,0,0,0.0055,0.02,.,0,FALSE,0.31,1,20,0,FALSE
LT-H2,H2,H2,LT,20,FALSE,FALSE,FALSE,TRUE,TRUE,.,0,0,0.0055,0.02,.,0,FALSE,0.31,1,20,0,FALSE
LU-H2,H2,H2,LU,20,FALSE,FALSE,FALSE,TRUE,TRUE,.,0,0,0.0055,0.02,.,0,FALSE,0.31,1,20,0,FALSE
LV-H2,H2,H2,LV,20,FALSE,FALSE,FALSE,TRUE,TRUE,.,0,0,0.0055,0.02,.,0,FALSE,0.31,1,20,0,FALSE
ME-H2,H2,H2,ME,20,FALSE,FALSE,FALSE,TRUE,TRUE,.,0,0,0.0055,0.02,.,0,FALSE,0.31,1,20,0,FALSE
NL-H2,H2,H2,NL,20,FALSE,FALSE,FALSE,TRUE,TRUE,.,0,0,0.0055,0.02,.,0,FALSE,0.31,1,20,0,FALSE
NO-H2,H2,H2,NO,20,FALSE,FALSE,FALSE,TRUE,TRUE,.,0,0,0.0055,0.02,.,0,FALSE,0.31,1,20,0,FALSE
PL-H2,H2,H2,PL,20,FALSE,FALSE,FALSE,TRUE,TRUE,.,0,0,0.0055,0.02,.,0,FALSE,0.31,1,20,0,FALSE
PT-H2,H2,H2,PT,20,FALSE,FALSE,FALSE,TRUE,TRUE,.,0,0,0.0055,0.02,.,0,FALSE,0.31,1,20,0,FALSE
RO-H2,H2,H2,RO,20,FALSE,FALSE,FALSE,TRUE,TRUE,.,0,0,0.0055,0.02,.,0,FALSE,0.31,1,20,0,FALSE
SE-H2,H2,H2,SE,20,FALSE,FALSE,FALSE,TRUE,TRUE,.,0,0,0.0055,0.02,.,0,FALSE,0.31,1,20,0,FALSE
SI-H2,H2,H2,SI,20,FALSE,FALSE,FALSE,TRUE,TRUE,.,0,0,0.0055,0.02,.,0,FALSE,0.31,1,20,0,FALSE
