GENERATION_PROJECT,build_year,gen_overnight_cost,gen_fixed_om,gen_storage_energy_overnight_cost
AT-Battery,2025,0,38777,427850.75
AT-Battery,2035,0,29997,336849
AT-Battery,2045,0,24986,284904.75
AT-Battery_EP,2022,0,38777,427850.75
AT-Hydro Pumped Storage_EP,2025,0,20150,244774.5806
AT-Hydro Pumped Storage_EP,2035,0,20150,244774.5806
AT-Hydro Pumped Storage_EP,2045,0,20150,244774.5806
AT-Hydro Pumped Storage_EP,2022,0,20150,244774.5806
AT-Hydro Run of river and poundage_EP,2025,3241336,92000,.
AT-Hydro Run of river and poundage_EP,2035,3241336,92000,.
AT-Hydro Run of river and poundage_EP,2045,3111470,88000,.
AT-Hydro Run of river and poundage_EP,2022,3241336,92000,.
AT-Hydro Water Reservoir_EP,2025,3241336,92000,.
AT-Hydro Water Reservoir_EP,2035,3241336,92000,.
AT-Hydro Water Reservoir_EP,2045,3111470,88000,.
AT-Hydro Water Reservoir_EP,2022,3241336,92000,.
AT-Solar,2025,1491641,21001,.
AT-Solar,2035,895321,15022,.
AT-Solar,2045,753705,13510,.
AT-Solar_EP,2022,1491641,21001,.
AT-Wind Onshore,2025,1569099,31251,.
AT-Wind Onshore,2035,1344692,28261,.
AT-Wind Onshore,2045,1188169,26256,.
AT-Wind Onshore_EP,2022,1569099,31251,.
BE-Battery,2025,0,38777,427850.75
BE-Battery,2035,0,29997,336849
BE-Battery,2045,0,24986,284904.75
BE-Battery_EP,2022,0,38777,427850.75
BE-Hydro Pumped Storage_EP,2025,0,20150,244774.5806
BE-Hydro Pumped Storage_EP,2035,0,20150,244774.5806
BE-Hydro Pumped Storage_EP,2045,0,20150,244774.5806
BE-Hydro Pumped Storage_EP,2022,0,20150,244774.5806
BE-Hydro Run of river and poundage_EP,2025,3241336,92000,.
BE-Hydro Run of river and poundage_EP,2035,3241336,92000,.
BE-Hydro Run of river and poundage_EP,2045,3111470,88000,.
BE-Hydro Run of river and poundage_EP,2022,3241336,92000,.
BE-Solar,2025,1491641,21001,.
BE-Solar,2035,895321,15022,.
BE-Solar,2045,753705,13510,.
BE-Solar_EP,2022,1491641,21001,.
BE-Wind Offshore,2025,5877079,84270,.
BE-Wind Offshore,2035,3435322,74181,.
BE-Wind Offshore,2045,3208853,68141,.
BE-Wind Offshore_EP,2022,5877079,84270,.
BE-Wind Onshore,2025,1569099,31251,.
BE-Wind Onshore,2035,1344692,28261,.
BE-Wind Onshore,2045,1188169,26256,.
BE-Wind Onshore_EP,2022,1569099,31251,.
BG-Battery,2025,0,38777,427850.75
BG-Battery,2035,0,29997,336849
BG-Battery,2045,0,24986,284904.75
BG-Battery_EP,2022,0,38777,427850.75
BG-Hydro Pumped Storage_EP,2025,0,20150,244774.5806
BG-Hydro Pumped Storage_EP,2035,0,20150,244774.5806
BG-Hydro Pumped Storage_EP,2045,0,20150,244774.5806
BG-Hydro Pumped Storage_EP,2022,0,20150,244774.5806
BG-Hydro Run of river and poundage_EP,2025,3241336,92000,.
BG-Hydro Run of river and poundage_EP,2035,3241336,92000,.
BG-Hydro Run of river and poundage_EP,2045,3111470,88000,.
BG-Hydro Run of river and poundage_EP,2022,3241336,92000,.
BG-Hydro Water Reservoir_EP,2025,3241336,92000,.
BG-Hydro Water Reservoir_EP,2035,3241336,92000,.
BG-Hydro Water Reservoir_EP,2045,3111470,88000,.
BG-Hydro Water Reservoir_EP,2022,3241336,92000,.
BG-Solar,2025,1491641,21001,.
BG-Solar,2035,895321,15022,.
BG-Solar,2045,753705,13510,.
BG-Solar_EP,2022,1491641,21001,.
BG-Wind Onshore,2025,1569099,31251,.
BG-Wind Onshore,2035,1344692,28261,.
BG-Wind Onshore,2045,1188169,26256,.
BG-Wind Onshore_EP,2022,1569099,31251,.
CZ-Battery,2025,0,38777,427850.75
CZ-Battery,2035,0,29997,336849
CZ-Battery,2045,0,24986,284904.75
CZ-Battery_EP,2022,0,38777,427850.75
CZ-Hydro Pumped Storage_EP,2025,0,20150,244774.5806
CZ-Hydro Pumped Storage_EP,2035,0,20150,244774.5806
CZ-Hydro Pumped Storage_EP,2045,0,20150,244774.5806
CZ-Hydro Pumped Storage_EP,2022,0,20150,244774.5806
CZ-Hydro Run of river and poundage_EP,2025,3241336,92000,.
CZ-Hydro Run of river and poundage_EP,2035,3241336,92000,.
CZ-Hydro Run of river and poundage_EP,2045,3111470,88000,.
CZ-Hydro Run of river and poundage_EP,2022,3241336,92000,.
CZ-Hydro Water Reservoir_EP,2025,3241336,92000,.
CZ-Hydro Water Reservoir_EP,2035,3241336,92000,.
CZ-Hydro Water Reservoir_EP,2045,3111470,88000,.
CZ-Hydro Water Reservoir_EP,2022,3241336,92000,.
CZ-Solar,2025,1491641,21001,.
CZ-Solar,2035,895321,15022,.
CZ-Solar,2045,753705,13510,.
CZ-Solar_EP,2022,1491641,21001,.
CZ-Wind Onshore,2025,1569099,31251,.
CZ-Wind Onshore,2035,1344692,28261,.
CZ-Wind Onshore,2045,1188169,26256,.
CZ-Wind Onshore_EP,2022,1569099,31251,.
DE-Battery,2025,0,38777,427850.75
DE-Battery,2035,0,29997,336849
DE-Battery,2045,0,24986,284904.75
DE-Battery_EP,2022,0,38777,427850.75
DE-Hydro Pumped Storage_EP,2025,0,20150,244774.5806
DE-Hydro Pumped Storage_EP,2035,0,20150,244774.5806
DE-Hydro Pumped Storage_EP,2045,0,20150,244774.5806
DE-Hydro Pumped Storage_EP,2022,0,20150,244774.5806
DE-Hydro Run of river and poundage_EP,2025,3241336,92000,.
DE-Hydro Run of river and poundage_EP,2035,3241336,92000,.
DE-Hydro Run of river and poundage_EP,2045,3111470,88000,.
DE-Hydro Run of river and poundage_EP,2022,3241336,92000,.
DE-Hydro Water Reservoir_EP,2025,3241336,92000,.
DE-Hydro Water Reservoir_EP,2035,3241336,92000,.
DE-Hydro Water Reservoir_EP,2045,3111470,88000,.
DE-Hydro Water Reservoir_EP,2022,3241336,92000,.
DE-Solar,2025,1491641,21001,.
DE-Solar,2035,895321,15022,.
DE-Solar,2045,753705,13510,.
DE-Solar_EP,2022,1491641,21001,.
DE-Wind Offshore,2025,5877079,84270,.
DE-Wind Offshore,2035,3435322,74181,.
DE-Wind Offshore,2045,3208853,68141,.
DE-Wind Offshore_EP,2022,5877079,84270,.
DE-Wind Onshore,2025,1569099,31251,.
DE-Wind Onshore,2035,1344692,28261,.
DE-Wind Onshore,2045,1188169,26256,.
DE-Wind Onshore_EP,2022,1569099,31251,.
DK-Battery,2025,0,38777,427850.75
DK-Battery,2035,0,29997,336849
DK-Battery,2045,0,24986,284904.75
DK-Battery_EP,2022,0,38777,427850.75
DK-Hydro Run of river and poundage_EP,2025,3241336,92000,.
DK-Hydro Run of river and poundage_EP,2035,3241336,92000,.
DK-Hydro Run of river and poundage_EP,2045,3111470,88000,.
DK-Hydro Run of river and poundage_EP,2022,3241336,92000,.
DK-Solar,2025,1491641,21001,.
DK-Solar,2035,895321,15022,.
DK-Solar,2045,753705,13510,.
DK-Solar_EP,2022,1491641,21001,.
DK-Wind Offshore,2025,5877079,84270,.
DK-Wind Offshore,2035,3435322,74181,.
DK-Wind Offshore,2045,3208853,68141,.
DK-Wind Offshore_EP,2022,5877079,84270,.
DK-Wind Onshore,2025,1569099,31251,.
DK-Wind Onshore,2035,1344692,28261,.
DK-Wind Onshore,2045,1188169,26256,.
DK-Wind Onshore_EP,2022,1569099,31251,.
EE-Battery,2025,0,38777,427850.75
EE-Battery,2035,0,29997,336849
EE-Battery,2045,0,24986,284904.75
EE-Battery_EP,2022,0,38777,427850.75
EE-Hydro Run of river and poundage_EP,2025,3241336,92000,.
EE-Hydro Run of river and poundage_EP,2035,3241336,92000,.
EE-Hydro Run of river and poundage_EP,2045,3111470,88000,.
EE-Hydro Run of river and poundage_EP,2022,3241336,92000,.
EE-Solar,2025,1491641,21001,.
EE-Solar,2035,895321,15022,.
EE-Solar,2045,753705,13510,.
EE-Solar_EP,2022,1491641,21001,.
EE-Wind Onshore,2025,1569099,31251,.
EE-Wind Onshore,2035,1344692,28261,.
EE-Wind Onshore,2045,1188169,26256,.
EE-Wind Onshore_EP,2022,1569099,31251,.
ES-Battery,2025,0,38777,427850.75
ES-Battery,2035,0,29997,336849
ES-Battery,2045,0,24986,284904.75
ES-Battery_EP,2022,0,38777,427850.75
ES-Hydro Pumped Storage_EP,2025,0,20150,244774.5806
ES-Hydro Pumped Storage_EP,2035,0,20150,244774.5806
ES-Hydro Pumped Storage_EP,2045,0,20150,244774.5806
ES-Hydro Pumped Storage_EP,2022,0,20150,244774.5806
ES-Hydro Run of river and poundage_EP,2025,3241336,92000,.
ES-Hydro Run of river and poundage_EP,2035,3241336,92000,.
ES-Hydro Run of river and poundage_EP,2045,3111470,88000,.
ES-Hydro Run of river and poundage_EP,2022,3241336,92000,.
ES-Hydro Water Reservoir_EP,2025,3241336,92000,.
ES-Hydro Water Reservoir_EP,2035,3241336,92000,.
ES-Hydro Water Reservoir_EP,2045,3111470,88000,.
ES-Hydro Water Reservoir_EP,2022,3241336,92000,.
ES-Solar,2025,1491641,21001,.
ES-Solar,2035,895321,15022,.
ES-Solar,2045,753705,13510,.
ES-Solar_EP,2022,1491641,21001,.
ES-Wind Onshore,2025,1569099,31251,.
ES-Wind Onshore,2035,1344692,28261,.
ES-Wind Onshore,2045,1188169,26256,.
ES-Wind Onshore_EP,2022,1569099,31251,.
FR-Battery,2025,0,38777,427850.75
FR-Battery,2035,0,29997,336849
FR-Battery,2045,0,24986,284904.75
FR-Battery_EP,2022,0,38777,427850.75
FR-Hydro Pumped Storage_EP,2025,0,20150,244774.5806
FR-Hydro Pumped Storage_EP,2035,0,20150,244774.5806
FR-Hydro Pumped Storage_EP,2045,0,20150,244774.5806
FR-Hydro Pumped Storage_EP,2022,0,20150,244774.5806
FR-Hydro Run of river and poundage_EP,2025,3241336,92000,.
FR-Hydro Run of river and poundage_EP,2035,3241336,92000,.
FR-Hydro Run of river and poundage_EP,2045,3111470,88000,.
FR-Hydro Run of river and poundage_EP,2022,3241336,92000,.
FR-Hydro Water Reservoir_EP,2025,3241336,92000,.
FR-Hydro Water Reservoir_EP,2035,3241336,92000,.
FR-Hydro Water Reservoir_EP,2045,3111470,88000,.
FR-Hydro Water Reservoir_EP,2022,3241336,92000,.
FR-Solar,2025,1491641,21001,.
FR-Solar,2035,895321,15022,.
FR-Solar,2045,753705,13510,.
FR-Solar_EP,2022,1491641,21001,.
FR-Wind Offshore,2025,5877079,84270,.
FR-Wind Offshore,2035,3435322,74181,.
FR-Wind Offshore,2045,3208853,68141,.
FR-Wind Offshore_EP,2022,5877079,84270,.
FR-Wind Onshore,2025,1569099,31251,.
FR-Wind Onshore,2035,1344692,28261,.
FR-Wind Onshore,2045,1188169,26256,.
FR-Wind Onshore_EP,2022,1569099,31251,.
GB-Battery,2025,0,38777,427850.75
GB-Battery,2035,0,29997,336849
GB-Battery,2045,0,24986,284904.75
GB-Battery_EP,2022,0,38777,427850.75
GB-Hydro Pumped Storage_EP,2025,0,20150,244774.5806
GB-Hydro Pumped Storage_EP,2035,0,20150,244774.5806
GB-Hydro Pumped Storage_EP,2045,0,20150,244774.5806
GB-Hydro Pumped Storage_EP,2022,0,20150,244774.5806
GB-Hydro Water Reservoir_EP,2025,3241336,92000,.
GB-Hydro Water Reservoir_EP,2035,3241336,92000,.
GB-Hydro Water Reservoir_EP,2045,3111470,88000,.
GB-Hydro Water Reservoir_EP,2022,3241336,92000,.
GB-Solar,2025,1491641,21001,.
GB-Solar,2035,895321,15022,.
GB-Solar,2045,753705,13510,.
GB-Solar_EP,2022,1491641,21001,.
GB-Wind Offshore,2025,5877079,84270,.
GB-Wind Offshore,2035,3435322,74181,.
GB-Wind Offshore,2045,3208853,68141,.
GB-Wind Offshore_EP,2022,5877079,84270,.
GB-Wind Onshore,2025,1569099,31251,.
GB-Wind Onshore,2035,1344692,28261,.
GB-Wind Onshore,2045,1188169,26256,.
GB-Wind Onshore_EP,2022,1569099,31251,.
HR-Battery,2025,0,38777,427850.75
HR-Battery,2035,0,29997,336849
HR-Battery,2045,0,24986,284904.75
HR-Battery_EP,2022,0,38777,427850.75
HR-Hydro Pumped Storage_EP,2025,0,20150,244774.5806
HR-Hydro Pumped Storage_EP,2035,0,20150,244774.5806
HR-Hydro Pumped Storage_EP,2045,0,20150,244774.5806
HR-Hydro Pumped Storage_EP,2022,0,20150,244774.5806
HR-Hydro Run of river and poundage_EP,2025,3241336,92000,.
HR-Hydro Run of river and poundage_EP,2035,3241336,92000,.
HR-Hydro Run of river and poundage_EP,2045,3111470,88000,.
HR-Hydro Run of river and poundage_EP,2022,3241336,92000,.
HR-Hydro Water Reservoir_EP,2025,3241336,92000,.
HR-Hydro Water Reservoir_EP,2035,3241336,92000,.
HR-Hydro Water Reservoir_EP,2045,3111470,88000,.
HR-Hydro Water Reservoir_EP,2022,3241336,92000,.
HR-Solar,2025,1491641,21001,.
HR-Solar,2035,895321,15022,.
HR-Solar,2045,753705,13510,.
HR-Solar_EP,2022,1491641,21001,.
HR-Wind Onshore,2025,1569099,31251,.
HR-Wind Onshore,2035,1344692,28261,.
HR-Wind Onshore,2045,1188169,26256,.
HR-Wind Onshore_EP,2022,1569099,31251,.
HU-Battery,2025,0,38777,427850.75
HU-Battery,2035,0,29997,336849
HU-Battery,2045,0,24986,284904.75
HU-Battery_EP,2022,0,38777,427850.75
HU-Hydro Run of river and poundage_EP,2025,3241336,92000,.
HU-Hydro Run of river and poundage_EP,2035,3241336,92000,.
HU-Hydro Run of river and poundage_EP,2045,3111470,88000,.
HU-Hydro Run of river and poundage_EP,2022,3241336,92000,.
HU-Hydro Water Reservoir_EP,2025,3241336,92000,.
HU-Hydro Water Reservoir_EP,2035,3241336,92000,.
HU-Hydro Water Reservoir_EP,2045,3111470,88000,.
HU-Hydro Water Reservoir_EP,2022,3241336,92000,.
HU-Solar,2025,1491641,21001,.
HU-Solar,2035,895321,15022,.
HU-Solar,2045,753705,13510,.
HU-Solar_EP,2022,1491641,21001,.
HU-Wind Onshore,2025,1569099,31251,.
HU-Wind Onshore,2035,1344692,28261,.
HU-Wind Onshore,2045,1188169,26256,.
HU-Wind Onshore_EP,2022,1569099,31251,.
IT-Battery,2025,0,38777,427850.75
IT-Battery,2035,0,29997,336849
IT-Battery,2045,0,24986,284904.75
IT-Battery_EP,2022,0,38777,427850.75
IT-Hydro Pumped Storage_EP,2025,0,20150,244774.5806
IT-Hydro Pumped Storage_EP,2035,0,20150,244774.5806
IT-Hydro Pumped Storage_EP,2045,0,20150,244774.5806
IT-Hydro Pumped Storage_EP,2022,0,20150,244774.5806
IT-Hydro Run of river and poundage_EP,2025,3241336,92000,.
IT-Hydro Run of river and poundage_EP,2035,3241336,92000,.
IT-Hydro Run of river and poundage_EP,2045,3111470,88000,.
IT-Hydro Run of river and poundage_EP,2022,3241336,92000,.
IT-Hydro Water Reservoir_EP,2025,3241336,92000,.
IT-Hydro Water Reservoir_EP,2035,3241336,92000,.
IT-Hydro Water Reservoir_EP,2045,3111470,88000,.
IT-Hydro Water Reservoir_EP,2022,3241336,92000,.
IT-Solar,2025,1491641,21001,.
IT-Solar,2035,895321,15022,.
IT-Solar,2045,753705,13510,.
IT-Solar_EP,2022,1491641,21001,.
IT-Wind Offshore,2025,5877079,84270,.
IT-Wind Offshore,2035,3435322,74181,.
IT-Wind Offshore,2045,3208853,68141,.
IT-Wind Offshore_EP,2022,5877079,84270,.
IT-Wind Onshore,2025,1569099,31251,.
IT-Wind Onshore,2035,1344692,28261,.
IT-Wind Onshore,2045,1188169,26256,.
IT-Wind Onshore_EP,2022,1569099,31251,.
LT-Battery,2025,0,38777,427850.75
LT-Battery,2035,0,29997,336849
LT-Battery,2045,0,24986,284904.75
LT-Battery_EP,2022,0,38777,427850.75
LT-Hydro Pumped Storage_EP,2025,0,20150,244774.5806
LT-Hydro Pumped Storage_EP,2035,0,20150,244774.5806
LT-Hydro Pumped Storage_EP,2045,0,20150,244774.5806
LT-Hydro Pumped Storage_EP,2022,0,20150,244774.5806
LT-Hydro Run of river and poundage_EP,2025,3241336,92000,.
LT-Hydro Run of river and poundage_EP,2035,3241336,92000,.
LT-Hydro Run of river and poundage_EP,2045,3111470,88000,.
LT-Hydro Run of river and poundage_EP,2022,3241336,92000,.
LT-Solar,2025,1491641,21001,.
LT-Solar,2035,895321,15022,.
LT-Solar,2045,753705,13510,.
LT-Solar_EP,2022,1491641,21001,.
LT-Wind Onshore,2025,1569099,31251,.
LT-Wind Onshore,2035,1344692,28261,.
LT-Wind Onshore,2045,1188169,26256,.
LT-Wind Onshore_EP,2022,1569099,31251,.
LU-Battery,2025,0,38777,427850.75
LU-Battery,2035,0,29997,336849
LU-Battery,2045,0,24986,284904.75
LU-Battery_EP,2022,0,38777,427850.75
LU-Hydro Run of river and poundage_EP,2025,3241336,92000,.
LU-Hydro Run of river and poundage_EP,2035,3241336,92000,.
LU-Hydro Run of river and poundage_EP,2045,3111470,88000,.
LU-Hydro Run of river and poundage_EP,2022,3241336,92000,.
LU-Hydro Water Reservoir_EP,2025,3241336,92000,.
LU-Hydro Water Reservoir_EP,2035,3241336,92000,.
LU-Hydro Water Reservoir_EP,2045,3111470,88000,.
LU-Hydro Water Reservoir_EP,2022,3241336,92000,.
LU-Solar,2025,1491641,21001,.
LU-Solar,2035,895321,15022,.
LU-Solar,2045,753705,13510,.
LU-Solar_EP,2022,1491641,21001,.
LU-Wind Onshore,2025,1569099,31251,.
LU-Wind Onshore,2035,1344692,28261,.
LU-Wind Onshore,2045,1188169,26256,.
LU-Wind Onshore_EP,2022,1569099,31251,.
LV-Battery,2025,0,38777,427850.75
LV-Battery,2035,0,29997,336849
LV-Battery,2045,0,24986,284904.75
LV-Battery_EP,2022,0,38777,427850.75
LV-Hydro Run of river and poundage_EP,2025,3241336,92000,.
LV-Hydro Run of river and poundage_EP,2035,3241336,92000,.
LV-Hydro Run of river and poundage_EP,2045,3111470,88000,.
LV-Hydro Run of river and poundage_EP,2022,3241336,92000,.
LV-Solar,2025,1491641,21001,.
LV-Solar,2035,895321,15022,.
LV-Solar,2045,753705,13510,.
LV-Solar_EP,2022,1491641,21001,.
LV-Wind Onshore,2025,1569099,31251,.
LV-Wind Onshore,2035,1344692,28261,.
LV-Wind Onshore,2045,1188169,26256,.
LV-Wind Onshore_EP,2022,1569099,31251,.
ME-Battery,2025,0,38777,427850.75
ME-Battery,2035,0,29997,336849
ME-Battery,2045,0,24986,284904.75
ME-Battery_EP,2022,0,38777,427850.75
ME-Hydro Run of river and poundage_EP,2025,3241336,92000,.
ME-Hydro Run of river and poundage_EP,2035,3241336,92000,.
ME-Hydro Run of river and poundage_EP,2045,3111470,88000,.
ME-Hydro Run of river and poundage_EP,2022,3241336,92000,.
ME-Hydro Water Reservoir_EP,2025,3241336,92000,.
ME-Hydro Water Reservoir_EP,2035,3241336,92000,.
ME-Hydro Water Reservoir_EP,2045,3111470,88000,.
ME-Hydro Water Reservoir_EP,2022,3241336,92000,.
ME-Solar,2025,1491641,21001,.
ME-Solar,2035,895321,15022,.
ME-Solar,2045,753705,13510,.
ME-Wind Onshore,2025,1569099,31251,.
ME-Wind Onshore,2035,1344692,28261,.
ME-Wind Onshore,2045,1188169,26256,.
ME-Wind Onshore_EP,2022,1569099,31251,.
NL-Battery,2025,0,38777,427850.75
NL-Battery,2035,0,29997,336849
NL-Battery,2045,0,24986,284904.75
NL-Battery_EP,2022,0,38777,427850.75
NL-Hydro Run of river and poundage_EP,2025,3241336,92000,.
NL-Hydro Run of river and poundage_EP,2035,3241336,92000,.
NL-Hydro Run of river and poundage_EP,2045,3111470,88000,.
NL-Hydro Run of river and poundage_EP,2022,3241336,92000,.
NL-Solar,2025,1491641,21001,.
NL-Solar,2035,895321,15022,.
NL-Solar,2045,753705,13510,.
NL-Solar_EP,2022,1491641,21001,.
NL-Wind Offshore,2025,5877079,84270,.
NL-Wind Offshore,2035,3435322,74181,.
NL-Wind Offshore,2045,3208853,68141,.
NL-Wind Offshore_EP,2022,5877079,84270,.
NL-Wind Onshore,2025,1569099,31251,.
NL-Wind Onshore,2035,1344692,28261,.
NL-Wind Onshore,2045,1188169,26256,.
NL-Wind Onshore_EP,2022,1569099,31251,.
NO-Battery,2025,0,38777,427850.75
NO-Battery,2035,0,29997,336849
NO-Battery,2045,0,24986,284904.75
NO-Battery_EP,2022,0,38777,427850.75
NO-Hydro Pumped Storage_EP,2025,0,20150,244774.5806
NO-Hydro Pumped Storage_EP,2035,0,20150,244774.5806
NO-Hydro Pumped Storage_EP,2045,0,20150,244774.5806
NO-Hydro Pumped Storage_EP,2022,0,20150,244774.5806
NO-Hydro Run of river and poundage_EP,2025,3241336,92000,.
NO-Hydro Run of river and poundage_EP,2035,3241336,92000,.
NO-Hydro Run of river and poundage_EP,2045,3111470,88000,.
NO-Hydro Run of river and poundage_EP,2022,3241336,92000,.
NO-Hydro Water Reservoir_EP,2025,3241336,92000,.
NO-Hydro Water Reservoir_EP,2035,3241336,92000,.
NO-Hydro Water Reservoir_EP,2045,3111470,88000,.
NO-Hydro Water Reservoir_EP,2022,3241336,92000,.
NO-Solar,2025,1491641,21001,.
NO-Solar,2035,895321,15022,.
NO-Solar,2045,753705,13510,.
NO-Wind Onshore,2025,1569099,31251,.
NO-Wind Onshore,2035,1344692,28261,.
NO-Wind Onshore,2045,1188169,26256,.
NO-Wind Onshore_EP,2022,1569099,31251,.
PL-Battery,2025,0,38777,427850.75
PL-Battery,2035,0,29997,336849
PL-Battery,2045,0,24986,284904.75
PL-Battery_EP,2022,0,38777,427850.75
PL-Hydro Pumped Storage_EP,2025,0,20150,244774.5806
PL-Hydro Pumped Storage_EP,2035,0,20150,244774.5806
PL-Hydro Pumped Storage_EP,2045,0,20150,244774.5806
PL-Hydro Pumped Storage_EP,2022,0,20150,244774.5806
PL-Hydro Run of river and poundage_EP,2025,3241336,92000,.
PL-Hydro Run of river and poundage_EP,2035,3241336,92000,.
PL-Hydro Run of river and poundage_EP,2045,3111470,88000,.
PL-Hydro Run of river and poundage_EP,2022,3241336,92000,.
PL-Hydro Water Reservoir_EP,2025,3241336,92000,.
PL-Hydro Water Reservoir_EP,2035,3241336,92000,.
PL-Hydro Water Reservoir_EP,2045,3111470,88000,.
PL-Hydro Water Reservoir_EP,2022,3241336,92000,.
PL-Solar,2025,1491641,21001,.
PL-Solar,2035,895321,15022,.
PL-Solar,2045,753705,13510,.
PL-Solar_EP,2022,1491641,21001,.
PL-Wind Onshore,2025,1569099,31251,.
PL-Wind Onshore,2035,1344692,28261,.
PL-Wind Onshore,2045,1188169,26256,.
PL-Wind Onshore_EP,2022,1569099,31251,.
PT-Battery,2025,0,38777,427850.75
PT-Battery,2035,0,29997,336849
PT-Battery,2045,0,24986,284904.75
PT-Battery_EP,2022,0,38777,427850.75
PT-Hydro Pumped Storage_EP,2025,0,20150,244774.5806
PT-Hydro Pumped Storage_EP,2035,0,20150,244774.5806
PT-Hydro Pumped Storage_EP,2045,0,20150,244774.5806
PT-Hydro Pumped Storage_EP,2022,0,20150,244774.5806
PT-Hydro Run of river and poundage_EP,2025,3241336,92000,.
PT-Hydro Run of river and poundage_EP,2035,3241336,92000,.
PT-Hydro Run of river and poundage_EP,2045,3111470,88000,.
PT-Hydro Run of river and poundage_EP,2022,3241336,92000,.
PT-Hydro Water Reservoir_EP,2025,3241336,92000,.
PT-Hydro Water Reservoir_EP,2035,3241336,92000,.
PT-Hydro Water Reservoir_EP,2045,3111470,88000,.
PT-Hydro Water Reservoir_EP,2022,3241336,92000,.
PT-Solar,2025,1491641,21001,.
PT-Solar,2035,895321,15022,.
PT-Solar,2045,753705,13510,.
PT-Solar_EP,2022,1491641,21001,.
PT-Wind Offshore,2025,5877079,84270,.
PT-Wind Offshore,2035,3435322,74181,.
PT-Wind Offshore,2045,3208853,68141,.
PT-Wind Offshore_EP,2022,5877079,84270,.
PT-Wind Onshore,2025,1569099,31251,.
PT-Wind Onshore,2035,1344692,28261,.
PT-Wind Onshore,2045,1188169,26256,.
PT-Wind Onshore_EP,2022,1569099,31251,.
RO-Battery,2025,0,38777,427850.75
RO-Battery,2035,0,29997,336849
RO-Battery,2045,0,24986,284904.75
RO-Battery_EP,2022,0,38777,427850.75
RO-Hydro Run of river and poundage_EP,2025,3241336,92000,.
RO-Hydro Run of river and poundage_EP,2035,3241336,92000,.
RO-Hydro Run of river and poundage_EP,2045,3111470,88000,.
RO-Hydro Run of river and poundage_EP,2022,3241336,92000,.
RO-Hydro Water Reservoir_EP,2025,3241336,92000,.
RO-Hydro Water Reservoir_EP,2035,3241336,92000,.
RO-Hydro Water Reservoir_EP,2045,3111470,88000,.
RO-Hydro Water Reservoir_EP,2022,3241336,92000,.
RO-Solar,2025,1491641,21001,.
RO-Solar,2035,895321,15022,.
RO-Solar,2045,753705,13510,.
RO-Solar_EP,2022,1491641,21001,.
RO-Wind Onshore,2025,1569099,31251,.
RO-Wind Onshore,2035,1344692,28261,.
RO-Wind Onshore,2045,1188169,26256,.
RO-Wind Onshore_EP,2022,1569099,31251,.
SE-Battery,2025,0,38777,427850.75
SE-Battery,2035,0,29997,336849
SE-Battery,2045,0,24986,284904.75
SE-Battery_EP,2022,0,38777,427850.75
SE-Hydro Water Reservoir_EP,2025,3241336,92000,.
SE-Hydro Water Reservoir_EP,2035,3241336,92000,.
SE-Hydro Water Reservoir_EP,2045,3111470,88000,.
SE-Hydro Water Reservoir_EP,2022,3241336,92000,.
SE-Solar,2025,1491641,21001,.
SE-Solar,2035,895321,15022,.
SE-Solar,2045,753705,13510,.
SE-Wind Onshore,2025,1569099,31251,.
SE-Wind Onshore,2035,1344692,28261,.
SE-Wind Onshore,2045,1188169,26256,.
SE-Wind Onshore_EP,2022,1569099,31251,.
SI-Battery,2025,0,38777,427850.75
SI-Battery,2035,0,29997,336849
SI-Battery,2045,0,24986,284904.75
SI-Battery_EP,2022,0,38777,427850.75
SI-Hydro Pumped Storage_EP,2025,0,20150,244774.5806
SI-Hydro Pumped Storage_EP,2035,0,20150,244774.5806
SI-Hydro Pumped Storage_EP,2045,0,20150,244774.5806
SI-Hydro Pumped Storage_EP,2022,0,20150,244774.5806
SI-Hydro Run of river and poundage_EP,2025,3241336,92000,.
SI-Hydro Run of river and poundage_EP,2035,3241336,92000,.
SI-Hydro Run of river and poundage_EP,2045,3111470,88000,.
SI-Hydro Run of river and poundage_EP,2022,3241336,92000,.
SI-Solar,2025,1491641,21001,.
SI-Solar,2035,895321,15022,.
SI-Solar,2045,753705,13510,.
SI-Solar_EP,2022,1491641,21001,.
SI-Wind Onshore,2025,1569099,31251,.
SI-Wind Onshore,2035,1344692,28261,.
SI-Wind Onshore,2045,1188169,26256,.
SI-Wind Onshore_EP,2022,1569099,31251,.
AT-Coal-SUBCRITICAL,2025,1000000,35000,.
AT-Coal-SUBCRITICAL,2035,1000000,35000,.
AT-Coal-SUBCRITICAL,2045,1000000,35000,.
AT-Coal-SUBCRITICAL_EP,2022,1000000,35000,.
AT-Coal-SUPERCRITICAL,2025,1200000,50000,.
AT-Coal-SUPERCRITICAL,2035,1200000,50000,.
AT-Coal-SUPERCRITICAL,2045,1200000,50000,.
AT-Coal-SUPERCRITICAL_EP,2022,1200000,50000,.
AT-Coal-ULTRASUPERCRITICAL,2025,1400000,55000,.
AT-Coal-ULTRASUPERCRITICAL,2035,1400000,55000,.
AT-Coal-ULTRASUPERCRITICAL,2045,1400000,55000,.
AT-Coal-ULTRASUPERCRITICAL_EP,2022,1400000,55000,.
AT-Coal-IGCC,2025,1571000,70000,.
AT-Coal-IGCC,2035,1500000,70000,.
AT-Coal-IGCC,2045,1500000,70000,.
AT-Coal-IGCC_EP,2022,1571000,70000,.
AT-Gas-CCGT,2025,700000,25000,.
AT-Gas-CCGT,2035,700000,25000,.
AT-Gas-CCGT,2045,700000,25000,.
AT-Gas-CCGT_EP,2022,700000,25000,.
AT-Gas-turbine,2025,400000,20000,.
AT-Gas-turbine,2035,400000,20000,.
AT-Gas-turbine,2045,400000,20000,.
AT-Gas-turbine_EP,2022,400000,20000,.
AT-Nuclear,2025,2800000,140000,.
AT-Nuclear,2035,2800000,140000,.
AT-Nuclear,2045,2800000,140000,.
AT-Nuclear_EP,2022,2800000,140000,.
BE-Coal-SUBCRITICAL,2025,1000000,35000,.
BE-Coal-SUBCRITICAL,2035,1000000,35000,.
BE-Coal-SUBCRITICAL,2045,1000000,35000,.
BE-Coal-SUBCRITICAL_EP,2022,1000000,35000,.
BE-Coal-SUPERCRITICAL,2025,1200000,50000,.
BE-Coal-SUPERCRITICAL,2035,1200000,50000,.
BE-Coal-SUPERCRITICAL,2045,1200000,50000,.
BE-Coal-SUPERCRITICAL_EP,2022,1200000,50000,.
BE-Coal-ULTRASUPERCRITICAL,2025,1400000,55000,.
BE-Coal-ULTRASUPERCRITICAL,2035,1400000,55000,.
BE-Coal-ULTRASUPERCRITICAL,2045,1400000,55000,.
BE-Coal-ULTRASUPERCRITICAL_EP,2022,1400000,55000,.
BE-Coal-IGCC,2025,1571000,70000,.
BE-Coal-IGCC,2035,1500000,70000,.
BE-Coal-IGCC,2045,1500000,70000,.
BE-Coal-IGCC_EP,2022,1571000,70000,.
BE-Gas-CCGT,2025,700000,25000,.
BE-Gas-CCGT,2035,700000,25000,.
BE-Gas-CCGT,2045,700000,25000,.
BE-Gas-CCGT_EP,2022,700000,25000,.
BE-Gas-turbine,2025,400000,20000,.
BE-Gas-turbine,2035,400000,20000,.
BE-Gas-turbine,2045,400000,20000,.
BE-Gas-turbine_EP,2022,400000,20000,.
BE-Nuclear,2025,2800000,140000,.
BE-Nuclear,2035,2800000,140000,.
BE-Nuclear,2045,2800000,140000,.
BE-Nuclear_EP,2022,2800000,140000,.
BG-Coal-SUBCRITICAL,2025,1000000,35000,.
BG-Coal-SUBCRITICAL,2035,1000000,35000,.
BG-Coal-SUBCRITICAL,2045,1000000,35000,.
BG-Coal-SUBCRITICAL_EP,2022,1000000,35000,.
BG-Coal-SUPERCRITICAL,2025,1200000,50000,.
BG-Coal-SUPERCRITICAL,2035,1200000,50000,.
BG-Coal-SUPERCRITICAL,2045,1200000,50000,.
BG-Coal-SUPERCRITICAL_EP,2022,1200000,50000,.
BG-Coal-ULTRASUPERCRITICAL,2025,1400000,55000,.
BG-Coal-ULTRASUPERCRITICAL,2035,1400000,55000,.
BG-Coal-ULTRASUPERCRITICAL,2045,1400000,55000,.
BG-Coal-ULTRASUPERCRITICAL_EP,2022,1400000,55000,.
BG-Coal-IGCC,2025,1571000,70000,.
BG-Coal-IGCC,2035,1500000,70000,.
BG-Coal-IGCC,2045,1500000,70000,.
BG-Coal-IGCC_EP,2022,1571000,70000,.
BG-Gas-CCGT,2025,700000,25000,.
BG-Gas-CCGT,2035,700000,25000,.
BG-Gas-CCGT,2045,700000,25000,.
BG-Gas-CCGT_EP,2022,700000,25000,.
BG-Gas-turbine,2025,400000,20000,.
BG-Gas-turbine,2035,400000,20000,.
BG-Gas-turbine,2045,400000,20000,.
BG-Gas-turbine_EP,2022,400000,20000,.
BG-Nuclear,2025,2800000,140000,.
BG-Nuclear,2035,2800000,140000,.
BG-Nuclear,2045,2800000,140000,.
BG-Nuclear_EP,2022,2800000,140000,.
CZ-Coal-SUBCRITICAL,2025,1000000,35000,.
CZ-Coal-SUBCRITICAL,2035,1000000,35000,.
CZ-Coal-SUBCRITICAL,2045,1000000,35000,.
CZ-Coal-SUBCRITICAL_EP,2022,1000000,35000,.
CZ-Coal-SUPERCRITICAL,2025,1200000,50000,.
CZ-Coal-SUPERCRITICAL,2035,1200000,50000,.
CZ-Coal-SUPERCRITICAL,2045,1200000,50000,.
CZ-Coal-SUPERCRITICAL_EP,2022,1200000,50000,.
CZ-Coal-ULTRASUPERCRITICAL,2025,1400000,55000,.
CZ-Coal-ULTRASUPERCRITICAL,2035,1400000,55000,.
CZ-Coal-ULTRASUPERCRITICAL,2045,1400000,55000,.
CZ-Coal-ULTRASUPERCRITICAL_EP,2022,1400000,55000,.
CZ-Coal-IGCC,2025,1571000,70000,.
CZ-Coal-IGCC,2035,1500000,70000,.
CZ-Coal-IGCC,2045,1500000,70000,.
CZ-Coal-IGCC_EP,2022,1571000,70000,.
CZ-Gas-CCGT,2025,700000,25000,.
CZ-Gas-CCGT,2035,700000,25000,.
CZ-Gas-CCGT,2045,700000,25000,.
CZ-Gas-CCGT_EP,2022,700000,25000,.
CZ-Gas-turbine,2025,400000,20000,.
CZ-Gas-turbine,2035,400000,20000,.
CZ-Gas-turbine,2045,400000,20000,.
CZ-Gas-turbine_EP,2022,400000,20000,.
CZ-Nuclear,2025,2800000,140000,.
CZ-Nuclear,2035,2800000,140000,.
CZ-Nuclear,2045,2800000,140000,.
CZ-Nuclear_EP,2022,2800000,140000,.
DE-Coal-SUBCRITICAL,2025,1000000,35000,.
DE-Coal-SUBCRITICAL,2035,1000000,35000,.
DE-Coal-SUBCRITICAL,2045,1000000,35000,.
DE-Coal-SUBCRITICAL_EP,2022,1000000,35000,.
DE-Coal-SUPERCRITICAL,2025,1200000,50000,.
DE-Coal-SUPERCRITICAL,2035,1200000,50000,.
DE-Coal-SUPERCRITICAL,2045,1200000,50000,.
DE-Coal-SUPERCRITICAL_EP,2022,1200000,50000,.
DE-Coal-ULTRASUPERCRITICAL,2025,1400000,55000,.
DE-Coal-ULTRASUPERCRITICAL,2035,1400000,55000,.
DE-Coal-ULTRASUPERCRITICAL,2045,1400000,55000,.
DE-Coal-ULTRASUPERCRITICAL_EP,2022,1400000,55000,.
DE-Coal-IGCC,2025,1571000,70000,.
DE-Coal-IGCC,2035,1500000,70000,.
DE-Coal-IGCC,2045,1500000,70000,.
DE-Coal-IGCC_EP,2022,1571000,70000,.
DE-Gas-CCGT,2025,700000,25000,.
DE-Gas-CCGT,2035,700000,25000,.
DE-Gas-CCGT,2045,700000,25000,.
DE-Gas-CCGT_EP,2022,700000,25000,.
DE-Gas-turbine,2025,400000,20000,.
DE-Gas-turbine,2035,400000,20000,.
DE-Gas-turbine,2045,400000,20000,.
DE-Gas-turbine_EP,2022,400000,20000,.
DE-Nuclear,2025,2800000,140000,.
DE-Nuclear,2035,2800000,140000,.
DE-Nuclear,2045,2800000,140000,.
DE-Nuclear_EP,2022,2800000,140000,.
DK-Coal-SUBCRITICAL,2025,1000000,35000,.
DK-Coal-SUBCRITICAL,2035,1000000,35000,.
DK-Coal-SUBCRITICAL,2045,1000000,35000,.
DK-Coal-SUBCRITICAL_EP,2022,1000000,35000,.
DK-Coal-SUPERCRITICAL,2025,1200000,50000,.
DK-Coal-SUPERCRITICAL,2035,1200000,50000,.
DK-Coal-SUPERCRITICAL,2045,1200000,50000,.
DK-Coal-SUPERCRITICAL_EP,2022,1200000,50000,.
DK-Coal-ULTRASUPERCRITICAL,2025,1400000,55000,.
DK-Coal-ULTRASUPERCRITICAL,2035,1400000,55000,.
DK-Coal-ULTRASUPERCRITICAL,2045,1400000,55000,.
DK-Coal-ULTRASUPERCRITICAL_EP,2022,1400000,55000,.
DK-Coal-IGCC,2025,1571000,70000,.
DK-Coal-IGCC,2035,1500000,70000,.
DK-Coal-IGCC,2045,1500000,70000,.
DK-Coal-IGCC_EP,2022,1571000,70000,.
DK-Gas-CCGT,2025,700000,25000,.
DK-Gas-CCGT,2035,700000,25000,.
DK-Gas-CCGT,2045,700000,25000,.
DK-Gas-CCGT_EP,2022,700000,25000,.
DK-Gas-turbine,2025,400000,20000,.
DK-Gas-turbine,2035,400000,20000,.
DK-Gas-turbine,2045,400000,20000,.
DK-Gas-turbine_EP,2022,400000,20000,.
DK-Nuclear,2025,2800000,140000,.
DK-Nuclear,2035,2800000,140000,.
DK-Nuclear,2045,2800000,140000,.
DK-Nuclear_EP,2022,2800000,140000,.
EE-Coal-SUBCRITICAL,2025,1000000,35000,.
EE-Coal-SUBCRITICAL,2035,1000000,35000,.
EE-Coal-SUBCRITICAL,2045,1000000,35000,.
EE-Coal-SUBCRITICAL_EP,2022,1000000,35000,.
EE-Coal-SUPERCRITICAL,2025,1200000,50000,.
EE-Coal-SUPERCRITICAL,2035,1200000,50000,.
EE-Coal-SUPERCRITICAL,2045,1200000,50000,.
EE-Coal-SUPERCRITICAL_EP,2022,1200000,50000,.
EE-Coal-ULTRASUPERCRITICAL,2025,1400000,55000,.
EE-Coal-ULTRASUPERCRITICAL,2035,1400000,55000,.
EE-Coal-ULTRASUPERCRITICAL,2045,1400000,55000,.
EE-Coal-ULTRASUPERCRITICAL_EP,2022,1400000,55000,.
EE-Coal-IGCC,2025,1571000,70000,.
EE-Coal-IGCC,2035,1500000,70000,.
EE-Coal-IGCC,2045,1500000,70000,.
EE-Coal-IGCC_EP,2022,1571000,70000,.
EE-Gas-CCGT,2025,700000,25000,.
EE-Gas-CCGT,2035,700000,25000,.
EE-Gas-CCGT,2045,700000,25000,.
EE-Gas-CCGT_EP,2022,700000,25000,.
EE-Gas-turbine,2025,400000,20000,.
EE-Gas-turbine,2035,400000,20000,.
EE-Gas-turbine,2045,400000,20000,.
EE-Gas-turbine_EP,2022,400000,20000,.
EE-Nuclear,2025,2800000,140000,.
EE-Nuclear,2035,2800000,140000,.
EE-Nuclear,2045,2800000,140000,.
EE-Nuclear_EP,2022,2800000,140000,.
ES-Coal-SUBCRITICAL,2025,1000000,35000,.
ES-Coal-SUBCRITICAL,2035,1000000,35000,.
ES-Coal-SUBCRITICAL,2045,1000000,35000,.
ES-Coal-SUBCRITICAL_EP,2022,1000000,35000,.
ES-Coal-SUPERCRITICAL,2025,1200000,50000,.
ES-Coal-SUPERCRITICAL,2035,1200000,50000,.
ES-Coal-SUPERCRITICAL,2045,1200000,50000,.
ES-Coal-SUPERCRITICAL_EP,2022,1200000,50000,.
ES-Coal-ULTRASUPERCRITICAL,2025,1400000,55000,.
ES-Coal-ULTRASUPERCRITICAL,2035,1400000,55000,.
ES-Coal-ULTRASUPERCRITICAL,2045,1400000,55000,.
ES-Coal-ULTRASUPERCRITICAL_EP,2022,1400000,55000,.
ES-Coal-IGCC,2025,1571000,70000,.
ES-Coal-IGCC,2035,1500000,70000,.
ES-Coal-IGCC,2045,1500000,70000,.
ES-Coal-IGCC_EP,2022,1571000,70000,.
ES-Gas-CCGT,2025,700000,25000,.
ES-Gas-CCGT,2035,700000,25000,.
ES-Gas-CCGT,2045,700000,25000,.
ES-Gas-CCGT_EP,2022,700000,25000,.
ES-Gas-turbine,2025,400000,20000,.
ES-Gas-turbine,2035,400000,20000,.
ES-Gas-turbine,2045,400000,20000,.
ES-Gas-turbine_EP,2022,400000,20000,.
ES-Nuclear,2025,2800000,140000,.
ES-Nuclear,2035,2800000,140000,.
ES-Nuclear,2045,2800000,140000,.
ES-Nuclear_EP,2022,2800000,140000,.
FR-Coal-SUBCRITICAL,2025,1000000,35000,.
FR-Coal-SUBCRITICAL,2035,1000000,35000,.
FR-Coal-SUBCRITICAL,2045,1000000,35000,.
FR-Coal-SUBCRITICAL_EP,2022,1000000,35000,.
FR-Coal-SUPERCRITICAL,2025,1200000,50000,.
FR-Coal-SUPERCRITICAL,2035,1200000,50000,.
FR-Coal-SUPERCRITICAL,2045,1200000,50000,.
FR-Coal-SUPERCRITICAL_EP,2022,1200000,50000,.
FR-Coal-ULTRASUPERCRITICAL,2025,1400000,55000,.
FR-Coal-ULTRASUPERCRITICAL,2035,1400000,55000,.
FR-Coal-ULTRASUPERCRITICAL,2045,1400000,55000,.
FR-Coal-ULTRASUPERCRITICAL_EP,2022,1400000,55000,.
FR-Coal-IGCC,2025,1571000,70000,.
FR-Coal-IGCC,2035,1500000,70000,.
FR-Coal-IGCC,2045,1500000,70000,.
FR-Coal-IGCC_EP,2022,1571000,70000,.
FR-Gas-CCGT,2025,700000,25000,.
FR-Gas-CCGT,2035,700000,25000,.
FR-Gas-CCGT,2045,700000,25000,.
FR-Gas-CCGT_EP,2022,700000,25000,.
FR-Gas-turbine,2025,400000,20000,.
FR-Gas-turbine,2035,400000,20000,.
FR-Gas-turbine,2045,400000,20000,.
FR-Gas-turbine_EP,2022,400000,20000,.
FR-Nuclear,2025,2800000,140000,.
FR-Nuclear,2035,2800000,140000,.
FR-Nuclear,2045,2800000,140000,.
FR-Nuclear_EP,2022,2800000,140000,.
GB-Coal-SUBCRITICAL,2025,1000000,35000,.
GB-Coal-SUBCRITICAL,2035,1000000,35000,.
GB-Coal-SUBCRITICAL,2045,1000000,35000,.
GB-Coal-SUBCRITICAL_EP,2022,1000000,35000,.
GB-Coal-SUPERCRITICAL,2025,1200000,50000,.
GB-Coal-SUPERCRITICAL,2035,1200000,50000,.
GB-Coal-SUPERCRITICAL,2045,1200000,50000,.
GB-Coal-SUPERCRITICAL_EP,2022,1200000,50000,.
GB-Coal-ULTRASUPERCRITICAL,2025,1400000,55000,.
GB-Coal-ULTRASUPERCRITICAL,2035,1400000,55000,.
GB-Coal-ULTRASUPERCRITICAL,2045,1400000,55000,.
GB-Coal-ULTRASUPERCRITICAL_EP,2022,1400000,55000,.
GB-Coal-IGCC,2025,1571000,70000,.
GB-Coal-IGCC,2035,1500000,70000,.
GB-Coal-IGCC,2045,1500000,70000,.
GB-Coal-IGCC_EP,2022,1571000,70000,.
GB-Gas-CCGT,2025,700000,25000,.
GB-Gas-CCGT,2035,700000,25000,.
GB-Gas-CCGT,2045,700000,25000,.
GB-Gas-CCGT_EP,2022,700000,25000,.
GB-Gas-turbine,2025,400000,20000,.
GB-Gas-turbine,2035,400000,20000,.
GB-Gas-turbine,2045,400000,20000,.
GB-Gas-turbine_EP,2022,400000,20000,.
GB-Nuclear,2025,2800000,140000,.
GB-Nuclear,2035,2800000,140000,.
GB-Nuclear,2045,2800000,140000,.
GB-Nuclear_EP,2022,2800000,140000,.
HR-Coal-SUBCRITICAL,2025,1000000,35000,.
HR-Coal-SUBCRITICAL,2035,1000000,35000,.
HR-Coal-SUBCRITICAL,2045,1000000,35000,.
HR-Coal-SUBCRITICAL_EP,2022,1000000,35000,.
HR-Coal-SUPERCRITICAL,2025,1200000,50000,.
HR-Coal-SUPERCRITICAL,2035,1200000,50000,.
HR-Coal-SUPERCRITICAL,2045,1200000,50000,.
HR-Coal-SUPERCRITICAL_EP,2022,1200000,50000,.
HR-Coal-ULTRASUPERCRITICAL,2025,1400000,55000,.
HR-Coal-ULTRASUPERCRITICAL,2035,1400000,55000,.
HR-Coal-ULTRASUPERCRITICAL,2045,1400000,55000,.
HR-Coal-ULTRASUPERCRITICAL_EP,2022,1400000,55000,.
HR-Coal-IGCC,2025,1571000,70000,.
HR-Coal-IGCC,2035,1500000,70000,.
HR-Coal-IGCC,2045,1500000,70000,.
HR-Coal-IGCC_EP,2022,1571000,70000,.
HR-Gas-CCGT,2025,700000,25000,.
HR-Gas-CCGT,2035,700000,25000,.
HR-Gas-CCGT,2045,700000,25000,.
HR-Gas-CCGT_EP,2022,700000,25000,.
HR-Gas-turbine,2025,400000,20000,.
HR-Gas-turbine,2035,400000,20000,.
HR-Gas-turbine,2045,400000,20000,.
HR-Gas-turbine_EP,2022,400000,20000,.
HR-Nuclear,2025,2800000,140000,.
HR-Nuclear,2035,2800000,140000,.
HR-Nuclear,2045,2800000,140000,.
HR-Nuclear_EP,2022,2800000,140000,.
HU-Coal-SUBCRITICAL,2025,1000000,35000,.
HU-Coal-SUBCRITICAL,2035,1000000,35000,.
HU-Coal-SUBCRITICAL,2045,1000000,35000,.
HU-Coal-SUBCRITICAL_EP,2022,1000000,35000,.
HU-Coal-SUPERCRITICAL,2025,1200000,50000,.
HU-Coal-SUPERCRITICAL,2035,1200000,50000,.
HU-Coal-SUPERCRITICAL,2045,1200000,50000,.
HU-Coal-SUPERCRITICAL_EP,2022,1200000,50000,.
HU-Coal-ULTRASUPERCRITICAL,2025,1400000,55000,.
HU-Coal-ULTRASUPERCRITICAL,2035,1400000,55000,.
HU-Coal-ULTRASUPERCRITICAL,2045,1400000,55000,.
HU-Coal-ULTRASUPERCRITICAL_EP,2022,1400000,55000,.
HU-Coal-IGCC,2025,1571000,70000,.
HU-Coal-IGCC,2035,1500000,70000,.
HU-Coal-IGCC,2045,1500000,70000,.
HU-Coal-IGCC_EP,2022,1571000,70000,.
HU-Gas-CCGT,2025,700000,25000,.
HU-Gas-CCGT,2035,700000,25000,.
HU-Gas-CCGT,2045,700000,25000,.
HU-Gas-CCGT_EP,2022,700000,25000,.
HU-Gas-turbine,2025,400000,20000,.
HU-Gas-turbine,2035,400000,20000,.
HU-Gas-turbine,2045,400000,20000,.
HU-Gas-turbine_EP,2022,400000,20000,.
HU-Nuclear,2025,2800000,140000,.
HU-Nuclear,2035,2800000,140000,.
HU-Nuclear,2045,2800000,140000,.
HU-Nuclear_EP,2022,2800000,140000,.
IT-Coal-SUBCRITICAL,2025,1000000,35000,.
IT-Coal-SUBCRITICAL,2035,1000000,35000,.
IT-Coal-SUBCRITICAL,2045,1000000,35000,.
IT-Coal-SUBCRITICAL_EP,2022,1000000,35000,.
IT-Coal-SUPERCRITICAL,2025,1200000,50000,.
IT-Coal-SUPERCRITICAL,2035,1200000,50000,.
IT-Coal-SUPERCRITICAL,2045,1200000,50000,.
IT-Coal-SUPERCRITICAL_EP,2022,1200000,50000,.
IT-Coal-ULTRASUPERCRITICAL,2025,1400000,55000,.
IT-Coal-ULTRASUPERCRITICAL,2035,1400000,55000,.
IT-Coal-ULTRASUPERCRITICAL,2045,1400000,55000,.
IT-Coal-ULTRASUPERCRITICAL_EP,2022,1400000,55000,.
IT-Coal-IGCC,2025,1571000,70000,.
IT-Coal-IGCC,2035,1500000,70000,.
IT-Coal-IGCC,2045,1500000,70000,.
IT-Coal-IGCC_EP,2022,1571000,70000,.
IT-Gas-CCGT,2025,700000,25000,.
IT-Gas-CCGT,2035,700000,25000,.
IT-Gas-CCGT,2045,700000,25000,.
IT-Gas-CCGT_EP,2022,700000,25000,.
IT-Gas-turbine,2025,400000,20000,.
IT-Gas-turbine,2035,400000,20000,.
IT-Gas-turbine,2045,400000,20000,.
IT-Gas-turbine_EP,2022,400000,20000,.
IT-Nuclear,2025,2800000,140000,.
IT-Nuclear,2035,2800000,140000,.
IT-Nuclear,2045,2800000,140000,.
IT-Nuclear_EP,2022,2800000,140000,.
LT-Coal-SUBCRITICAL,2025,1000000,35000,.
LT-Coal-SUBCRITICAL,2035,1000000,35000,.
LT-Coal-SUBCRITICAL,2045,1000000,35000,.
LT-Coal-SUBCRITICAL_EP,2022,1000000,35000,.
LT-Coal-SUPERCRITICAL,2025,1200000,50000,.
LT-Coal-SUPERCRITICAL,2035,1200000,50000,.
LT-Coal-SUPERCRITICAL,2045,1200000,50000,.
LT-Coal-SUPERCRITICAL_EP,2022,1200000,50000,.
LT-Coal-ULTRASUPERCRITICAL,2025,1400000,55000,.
LT-Coal-ULTRASUPERCRITICAL,2035,1400000,55000,.
LT-Coal-ULTRASUPERCRITICAL,2045,1400000,55000,.
LT-Coal-ULTRASUPERCRITICAL_EP,2022,1400000,55000,.
LT-Coal-IGCC,2025,1571000,70000,.
LT-Coal-IGCC,2035,1500000,70000,.
LT-Coal-IGCC,2045,1500000,70000,.
LT-Coal-IGCC_EP,2022,1571000,70000,.
LT-Gas-CCGT,2025,700000,25000,.
LT-Gas-CCGT,2035,700000,25000,.
LT-Gas-CCGT,2045,700000,25000,.
LT-Gas-CCGT_EP,2022,700000,25000,.
LT-Gas-turbine,2025,400000,20000,.
LT-Gas-turbine,2035,400000,20000,.
LT-Gas-turbine,2045,400000,20000,.
LT-Gas-turbine_EP,2022,400000,20000,.
LT-Nuclear,2025,2800000,140000,.
LT-Nuclear,2035,2800000,140000,.
LT-Nuclear,2045,2800000,140000,.
LT-Nuclear_EP,2022,2800000,140000,.
LU-Coal-SUBCRITICAL,2025,1000000,35000,.
LU-Coal-SUBCRITICAL,2035,1000000,35000,.
LU-Coal-SUBCRITICAL,2045,1000000,35000,.
LU-Coal-SUBCRITICAL_EP,2022,1000000,35000,.
LU-Coal-SUPERCRITICAL,2025,1200000,50000,.
LU-Coal-SUPERCRITICAL,2035,1200000,50000,.
LU-Coal-SUPERCRITICAL,2045,1200000,50000,.
LU-Coal-SUPERCRITICAL_EP,2022,1200000,50000,.
LU-Coal-ULTRASUPERCRITICAL,2025,1400000,55000,.
LU-Coal-ULTRASUPERCRITICAL,2035,1400000,55000,.
LU-Coal-ULTRASUPERCRITICAL,2045,1400000,55000,.
LU-Coal-ULTRASUPERCRITICAL_EP,2022,1400000,55000,.
LU-Coal-IGCC,2025,1571000,70000,.
LU-Coal-IGCC,2035,1500000,70000,.
LU-Coal-IGCC,2045,1500000,70000,.
LU-Coal-IGCC_EP,2022,1571000,70000,.
LU-Gas-CCGT,2025,700000,25000,.
LU-Gas-CCGT,2035,700000,25000,.
LU-Gas-CCGT,2045,700000,25000,.
LU-Gas-CCGT_EP,2022,700000,25000,.
LU-Gas-turbine,2025,400000,20000,.
LU-Gas-turbine,2035,400000,20000,.
LU-Gas-turbine,2045,400000,20000,.
LU-Gas-turbine_EP,2022,400000,20000,.
LU-Nuclear,2025,2800000,140000,.
LU-Nuclear,2035,2800000,140000,.
LU-Nuclear,2045,2800000,140000,.
LU-Nuclear_EP,2022,2800000,140000,.
LV-Coal-SUBCRITICAL,2025,1000000,35000,.
LV-Coal-SUBCRITICAL,2035,1000000,35000,.
LV-Coal-SUBCRITICAL,2045,1000000,35000,.
LV-Coal-SUBCRITICAL_EP,2022,1000000,35000,.
LV-Coal-SUPERCRITICAL,2025,1200000,50000,.
LV-Coal-SUPERCRITICAL,2035,1200000,50000,.
LV-Coal-SUPERCRITICAL,2045,1200000,50000,.
LV-Coal-SUPERCRITICAL_EP,2022,1200000,50000,.
LV-Coal-ULTRASUPERCRITICAL,2025,1400000,55000,.
LV-Coal-ULTRASUPERCRITICAL,2035,1400000,55000,.
LV-Coal-ULTRASUPERCRITICAL,2045,1400000,55000,.
LV-Coal-ULTRASUPERCRITICAL_EP,2022,1400000,55000,.
LV-Coal-IGCC,2025,1571000,70000,.
LV-Coal-IGCC,2035,1500000,70000,.
LV-Coal-IGCC,2045,1500000,70000,.
LV-Coal-IGCC_EP,2022,1571000,70000,.
LV-Gas-CCGT,2025,700000,25000,.
LV-Gas-CCGT,2035,700000,25000,.
LV-Gas-CCGT,2045,700000,25000,.
LV-Gas-CCGT_EP,2022,700000,25000,.
LV-Gas-turbine,2025,400000,20000,.
LV-Gas-turbine,2035,400000,20000,.
LV-Gas-turbine,2045,400000,20000,.
LV-Gas-turbine_EP,2022,400000,20000,.
LV-Nuclear,2025,2800000,140000,.
LV-Nuclear,2035,2800000,140000,.
LV-Nuclear,2045,2800000,140000,.
LV-Nuclear_EP,2022,2800000,140000,.
ME-Coal-SUBCRITICAL,2025,1000000,35000,.
ME-Coal-SUBCRITICAL,2035,1000000,35000,.
ME-Coal-SUBCRITICAL,2045,1000000,35000,.
ME-Coal-SUBCRITICAL_EP,2022,1000000,35000,.
ME-Coal-SUPERCRITICAL,2025,1200000,50000,.
ME-Coal-SUPERCRITICAL,2035,1200000,50000,.
ME-Coal-SUPERCRITICAL,2045,1200000,50000,.
ME-Coal-SUPERCRITICAL_EP,2022,1200000,50000,.
ME-Coal-ULTRASUPERCRITICAL,2025,1400000,55000,.
ME-Coal-ULTRASUPERCRITICAL,2035,1400000,55000,.
ME-Coal-ULTRASUPERCRITICAL,2045,1400000,55000,.
ME-Coal-ULTRASUPERCRITICAL_EP,2022,1400000,55000,.
ME-Coal-IGCC,2025,1571000,70000,.
ME-Coal-IGCC,2035,1500000,70000,.
ME-Coal-IGCC,2045,1500000,70000,.
ME-Coal-IGCC_EP,2022,1571000,70000,.
ME-Gas-CCGT,2025,700000,25000,.
ME-Gas-CCGT,2035,700000,25000,.
ME-Gas-CCGT,2045,700000,25000,.
ME-Gas-CCGT_EP,2022,700000,25000,.
ME-Gas-turbine,2025,400000,20000,.
ME-Gas-turbine,2035,400000,20000,.
ME-Gas-turbine,2045,400000,20000,.
ME-Gas-turbine_EP,2022,400000,20000,.
ME-Nuclear,2025,2800000,140000,.
ME-Nuclear,2035,2800000,140000,.
ME-Nuclear,2045,2800000,140000,.
ME-Nuclear_EP,2022,2800000,140000,.
NL-Coal-SUBCRITICAL,2025,1000000,35000,.
NL-Coal-SUBCRITICAL,2035,1000000,35000,.
NL-Coal-SUBCRITICAL,2045,1000000,35000,.
NL-Coal-SUBCRITICAL_EP,2022,1000000,35000,.
NL-Coal-SUPERCRITICAL,2025,1200000,50000,.
NL-Coal-SUPERCRITICAL,2035,1200000,50000,.
NL-Coal-SUPERCRITICAL,2045,1200000,50000,.
NL-Coal-SUPERCRITICAL_EP,2022,1200000,50000,.
NL-Coal-ULTRASUPERCRITICAL,2025,1400000,55000,.
NL-Coal-ULTRASUPERCRITICAL,2035,1400000,55000,.
NL-Coal-ULTRASUPERCRITICAL,2045,1400000,55000,.
NL-Coal-ULTRASUPERCRITICAL_EP,2022,1400000,55000,.
NL-Coal-IGCC,2025,1571000,70000,.
NL-Coal-IGCC,2035,1500000,70000,.
NL-Coal-IGCC,2045,1500000,70000,.
NL-Coal-IGCC_EP,2022,1571000,70000,.
NL-Gas-CCGT,2025,700000,25000,.
NL-Gas-CCGT,2035,700000,25000,.
NL-Gas-CCGT,2045,700000,25000,.
NL-Gas-CCGT_EP,2022,700000,25000,.
NL-Gas-turbine,2025,400000,20000,.
NL-Gas-turbine,2035,400000,20000,.
NL-Gas-turbine,2045,400000,20000,.
NL-Gas-turbine_EP,2022,400000,20000,.
NL-Nuclear,2025,2800000,140000,.
NL-Nuclear,2035,2800000,140000,.
NL-Nuclear,2045,2800000,140000,.
NL-Nuclear_EP,2022,2800000,140000,.
NO-Coal-SUBCRITICAL,2025,1000000,35000,.
NO-Coal-SUBCRITICAL,2035,1000000,35000,.
NO-Coal-SUBCRITICAL,2045,1000000,35000,.
NO-Coal-SUBCRITICAL_EP,2022,1000000,35000,.
NO-Coal-SUPERCRITICAL,2025,1200000,50000,.
NO-Coal-SUPERCRITICAL,2035,1200000,50000,.
NO-Coal-SUPERCRITICAL,2045,1200000,50000,.
NO-Coal-SUPERCRITICAL_EP,2022,1200000,50000,.
NO-Coal-ULTRASUPERCRITICAL,2025,1400000,55000,.
NO-Coal-ULTRASUPERCRITICAL,2035,1400000,55000,.
NO-Coal-ULTRASUPERCRITICAL,2045,1400000,55000,.
NO-Coal-ULTRASUPERCRITICAL_EP,2022,1400000,55000,.
NO-Coal-IGCC,2025,1571000,70000,.
NO-Coal-IGCC,2035,1500000,70000,.
NO-Coal-IGCC,2045,1500000,70000,.
NO-Coal-IGCC_EP,2022,1571000,70000,.
NO-Gas-CCGT,2025,700000,25000,.
NO-Gas-CCGT,2035,700000,25000,.
NO-Gas-CCGT,2045,700000,25000,.
NO-Gas-CCGT_EP,2022,700000,25000,.
NO-Gas-turbine,2025,400000,20000,.
NO-Gas-turbine,2035,400000,20000,.
NO-Gas-turbine,2045,400000,20000,.
NO-Gas-turbine_EP,2022,400000,20000,.
NO-Nuclear,2025,2800000,140000,.
NO-Nuclear,2035,2800000,140000,.
NO-Nuclear,2045,2800000,140000,.
NO-Nuclear_EP,2022,2800000,140000,.
PL-Coal-SUBCRITICAL,2025,1000000,35000,.
PL-Coal-SUBCRITICAL,2035,1000000,35000,.
PL-Coal-SUBCRITICAL,2045,1000000,35000,.
PL-Coal-SUBCRITICAL_EP,2022,1000000,35000,.
PL-Coal-SUPERCRITICAL,2025,1200000,50000,.
PL-Coal-SUPERCRITICAL,2035,1200000,50000,.
PL-Coal-SUPERCRITICAL,2045,1200000,50000,.
PL-Coal-SUPERCRITICAL_EP,2022,1200000,50000,.
PL-Coal-ULTRASUPERCRITICAL,2025,1400000,55000,.
PL-Coal-ULTRASUPERCRITICAL,2035,1400000,55000,.
PL-Coal-ULTRASUPERCRITICAL,2045,1400000,55000,.
PL-Coal-ULTRASUPERCRITICAL_EP,2022,1400000,55000,.
PL-Coal-IGCC,2025,1571000,70000,.
PL-Coal-IGCC,2035,1500000,70000,.
PL-Coal-IGCC,2045,1500000,70000,.
PL-Coal-IGCC_EP,2022,1571000,70000,.
PL-Gas-CCGT,2025,700000,25000,.
PL-Gas-CCGT,2035,700000,25000,.
PL-Gas-CCGT,2045,700000,25000,.
PL-Gas-CCGT_EP,2022,700000,25000,.
PL-Gas-turbine,2025,400000,20000,.
PL-Gas-turbine,2035,400000,20000,.
PL-Gas-turbine,2045,400000,20000,.
PL-Gas-turbine_EP,2022,400000,20000,.
PL-Nuclear,2025,2800000,140000,.
PL-Nuclear,2035,2800000,140000,.
PL-Nuclear,2045,2800000,140000,.
PL-Nuclear_EP,2022,2800000,140000,.
PT-Coal-SUBCRITICAL,2025,1000000,35000,.
PT-Coal-SUBCRITICAL,2035,1000000,35000,.
PT-Coal-SUBCRITICAL,2045,1000000,35000,.
PT-Coal-SUBCRITICAL_EP,2022,1000000,35000,.
PT-Coal-SUPERCRITICAL,2025,1200000,50000,.
PT-Coal-SUPERCRITICAL,2035,1200000,50000,.
PT-Coal-SUPERCRITICAL,2045,1200000,50000,.
PT-Coal-SUPERCRITICAL_EP,2022,1200000,50000,.
PT-Coal-ULTRASUPERCRITICAL,2025,1400000,55000,.
PT-Coal-ULTRASUPERCRITICAL,2035,1400000,55000,.
PT-Coal-ULTRASUPERCRITICAL,2045,1400000,55000,.
PT-Coal-ULTRASUPERCRITICAL_EP,2022,1400000,55000,.
PT-Coal-IGCC,2025,1571000,70000,.
PT-Coal-IGCC,2035,1500000,70000,.
PT-Coal-IGCC,2045,1500000,70000,.
PT-Coal-IGCC_EP,2022,1571000,70000,.
PT-Gas-CCGT,2025,700000,25000,.
PT-Gas-CCGT,2035,700000,25000,.
PT-Gas-CCGT,2045,700000,25000,.
PT-Gas-CCGT_EP,2022,700000,25000,.
PT-Gas-turbine,2025,400000,20000,.
PT-Gas-turbine,2035,400000,20000,.
PT-Gas-turbine,2045,400000,20000,.
PT-Gas-turbine_EP,2022,400000,20000,.
PT-Nuclear,2025,2800000,140000,.
PT-Nuclear,2035,2800000,140000,.
PT-Nuclear,2045,2800000,140000,.
PT-Nuclear_EP,2022,2800000,140000,.
RO-Coal-SUBCRITICAL,2025,1000000,35000,.
RO-Coal-SUBCRITICAL,2035,1000000,35000,.
RO-Coal-SUBCRITICAL,2045,1000000,35000,.
RO-Coal-SUBCRITICAL_EP,2022,1000000,35000,.
RO-Coal-SUPERCRITICAL,2025,1200000,50000,.
RO-Coal-SUPERCRITICAL,2035,1200000,50000,.
RO-Coal-SUPERCRITICAL,2045,1200000,50000,.
RO-Coal-SUPERCRITICAL_EP,2022,1200000,50000,.
RO-Coal-ULTRASUPERCRITICAL,2025,1400000,55000,.
RO-Coal-ULTRASUPERCRITICAL,2035,1400000,55000,.
RO-Coal-ULTRASUPERCRITICAL,2045,1400000,55000,.
RO-Coal-ULTRASUPERCRITICAL_EP,2022,1400000,55000,.
RO-Coal-IGCC,2025,1571000,70000,.
RO-Coal-IGCC,2035,1500000,70000,.
RO-Coal-IGCC,2045,1500000,70000,.
RO-Coal-IGCC_EP,2022,1571000,70000,.
RO-Gas-CCGT,2025,700000,25000,.
RO-Gas-CCGT,2035,700000,25000,.
RO-Gas-CCGT,2045,700000,25000,.
RO-Gas-CCGT_EP,2022,700000,25000,.
RO-Gas-turbine,2025,400000,20000,.
RO-Gas-turbine,2035,400000,20000,.
RO-Gas-turbine,2045,400000,20000,.
RO-Gas-turbine_EP,2022,400000,20000,.
RO-Nuclear,2025,2800000,140000,.
RO-Nuclear,2035,2800000,140000,.
RO-Nuclear,2045,2800000,140000,.
RO-Nuclear_EP,2022,2800000,140000,.
SE-Coal-SUBCRITICAL,2025,1000000,35000,.
SE-Coal-SUBCRITICAL,2035,1000000,35000,.
SE-Coal-SUBCRITICAL,2045,1000000,35000,.
SE-Coal-SUBCRITICAL_EP,2022,1000000,35000,.
SE-Coal-SUPERCRITICAL,2025,1200000,50000,.
SE-Coal-SUPERCRITICAL,2035,1200000,50000,.
SE-Coal-SUPERCRITICAL,2045,1200000,50000,.
SE-Coal-SUPERCRITICAL_EP,2022,1200000,50000,.
SE-Coal-ULTRASUPERCRITICAL,2025,1400000,55000,.
SE-Coal-ULTRASUPERCRITICAL,2035,1400000,55000,.
SE-Coal-ULTRASUPERCRITICAL,2045,1400000,55000,.
SE-Coal-ULTRASUPERCRITICAL_EP,2022,1400000,55000,.
SE-Coal-IGCC,2025,1571000,70000,.
SE-Coal-IGCC,2035,1500000,70000,.
SE-Coal-IGCC,2045,1500000,70000,.
SE-Coal-IGCC_EP,2022,1571000,70000,.
SE-Gas-CCGT,2025,700000,25000,.
SE-Gas-CCGT,2035,700000,25000,.
SE-Gas-CCGT,2045,700000,25000,.
SE-Gas-CCGT_EP,2022,700000,25000,.
SE-Gas-turbine,2025,400000,20000,.
SE-Gas-turbine,2035,400000,20000,.
SE-Gas-turbine,2045,400000,20000,.
SE-Gas-turbine_EP,2022,400000,20000,.
SE-Nuclear,2025,2800000,140000,.
SE-Nuclear,2035,2800000,140000,.
SE-Nuclear,2045,2800000,140000,.
SE-Nuclear_EP,2022,2800000,140000,.
SI-Coal-SUBCRITICAL,2025,1000000,35000,.
SI-Coal-SUBCRITICAL,2035,1000000,35000,.
SI-Coal-SUBCRITICAL,2045,1000000,35000,.
SI-Coal-SUBCRITICAL_EP,2022,1000000,35000,.
SI-Coal-SUPERCRITICAL,2025,1200000,50000,.
SI-Coal-SUPERCRITICAL,2035,1200000,50000,.
SI-Coal-SUPERCRITICAL,2045,1200000,50000,.
SI-Coal-SUPERCRITICAL_EP,2022,1200000,50000,.
SI-Coal-ULTRASUPERCRITICAL,2025,1400000,55000,.
SI-Coal-ULTRASUPERCRITICAL,2035,1400000,55000,.
SI-Coal-ULTRASUPERCRITICAL,2045,1400000,55000,.
SI-Coal-ULTRASUPERCRITICAL_EP,2022,1400000,55000,.
SI-Coal-IGCC,2025,1571000,70000,.
SI-Coal-IGCC,2035,1500000,70000,.
SI-Coal-IGCC,2045,1500000,70000,.
SI-Coal-IGCC_EP,2022,1571000,70000,.
SI-Gas-CCGT,2025,700000,25000,.
SI-Gas-CCGT,2035,700000,25000,.
SI-Gas-CCGT,2045,700000,25000,.
SI-Gas-CCGT_EP,2022,700000,25000,.
SI-Gas-turbine,2025,400000,20000,.
SI-Gas-turbine,2035,400000,20000,.
SI-Gas-turbine,2045,400000,20000,.
SI-Gas-turbine_EP,2022,400000,20000,.
SI-Nuclear,2025,2800000,140000,.
SI-Nuclear,2035,2800000,140000,.
SI-Nuclear,2045,2800000,140000,.
SI-Nuclear_EP,2022,2800000,140000,.
AT-ERES_2030,2025,5729,4994,0
BE-ERES_2030,2025,5729,4994,0
BG-ERES_2030,2025,5729,4994,0
CZ-ERES_2030,2025,5729,4994,0
DE-ERES_2030,2025,5729,4994,0
DK-ERES_2030,2025,5729,4994,0
EE-ERES_2030,2025,5729,4994,0
ES-ERES_2030,2025,5729,4994,0
FR-ERES_2030,2025,5729,4994,0
GB-ERES_2030,2025,5729,4994,0
HR-ERES_2030,2025,5729,4994,0
HU-ERES_2030,2025,5729,4994,0
IT-ERES_2030,2025,5729,4994,0
LT-ERES_2030,2025,5729,4994,0
LU-ERES_2030,2025,5729,4994,0
LV-ERES_2030,2025,5729,4994,0
ME-ERES_2030,2025,5729,4994,0
NL-ERES_2030,2025,5729,4994,0
NO-ERES_2030,2025,5729,4994,0
PL-ERES_2030,2025,5729,4994,0
PT-ERES_2030,2025,5729,4994,0
RO-ERES_2030,2025,5729,4994,0
SE-ERES_2030,2025,5729,4994,0
SI-ERES_2030,2025,5729,4994,0
AT-DCERES_2030,2025,184031,7669,0
BE-DCERES_2030,2025,184031,7669,0
BG-DCERES_2030,2025,184031,7669,0
CZ-DCERES_2030,2025,184031,7669,0
DE-DCERES_2030,2025,184031,7669,0
DK-DCERES_2030,2025,184031,7669,0
EE-DCERES_2030,2025,184031,7669,0
ES-DCERES_2030,2025,184031,7669,0
FR-DCERES_2030,2025,184031,7669,0
GB-DCERES_2030,2025,184031,7669,0
HR-DCERES_2030,2025,184031,7669,0
HU-DCERES_2030,2025,184031,7669,0
IT-DCERES_2030,2025,184031,7669,0
LT-DCERES_2030,2025,184031,7669,0
LU-DCERES_2030,2025,184031,7669,0
LV-DCERES_2030,2025,184031,7669,0
ME-DCERES_2030,2025,184031,7669,0
NL-DCERES_2030,2025,184031,7669,0
NO-DCERES_2030,2025,184031,7669,0
PL-DCERES_2030,2025,184031,7669,0
PT-DCERES_2030,2025,184031,7669,0
RO-DCERES_2030,2025,184031,7669,0
SE-DCERES_2030,2025,184031,7669,0
SI-DCERES_2030,2025,184031,7669,0
AT-ERES_2040,2035,5729,4994,0
BE-ERES_2040,2035,5729,4994,0
BG-ERES_2040,2035,5729,4994,0
CZ-ERES_2040,2035,5729,4994,0
DE-ERES_2040,2035,5729,4994,0
DK-ERES_2040,2035,5729,4994,0
EE-ERES_2040,2035,5729,4994,0
ES-ERES_2040,2035,5729,4994,0
FR-ERES_2040,2035,5729,4994,0
GB-ERES_2040,2035,5729,4994,0
HR-ERES_2040,2035,5729,4994,0
HU-ERES_2040,2035,5729,4994,0
IT-ERES_2040,2035,5729,4994,0
LT-ERES_2040,2035,5729,4994,0
LU-ERES_2040,2035,5729,4994,0
LV-ERES_2040,2035,5729,4994,0
ME-ERES_2040,2035,5729,4994,0
NL-ERES_2040,2035,5729,4994,0
NO-ERES_2040,2035,5729,4994,0
PL-ERES_2040,2035,5729,4994,0
PT-ERES_2040,2035,5729,4994,0
RO-ERES_2040,2035,5729,4994,0
SE-ERES_2040,2035,5729,4994,0
SI-ERES_2040,2035,5729,4994,0
AT-ERES_2050,2045,5729,4994,0
BE-ERES_2050,2045,5729,4994,0
BG-ERES_2050,2045,5729,4994,0
CZ-ERES_2050,2045,5729,4994,0
DE-ERES_2050,2045,5729,4994,0
DK-ERES_2050,2045,5729,4994,0
EE-ERES_2050,2045,5729,4994,0
ES-ERES_2050,2045,5729,4994,0
FR-ERES_2050,2045,5729,4994,0
GB-ERES_2050,2045,5729,4994,0
HR-ERES_2050,2045,5729,4994,0
HU-ERES_2050,2045,5729,4994,0
IT-ERES_2050,2045,5729,4994,0
LT-ERES_2050,2045,5729,4994,0
LU-ERES_2050,2045,5729,4994,0
LV-ERES_2050,2045,5729,4994,0
ME-ERES_2050,2045,5729,4994,0
NL-ERES_2050,2045,5729,4994,0
NO-ERES_2050,2045,5729,4994,0
PL-ERES_2050,2045,5729,4994,0
PT-ERES_2050,2045,5729,4994,0
RO-ERES_2050,2045,5729,4994,0
SE-ERES_2050,2045,5729,4994,0
SI-ERES_2050,2045,5729,4994,0
AT-CAES,2025,0,11475,128175
AT-CAES,2035,0,11475,128175
AT-CAES,2045,0,11475,128175
BE-CAES,2025,0,11475,128175
BE-CAES,2035,0,11475,128175
BE-CAES,2045,0,11475,128175
BG-CAES,2025,0,11475,128175
BG-CAES,2035,0,11475,128175
BG-CAES,2045,0,11475,128175
CZ-CAES,2025,0,11475,128175
CZ-CAES,2035,0,11475,128175
CZ-CAES,2045,0,11475,128175
DE-CAES,2025,0,11475,128175
DE-CAES,2035,0,11475,128175
DE-CAES,2045,0,11475,128175
DK-CAES,2025,0,11475,128175
DK-CAES,2035,0,11475,128175
DK-CAES,2045,0,11475,128175
EE-CAES,2025,0,11475,128175
EE-CAES,2035,0,11475,128175
EE-CAES,2045,0,11475,128175
ES-CAES,2025,0,11475,128175
ES-CAES,2035,0,11475,128175
ES-CAES,2045,0,11475,128175
FR-CAES,2025,0,11475,128175
FR-CAES,2035,0,11475,128175
FR-CAES,2045,0,11475,128175
GB-CAES,2025,0,11475,128175
GB-CAES,2035,0,11475,128175
GB-CAES,2045,0,11475,128175
HR-CAES,2025,0,11475,128175
HR-CAES,2035,0,11475,128175
HR-CAES,2045,0,11475,128175
HU-CAES,2025,0,11475,128175
HU-CAES,2035,0,11475,128175
HU-CAES,2045,0,11475,128175
IT-CAES,2025,0,11475,128175
IT-CAES,2035,0,11475,128175
IT-CAES,2045,0,11475,128175
LT-CAES,2025,0,11475,128175
LT-CAES,2035,0,11475,128175
LT-CAES,2045,0,11475,128175
LU-CAES,2025,0,11475,128175
LU-CAES,2035,0,11475,128175
LU-CAES,2045,0,11475,128175
LV-CAES,2025,0,11475,128175
LV-CAES,2035,0,11475,128175
LV-CAES,2045,0,11475,128175
ME-CAES,2025,0,11475,128175
ME-CAES,2035,0,11475,128175
ME-CAES,2045,0,11475,128175
NL-CAES,2025,0,11475,128175
NL-CAES,2035,0,11475,128175
NL-CAES,2045,0,11475,128175
NO-CAES,2025,0,11475,128175
NO-CAES,2035,0,11475,128175
NO-CAES,2045,0,11475,128175
PL-CAES,2025,0,11475,128175
PL-CAES,2035,0,11475,128175
PL-CAES,2045,0,11475,128175
PT-CAES,2025,0,11475,128175
PT-CAES,2035,0,11475,128175
PT-CAES,2045,0,11475,128175
RO-CAES,2025,0,11475,128175
RO-CAES,2035,0,11475,128175
RO-CAES,2045,0,11475,128175
SE-CAES,2025,0,11475,128175
SE-CAES,2035,0,11475,128175
SE-CAES,2045,0,11475,128175
SI-CAES,2025,0,11475,128175
SI-CAES,2035,0,11475,128175
SI-CAES,2045,0,11475,128175
AT-H2,2025,0,15975,97675
AT-H2,2035,0,9625,49450
AT-H2,2045,0,7688,38563
BE-H2,2025,0,15975,97675
BE-H2,2035,0,9625,49450
BE-H2,2045,0,7688,38563
BG-H2,2025,0,15975,97675
BG-H2,2035,0,9625,49450
BG-H2,2045,0,7688,38563
CZ-H2,2025,0,15975,97675
CZ-H2,2035,0,9625,49450
CZ-H2,2045,0,7688,38563
DE-H2,2025,0,15975,97675
DE-H2,2035,0,9625,49450
DE-H2,2045,0,7688,38563
DK-H2,2025,0,15975,97675
DK-H2,2035,0,9625,49450
DK-H2,2045,0,7688,38563
EE-H2,2025,0,15975,97675
EE-H2,2035,0,9625,49450
EE-H2,2045,0,7688,38563
ES-H2,2025,0,15975,97675
ES-H2,2035,0,9625,49450
ES-H2,2045,0,7688,38563
FR-H2,2025,0,15975,97675
FR-H2,2035,0,9625,49450
FR-H2,2045,0,7688,38563
GB-H2,2025,0,15975,97675
GB-H2,2035,0,9625,49450
GB-H2,2045,0,7688,38563
HR-H2,2025,0,15975,97675
HR-H2,2035,0,9625,49450
HR-H2,2045,0,7688,38563
HU-H2,2025,0,15975,97675
HU-H2,2035,0,9625,49450
HU-H2,2045,0,7688,38563
IT-H2,2025,0,15975,97675
IT-H2,2035,0,9625,49450
IT-H2,2045,0,7688,38563
LT-H2,2025,0,15975,97675
LT-H2,2035,0,9625,49450
LT-H2,2045,0,7688,38563
LU-H2,2025,0,15975,97675
LU-H2,2035,0,9625,49450
LU-H2,2045,0,7688,38563
LV-H2,2025,0,15975,97675
LV-H2,2035,0,9625,49450
LV-H2,2045,0,7688,38563
ME-H2,2025,0,15975,97675
ME-H2,2035,0,9625,49450
ME-H2,2045,0,7688,38563
NL-H2,2025,0,15975,97675
NL-H2,2035,0,9625,49450
NL-H2,2045,0,7688,38563
NO-H2,2025,0,15975,97675
NO-H2,2035,0,9625,49450
NO-H2,2045,0,7688,38563
PL-H2,2025,0,15975,97675
PL-H2,2035,0,9625,49450
PL-H2,2045,0,7688,38563
PT-H2,2025,0,15975,97675
PT-H2,2035,0,9625,49450
PT-H2,2045,0,7688,38563
RO-H2,2025,0,15975,97675
RO-H2,2035,0,9625,49450
RO-H2,2045,0,7688,38563
SE-H2,2025,0,15975,97675
SE-H2,2035,0,9625,49450
SE-H2,2045,0,7688,38563
SI-H2,2025,0,15975,97675
SI-H2,2035,0,9625,49450
SI-H2,2045,0,7688,38563
