load_zone,TIMEPOINT,zone_demand_mw
NER,2030.01.28.00.00,3699
NER,2030.01.28.01.00,3431
NER,2030.01.28.02.00,3328
NER,2030.01.28.03.00,3284
NER,2030.01.28.04.00,3310
NER,2030.01.28.05.00,3447
NER,2030.01.28.06.00,3787
NER,2030.01.28.07.00,4198
NER,2030.01.28.08.00,4279
NER,2030.01.28.09.00,4130
NER,2030.01.28.10.00,3864
NER,2030.01.28.11.00,3705
NER,2030.01.28.12.00,3644
NER,2030.01.28.13.00,3579
NER,2030.01.28.14.00,3538
NER,2030.01.28.15.00,3593
NER,2030.01.28.16.00,3735
NER,2030.01.28.17.00,4598
NER,2030.01.28.18.00,5309
NER,2030.01.28.19.00,5296
NER,2030.01.28.20.00,5280
NER,2030.01.28.21.00,5016
NER,2030.01.28.22.00,4500
NER,2030.01.28.23.00,4036
NER,2030.04.15.00.00,3128
NER,2030.04.15.01.00,2960
NER,2030.04.15.02.00,2844
NER,2030.04.15.03.00,2766
NER,2030.04.15.04.00,2730
NER,2030.04.15.05.00,2832
NER,2030.04.15.06.00,3079
NER,2030.04.15.07.00,3245
NER,2030.04.15.08.00,3208
NER,2030.04.15.09.00,3147
NER,2030.04.15.10.00,3086
NER,2030.04.15.11.00,3078
NER,2030.04.15.12.00,3090
NER,2030.04.15.13.00,3123
NER,2030.04.15.14.00,3155
NER,2030.04.15.15.00,3188
NER,2030.04.15.16.00,3263
NER,2030.04.15.17.00,3408
NER,2030.04.15.18.00,4217
NER,2030.04.15.19.00,4547
NER,2030.04.15.20.00,4553
NER,2030.04.15.21.00,4355
NER,2030.04.15.22.00,3952
NER,2030.04.15.23.00,3474
NR,2030.01.28.00.00,79627
NR,2030.01.28.01.00,77536
NR,2030.01.28.02.00,75380
NR,2030.01.28.03.00,74227
NR,2030.01.28.04.00,74159
NR,2030.01.28.05.00,76223
NR,2030.01.28.06.00,83070
NR,2030.01.28.07.00,90492
NR,2030.01.28.08.00,92513
NR,2030.01.28.09.00,93288
NR,2030.01.28.10.00,93655
NR,2030.01.28.11.00,92439
NR,2030.01.28.12.00,91072
NR,2030.01.28.13.00,90300
NR,2030.01.28.14.00,88890
NR,2030.01.28.15.00,86901
NR,2030.01.28.16.00,86324
NR,2030.01.28.17.00,87446
NR,2030.01.28.18.00,92577
NR,2030.01.28.19.00,96965
NR,2030.01.28.20.00,91703
NR,2030.01.28.21.00,86190
NR,2030.01.28.22.00,80825
NR,2030.01.28.23.00,82410
NR,2030.04.15.00.00,77128
NR,2030.04.15.01.00,75841
NR,2030.04.15.02.00,74341
NR,2030.04.15.03.00,72706
NR,2030.04.15.04.00,72177
NR,2030.04.15.05.00,73931
NR,2030.04.15.06.00,78200
NR,2030.04.15.07.00,78745
NR,2030.04.15.08.00,77092
NR,2030.04.15.09.00,75681
NR,2030.04.15.10.00,75656
NR,2030.04.15.11.00,74970
NR,2030.04.15.12.00,75240
NR,2030.04.15.13.00,74358
NR,2030.04.15.14.00,73179
NR,2030.04.15.15.00,74137
NR,2030.04.15.16.00,72698
NR,2030.04.15.17.00,73072
NR,2030.04.15.18.00,73033
NR,2030.04.15.19.00,77551
NR,2030.04.15.20.00,85520
NR,2030.04.15.21.00,84337
NR,2030.04.15.22.00,80906
NR,2030.04.15.23.00,79922
SR,2030.01.28.00.00,68043
SR,2030.01.28.01.00,68981
SR,2030.01.28.02.00,68008
SR,2030.01.28.03.00,67344
SR,2030.01.28.04.00,67876
SR,2030.01.28.05.00,70424
SR,2030.01.28.06.00,74639
SR,2030.01.28.07.00,80824
SR,2030.01.28.08.00,85143
SR,2030.01.28.09.00,84238
SR,2030.01.28.10.00,82703
SR,2030.01.28.11.00,81360
SR,2030.01.28.12.00,80562
SR,2030.01.28.13.00,79517
SR,2030.01.28.14.00,77137
SR,2030.01.28.15.00,77221
SR,2030.01.28.16.00,76880
SR,2030.01.28.17.00,76980
SR,2030.01.28.18.00,76534
SR,2030.01.28.19.00,82183
SR,2030.01.28.20.00,79883
SR,2030.01.28.21.00,77663
SR,2030.01.28.22.00,76058
SR,2030.01.28.23.00,72869
SR,2030.04.15.00.00,77273
SR,2030.04.15.01.00,76939
SR,2030.04.15.02.00,75612
SR,2030.04.15.03.00,74621
SR,2030.04.15.04.00,74138
SR,2030.04.15.05.00,74890
SR,2030.04.15.06.00,76784
SR,2030.04.15.07.00,77610
SR,2030.04.15.08.00,78865
SR,2030.04.15.09.00,79099
SR,2030.04.15.10.00,79472
SR,2030.04.15.11.00,80207
SR,2030.04.15.12.00,80973
SR,2030.04.15.13.00,81484
SR,2030.04.15.14.00,80169
SR,2030.04.15.15.00,80281
SR,2030.04.15.16.00,78998
SR,2030.04.15.17.00,77396
SR,2030.04.15.18.00,74312
SR,2030.04.15.19.00,78633
SR,2030.04.15.20.00,82313
SR,2030.04.15.21.00,81232
SR,2030.04.15.22.00,80962
SR,2030.04.15.23.00,81805
WR,2030.01.28.00.00,85276
WR,2030.01.28.01.00,84216
WR,2030.01.28.02.00,83361
WR,2030.01.28.03.00,82835
WR,2030.01.28.04.00,82633
WR,2030.01.28.05.00,83939
WR,2030.01.28.06.00,89186
WR,2030.01.28.07.00,97364
WR,2030.01.28.08.00,103757
WR,2030.01.28.09.00,106086
WR,2030.01.28.10.00,107176
WR,2030.01.28.11.00,107440
WR,2030.01.28.12.00,104768
WR,2030.01.28.13.00,102414
WR,2030.01.28.14.00,100221
WR,2030.01.28.15.00,100276
WR,2030.01.28.16.00,100522
WR,2030.01.28.17.00,99731
WR,2030.01.28.18.00,96972
WR,2030.01.28.19.00,99480
WR,2030.01.28.20.00,96397
WR,2030.01.28.21.00,92736
WR,2030.01.28.22.00,88342
WR,2030.01.28.23.00,87423
WR,2030.04.15.00.00,95786
WR,2030.04.15.01.00,94076
WR,2030.04.15.02.00,92667
WR,2030.04.15.03.00,91393
WR,2030.04.15.04.00,90329
WR,2030.04.15.05.00,90250
WR,2030.04.15.06.00,92107
WR,2030.04.15.07.00,92803
WR,2030.04.15.08.00,93316
WR,2030.04.15.09.00,94832
WR,2030.04.15.10.00,97469
WR,2030.04.15.11.00,100321
WR,2030.04.15.12.00,100418
WR,2030.04.15.13.00,99242
WR,2030.04.15.14.00,97764
WR,2030.04.15.15.00,99410
WR,2030.04.15.16.00,99855
WR,2030.04.15.17.00,97163
WR,2030.04.15.18.00,92400
WR,2030.04.15.19.00,92631
WR,2030.04.15.20.00,97571
WR,2030.04.15.21.00,96008
WR,2030.04.15.22.00,95178
WR,2030.04.15.23.00,96764
ER,2030.01.28.00.00,32968
ER,2030.01.28.01.00,32318
ER,2030.01.28.02.00,31822
ER,2030.01.28.03.00,31714
ER,2030.01.28.04.00,31938
ER,2030.01.28.05.00,32398
ER,2030.01.28.06.00,33608
ER,2030.01.28.07.00,34127
ER,2030.01.28.08.00,33860
ER,2030.01.28.09.00,33639
ER,2030.01.28.10.00,32884
ER,2030.01.28.11.00,32291
ER,2030.01.28.12.00,32004
ER,2030.01.28.13.00,31151
ER,2030.01.28.14.00,29858
ER,2030.01.28.15.00,29788
ER,2030.01.28.16.00,30415
ER,2030.01.28.17.00,32731
ER,2030.01.28.18.00,38772
ER,2030.01.28.19.00,40259
ER,2030.01.28.20.00,40087
ER,2030.01.28.21.00,38790
ER,2030.01.28.22.00,36447
ER,2030.01.28.23.00,34198
ER,2030.04.15.00.00,34385
ER,2030.04.15.01.00,33054
ER,2030.04.15.02.00,32544
ER,2030.04.15.03.00,32330
ER,2030.04.15.04.00,32173
ER,2030.04.15.05.00,32411
ER,2030.04.15.06.00,31376
ER,2030.04.15.07.00,31150
ER,2030.04.15.08.00,31245
ER,2030.04.15.09.00,31578
ER,2030.04.15.10.00,32042
ER,2030.04.15.11.00,32365
ER,2030.04.15.12.00,32621
ER,2030.04.15.13.00,32344
ER,2030.04.15.14.00,32009
ER,2030.04.15.15.00,32270
ER,2030.04.15.16.00,32074
ER,2030.04.15.17.00,31589
ER,2030.04.15.18.00,32311
ER,2030.04.15.19.00,37454
ER,2030.04.15.20.00,38250
ER,2030.04.15.21.00,38339
ER,2030.04.15.22.00,37313
ER,2030.04.15.23.00,35915
NER,2030.07.01.00.00,4211
NER,2030.07.01.01.00,4067
NER,2030.07.01.02.00,3986
NER,2030.07.01.03.00,3925
NER,2030.07.01.04.00,3815
NER,2030.07.01.05.00,3722
NER,2030.07.01.06.00,3767
NER,2030.07.01.07.00,3843
NER,2030.07.01.08.00,3882
NER,2030.07.01.09.00,3897
NER,2030.07.01.10.00,3884
NER,2030.07.01.11.00,3849
NER,2030.07.01.12.00,3838
NER,2030.07.01.13.00,3854
NER,2030.07.01.14.00,3911
NER,2030.07.01.15.00,3966
NER,2030.07.01.16.00,4022
NER,2030.07.01.17.00,4039
NER,2030.07.01.18.00,4347
NER,2030.07.01.19.00,5069
NER,2030.07.01.20.00,5033
NER,2030.07.01.21.00,5021
NER,2030.07.01.22.00,4820
NER,2030.07.01.23.00,4435
NER,2030.10.31.00.00,4055
NER,2030.10.31.01.00,3856
NER,2030.10.31.02.00,3783
NER,2030.10.31.03.00,3740
NER,2030.10.31.04.00,3707
NER,2030.10.31.05.00,3752
NER,2030.10.31.06.00,3901
NER,2030.10.31.07.00,3935
NER,2030.10.31.08.00,3918
NER,2030.10.31.09.00,3845
NER,2030.10.31.10.00,3791
NER,2030.10.31.11.00,3776
NER,2030.10.31.12.00,3794
NER,2030.10.31.13.00,3860
NER,2030.10.31.14.00,3914
NER,2030.10.31.15.00,3972
NER,2030.10.31.16.00,4057
NER,2030.10.31.17.00,4563
NER,2030.10.31.18.00,5175
NER,2030.10.31.19.00,5171
NER,2030.10.31.20.00,5240
NER,2030.10.31.21.00,5210
NER,2030.10.31.22.00,4924
NER,2030.10.31.23.00,4451
NR,2030.07.01.00.00,103235
NR,2030.07.01.01.00,101435
NR,2030.07.01.02.00,99609
NR,2030.07.01.03.00,98918
NR,2030.07.01.04.00,97193
NR,2030.07.01.05.00,96929
NR,2030.07.01.06.00,95677
NR,2030.07.01.07.00,95674
NR,2030.07.01.08.00,96120
NR,2030.07.01.09.00,97362
NR,2030.07.01.10.00,98922
NR,2030.07.01.11.00,100179
NR,2030.07.01.12.00,101683
NR,2030.07.01.13.00,101827
NR,2030.07.01.14.00,102491
NR,2030.07.01.15.00,103406
NR,2030.07.01.16.00,101472
NR,2030.07.01.17.00,99818
NR,2030.07.01.18.00,97833
NR,2030.07.01.19.00,99076
NR,2030.07.01.20.00,105110
NR,2030.07.01.21.00,106662
NR,2030.07.01.22.00,106239
NR,2030.07.01.23.00,105426
NR,2030.10.31.00.00,94070
NR,2030.10.31.01.00,92031
NR,2030.10.31.02.00,88846
NR,2030.10.31.03.00,87115
NR,2030.10.31.04.00,86904
NR,2030.10.31.05.00,89834
NR,2030.10.31.06.00,94778
NR,2030.10.31.07.00,96159
NR,2030.10.31.08.00,92927
NR,2030.10.31.09.00,91496
NR,2030.10.31.10.00,91956
NR,2030.10.31.11.00,92760
NR,2030.10.31.12.00,93842
NR,2030.10.31.13.00,93192
NR,2030.10.31.14.00,92650
NR,2030.10.31.15.00,93075
NR,2030.10.31.16.00,91035
NR,2030.10.31.17.00,90199
NR,2030.10.31.18.00,92515
NR,2030.10.31.19.00,103185
NR,2030.10.31.20.00,102538
NR,2030.10.31.21.00,98481
NR,2030.10.31.22.00,94535
NR,2030.10.31.23.00,95572
SR,2030.07.01.00.00,76187
SR,2030.07.01.01.00,76868
SR,2030.07.01.02.00,75837
SR,2030.07.01.03.00,75038
SR,2030.07.01.04.00,75461
SR,2030.07.01.05.00,76212
SR,2030.07.01.06.00,77874
SR,2030.07.01.07.00,80584
SR,2030.07.01.08.00,80373
SR,2030.07.01.09.00,79047
SR,2030.07.01.10.00,79035
SR,2030.07.01.11.00,78437
SR,2030.07.01.12.00,78319
SR,2030.07.01.13.00,78237
SR,2030.07.01.14.00,77522
SR,2030.07.01.15.00,77803
SR,2030.07.01.16.00,76883
SR,2030.07.01.17.00,76675
SR,2030.07.01.18.00,75176
SR,2030.07.01.19.00,77501
SR,2030.07.01.20.00,80518
SR,2030.07.01.21.00,80236
SR,2030.07.01.22.00,80555
SR,2030.07.01.23.00,79617
SR,2030.10.31.00.00,76080
SR,2030.10.31.01.00,76990
SR,2030.10.31.02.00,75773
SR,2030.10.31.03.00,74759
SR,2030.10.31.04.00,74524
SR,2030.10.31.05.00,75497
SR,2030.10.31.06.00,77740
SR,2030.10.31.07.00,80214
SR,2030.10.31.08.00,81034
SR,2030.10.31.09.00,80938
SR,2030.10.31.10.00,81149
SR,2030.10.31.11.00,80623
SR,2030.10.31.12.00,80428
SR,2030.10.31.13.00,80552
SR,2030.10.31.14.00,79527
SR,2030.10.31.15.00,79870
SR,2030.10.31.16.00,79729
SR,2030.10.31.17.00,79348
SR,2030.10.31.18.00,80437
SR,2030.10.31.19.00,84211
SR,2030.10.31.20.00,83259
SR,2030.10.31.21.00,82732
SR,2030.10.31.22.00,82874
SR,2030.10.31.23.00,80856
WR,2030.07.01.00.00,90749
WR,2030.07.01.01.00,88660
WR,2030.07.01.02.00,87307
WR,2030.07.01.03.00,85990
WR,2030.07.01.04.00,85058
WR,2030.07.01.05.00,85681
WR,2030.07.01.06.00,88805
WR,2030.07.01.07.00,90221
WR,2030.07.01.08.00,90685
WR,2030.07.01.09.00,91539
WR,2030.07.01.10.00,92925
WR,2030.07.01.11.00,93359
WR,2030.07.01.12.00,92890
WR,2030.07.01.13.00,91808
WR,2030.07.01.14.00,91972
WR,2030.07.01.15.00,92540
WR,2030.07.01.16.00,92835
WR,2030.07.01.17.00,91625
WR,2030.07.01.18.00,89769
WR,2030.07.01.19.00,89771
WR,2030.07.01.20.00,94655
WR,2030.07.01.21.00,93774
WR,2030.07.01.22.00,92627
WR,2030.07.01.23.00,92315
WR,2030.10.31.00.00,104601
WR,2030.10.31.01.00,104072
WR,2030.10.31.02.00,102709
WR,2030.10.31.03.00,101832
WR,2030.10.31.04.00,100808
WR,2030.10.31.05.00,101290
WR,2030.10.31.06.00,103073
WR,2030.10.31.07.00,105570
WR,2030.10.31.08.00,105974
WR,2030.10.31.09.00,106174
WR,2030.10.31.10.00,107935
WR,2030.10.31.11.00,110162
WR,2030.10.31.12.00,109789
WR,2030.10.31.13.00,109366
WR,2030.10.31.14.00,109140
WR,2030.10.31.15.00,110764
WR,2030.10.31.16.00,110880
WR,2030.10.31.17.00,108811
WR,2030.10.31.18.00,104912
WR,2030.10.31.19.00,109136
WR,2030.10.31.20.00,107569
WR,2030.10.31.21.00,105107
WR,2030.10.31.22.00,103711
WR,2030.10.31.23.00,105135
ER,2030.07.01.00.00,36622
ER,2030.07.01.01.00,35305
ER,2030.07.01.02.00,34726
ER,2030.07.01.03.00,34284
ER,2030.07.01.04.00,33914
ER,2030.07.01.05.00,33755
ER,2030.07.01.06.00,32831
ER,2030.07.01.07.00,32697
ER,2030.07.01.08.00,32709
ER,2030.07.01.09.00,32982
ER,2030.07.01.10.00,33231
ER,2030.07.01.11.00,33028
ER,2030.07.01.12.00,33056
ER,2030.07.01.13.00,32874
ER,2030.07.01.14.00,32494
ER,2030.07.01.15.00,32972
ER,2030.07.01.16.00,32997
ER,2030.07.01.17.00,32949
ER,2030.07.01.18.00,33514
ER,2030.07.01.19.00,37946
ER,2030.07.01.20.00,39370
ER,2030.07.01.21.00,39574
ER,2030.07.01.22.00,38703
ER,2030.07.01.23.00,37555
ER,2030.10.31.00.00,37908
ER,2030.10.31.01.00,36798
ER,2030.10.31.02.00,36351
ER,2030.10.31.03.00,36316
ER,2030.10.31.04.00,36407
ER,2030.10.31.05.00,36740
ER,2030.10.31.06.00,35142
ER,2030.10.31.07.00,33943
ER,2030.10.31.08.00,34032
ER,2030.10.31.09.00,34122
ER,2030.10.31.10.00,34162
ER,2030.10.31.11.00,34134
ER,2030.10.31.12.00,34094
ER,2030.10.31.13.00,33964
ER,2030.10.31.14.00,33546
ER,2030.10.31.15.00,33792
ER,2030.10.31.16.00,33745
ER,2030.10.31.17.00,34943
ER,2030.10.31.18.00,41503
ER,2030.10.31.19.00,42085
ER,2030.10.31.20.00,42031
ER,2030.10.31.21.00,41281
ER,2030.10.31.22.00,39819
ER,2030.10.31.23.00,38574
NER,2040.01.02.00.00,5709
NER,2040.01.02.01.00,5295
NER,2040.01.02.02.00,5137
NER,2040.01.02.03.00,5069
NER,2040.01.02.04.00,5108
NER,2040.01.02.05.00,5320
NER,2040.01.02.06.00,5844
NER,2040.01.02.07.00,6479
NER,2040.01.02.08.00,6604
NER,2040.01.02.09.00,6374
NER,2040.01.02.10.00,5963
NER,2040.01.02.11.00,5719
NER,2040.01.02.12.00,5625
NER,2040.01.02.13.00,5524
NER,2040.01.02.14.00,5460
NER,2040.01.02.15.00,5546
NER,2040.01.02.16.00,5765
NER,2040.01.02.17.00,7097
NER,2040.01.02.18.00,8194
NER,2040.01.02.19.00,8174
NER,2040.01.02.20.00,8149
NER,2040.01.02.21.00,7742
NER,2040.01.02.22.00,6946
NER,2040.01.02.23.00,6229
NER,2040.04.19.00.00,4827
NER,2040.04.19.01.00,4569
NER,2040.04.19.02.00,4390
NER,2040.04.19.03.00,4269
NER,2040.04.19.04.00,4213
NER,2040.04.19.05.00,4372
NER,2040.04.19.06.00,4753
NER,2040.04.19.07.00,5008
NER,2040.04.19.08.00,4951
NER,2040.04.19.09.00,4858
NER,2040.04.19.10.00,4763
NER,2040.04.19.11.00,4751
NER,2040.04.19.12.00,4769
NER,2040.04.19.13.00,4821
NER,2040.04.19.14.00,4870
NER,2040.04.19.15.00,4921
NER,2040.04.19.16.00,5037
NER,2040.04.19.17.00,5260
NER,2040.04.19.18.00,6509
NER,2040.04.19.19.00,7018
NER,2040.04.19.20.00,7028
NER,2040.04.19.21.00,6722
NER,2040.04.19.22.00,6100
NER,2040.04.19.23.00,5362
NR,2040.01.02.00.00,122900
NR,2040.01.02.01.00,119674
NR,2040.01.02.02.00,116345
NR,2040.01.02.03.00,114566
NR,2040.01.02.04.00,114460
NR,2040.01.02.05.00,117646
NR,2040.01.02.06.00,128215
NR,2040.01.02.07.00,139670
NR,2040.01.02.08.00,142790
NR,2040.01.02.09.00,143986
NR,2040.01.02.10.00,144552
NR,2040.01.02.11.00,142675
NR,2040.01.02.12.00,140565
NR,2040.01.02.13.00,139374
NR,2040.01.02.14.00,137198
NR,2040.01.02.15.00,134127
NR,2040.01.02.16.00,133237
NR,2040.01.02.17.00,134968
NR,2040.01.02.18.00,142889
NR,2040.01.02.19.00,149660
NR,2040.01.02.20.00,141539
NR,2040.01.02.21.00,133031
NR,2040.01.02.22.00,124749
NR,2040.01.02.23.00,127196
NR,2040.04.19.00.00,119043
NR,2040.04.19.01.00,117056
NR,2040.04.19.02.00,114742
NR,2040.04.19.03.00,112218
NR,2040.04.19.04.00,111402
NR,2040.04.19.05.00,114109
NR,2040.04.19.06.00,120698
NR,2040.04.19.07.00,121539
NR,2040.04.19.08.00,118988
NR,2040.04.19.09.00,116809
NR,2040.04.19.10.00,116772
NR,2040.04.19.11.00,115712
NR,2040.04.19.12.00,116130
NR,2040.04.19.13.00,114767
NR,2040.04.19.14.00,112948
NR,2040.04.19.15.00,114427
NR,2040.04.19.16.00,112205
NR,2040.04.19.17.00,112783
NR,2040.04.19.18.00,112724
NR,2040.04.19.19.00,119696
NR,2040.04.19.20.00,131996
NR,2040.04.19.21.00,130171
NR,2040.04.19.22.00,124875
NR,2040.04.19.23.00,123356
SR,2040.01.02.00.00,105021
SR,2040.01.02.01.00,106469
SR,2040.01.02.02.00,104967
SR,2040.01.02.03.00,103942
SR,2040.01.02.04.00,104763
SR,2040.01.02.05.00,108696
SR,2040.01.02.06.00,115202
SR,2040.01.02.07.00,124749
SR,2040.01.02.08.00,131414
SR,2040.01.02.09.00,130017
SR,2040.01.02.10.00,127649
SR,2040.01.02.11.00,125576
SR,2040.01.02.12.00,124343
SR,2040.01.02.13.00,122731
SR,2040.01.02.14.00,119057
SR,2040.01.02.15.00,119187
SR,2040.01.02.16.00,118661
SR,2040.01.02.17.00,118815
SR,2040.01.02.18.00,118127
SR,2040.01.02.19.00,126845
SR,2040.01.02.20.00,123296
SR,2040.01.02.21.00,119869
SR,2040.01.02.22.00,117392
SR,2040.01.02.23.00,112470
SR,2040.04.19.00.00,119267
SR,2040.04.19.01.00,118751
SR,2040.04.19.02.00,116703
SR,2040.04.19.03.00,115174
SR,2040.04.19.04.00,114429
SR,2040.04.19.05.00,115589
SR,2040.04.19.06.00,118512
SR,2040.04.19.07.00,119787
SR,2040.04.19.08.00,121724
SR,2040.04.19.09.00,122085
SR,2040.04.19.10.00,122661
SR,2040.04.19.11.00,123796
SR,2040.04.19.12.00,124978
SR,2040.04.19.13.00,125766
SR,2040.04.19.14.00,123738
SR,2040.04.19.15.00,123910
SR,2040.04.19.16.00,121930
SR,2040.04.19.17.00,119457
SR,2040.04.19.18.00,114697
SR,2040.04.19.19.00,121367
SR,2040.04.19.20.00,127046
SR,2040.04.19.21.00,125377
SR,2040.04.19.22.00,124962
SR,2040.04.19.23.00,126263
WR,2040.01.02.00.00,131620
WR,2040.01.02.01.00,129984
WR,2040.01.02.02.00,128664
WR,2040.01.02.03.00,127852
WR,2040.01.02.04.00,127539
WR,2040.01.02.05.00,129556
WR,2040.01.02.06.00,137655
WR,2040.01.02.07.00,150277
WR,2040.01.02.08.00,160144
WR,2040.01.02.09.00,163738
WR,2040.01.02.10.00,165421
WR,2040.01.02.11.00,165829
WR,2040.01.02.12.00,161705
WR,2040.01.02.13.00,158071
WR,2040.01.02.14.00,154686
WR,2040.01.02.15.00,154770
WR,2040.01.02.16.00,155150
WR,2040.01.02.17.00,153930
WR,2040.01.02.18.00,149672
WR,2040.01.02.19.00,153543
WR,2040.01.02.20.00,148784
WR,2040.01.02.21.00,143133
WR,2040.01.02.22.00,136352
WR,2040.01.02.23.00,134933
WR,2040.04.19.00.00,147841
WR,2040.04.19.01.00,145202
WR,2040.04.19.02.00,143027
WR,2040.04.19.03.00,141061
WR,2040.04.19.04.00,139419
WR,2040.04.19.05.00,139296
WR,2040.04.19.06.00,142162
WR,2040.04.19.07.00,143237
WR,2040.04.19.08.00,144029
WR,2040.04.19.09.00,146368
WR,2040.04.19.10.00,150439
WR,2040.04.19.11.00,154841
WR,2040.04.19.12.00,154990
WR,2040.04.19.13.00,153175
WR,2040.04.19.14.00,150894
WR,2040.04.19.15.00,153434
WR,2040.04.19.16.00,154121
WR,2040.04.19.17.00,149967
WR,2040.04.19.18.00,142616
WR,2040.04.19.19.00,142972
WR,2040.04.19.20.00,150596
WR,2040.04.19.21.00,148184
WR,2040.04.19.22.00,146902
WR,2040.04.19.23.00,149350
ER,2040.01.02.00.00,50884
ER,2040.01.02.01.00,49881
ER,2040.01.02.02.00,49115
ER,2040.01.02.03.00,48950
ER,2040.01.02.04.00,49295
ER,2040.01.02.05.00,50004
ER,2040.01.02.06.00,51873
ER,2040.01.02.07.00,52673
ER,2040.01.02.08.00,52261
ER,2040.01.02.09.00,51920
ER,2040.01.02.10.00,50755
ER,2040.01.02.11.00,49840
ER,2040.01.02.12.00,49396
ER,2040.01.02.13.00,48080
ER,2040.01.02.14.00,46084
ER,2040.01.02.15.00,45976
ER,2040.01.02.16.00,46945
ER,2040.01.02.17.00,50519
ER,2040.01.02.18.00,59842
ER,2040.01.02.19.00,62139
ER,2040.01.02.20.00,61873
ER,2040.01.02.21.00,59871
ER,2040.01.02.22.00,56255
ER,2040.01.02.23.00,52784
ER,2040.04.19.00.00,53072
ER,2040.04.19.01.00,51017
ER,2040.04.19.02.00,50231
ER,2040.04.19.03.00,49899
ER,2040.04.19.04.00,49658
ER,2040.04.19.05.00,50025
ER,2040.04.19.06.00,48427
ER,2040.04.19.07.00,48078
ER,2040.04.19.08.00,48225
ER,2040.04.19.09.00,48740
ER,2040.04.19.10.00,49455
ER,2040.04.19.11.00,49953
ER,2040.04.19.12.00,50350
ER,2040.04.19.13.00,49922
ER,2040.04.19.14.00,49405
ER,2040.04.19.15.00,49807
ER,2040.04.19.16.00,49505
ER,2040.04.19.17.00,48756
ER,2040.04.19.18.00,49870
ER,2040.04.19.19.00,57808
ER,2040.04.19.20.00,59036
ER,2040.04.19.21.00,59174
ER,2040.04.19.22.00,57591
ER,2040.04.19.23.00,55433
NER,2040.07.24.00.00,6500
NER,2040.07.24.01.00,6277
NER,2040.07.24.02.00,6152
NER,2040.07.24.03.00,6057
NER,2040.07.24.04.00,5889
NER,2040.07.24.05.00,5745
NER,2040.07.24.06.00,5815
NER,2040.07.24.07.00,5932
NER,2040.07.24.08.00,5991
NER,2040.07.24.09.00,6014
NER,2040.07.24.10.00,5994
NER,2040.07.24.11.00,5940
NER,2040.07.24.12.00,5923
NER,2040.07.24.13.00,5948
NER,2040.07.24.14.00,6036
NER,2040.07.24.15.00,6121
NER,2040.07.24.16.00,6208
NER,2040.07.24.17.00,6234
NER,2040.07.24.18.00,6709
NER,2040.07.24.19.00,7823
NER,2040.07.24.20.00,7768
NER,2040.07.24.21.00,7749
NER,2040.07.24.22.00,7440
NER,2040.07.24.23.00,6846
NER,2040.10.13.00.00,6258
NER,2040.10.13.01.00,5951
NER,2040.10.13.02.00,5838
NER,2040.10.13.03.00,5773
NER,2040.10.13.04.00,5721
NER,2040.10.13.05.00,5791
NER,2040.10.13.06.00,6022
NER,2040.10.13.07.00,6073
NER,2040.10.13.08.00,6047
NER,2040.10.13.09.00,5935
NER,2040.10.13.10.00,5852
NER,2040.10.13.11.00,5828
NER,2040.10.13.12.00,5856
NER,2040.10.13.13.00,5958
NER,2040.10.13.14.00,6041
NER,2040.10.13.15.00,6130
NER,2040.10.13.16.00,6262
NER,2040.10.13.17.00,7043
NER,2040.10.13.18.00,7988
NER,2040.10.13.19.00,7980
NER,2040.10.13.20.00,8088
NER,2040.10.13.21.00,8042
NER,2040.10.13.22.00,7600
NER,2040.10.13.23.00,6870
NR,2040.07.24.00.00,159338
NR,2040.07.24.01.00,156560
NR,2040.07.24.02.00,153741
NR,2040.07.24.03.00,152675
NR,2040.07.24.04.00,150013
NR,2040.07.24.05.00,149605
NR,2040.07.24.06.00,147673
NR,2040.07.24.07.00,147668
NR,2040.07.24.08.00,148356
NR,2040.07.24.09.00,150274
NR,2040.07.24.10.00,152681
NR,2040.07.24.11.00,154622
NR,2040.07.24.12.00,156942
NR,2040.07.24.13.00,157165
NR,2040.07.24.14.00,158189
NR,2040.07.24.15.00,159601
NR,2040.07.24.16.00,156617
NR,2040.07.24.17.00,154064
NR,2040.07.24.18.00,151001
NR,2040.07.24.19.00,152919
NR,2040.07.24.20.00,162233
NR,2040.07.24.21.00,164628
NR,2040.07.24.22.00,163975
NR,2040.07.24.23.00,162720
NR,2040.10.13.00.00,145192
NR,2040.10.13.01.00,142045
NR,2040.10.13.02.00,137130
NR,2040.10.13.03.00,134458
NR,2040.10.13.04.00,134132
NR,2040.10.13.05.00,138654
NR,2040.10.13.06.00,146285
NR,2040.10.13.07.00,148416
NR,2040.10.13.08.00,143429
NR,2040.10.13.09.00,141220
NR,2040.10.13.10.00,141930
NR,2040.10.13.11.00,143171
NR,2040.10.13.12.00,144841
NR,2040.10.13.13.00,143838
NR,2040.10.13.14.00,143001
NR,2040.10.13.15.00,143656
NR,2040.10.13.16.00,140509
NR,2040.10.13.17.00,139218
NR,2040.10.13.18.00,142793
NR,2040.10.13.19.00,159261
NR,2040.10.13.20.00,158263
NR,2040.10.13.21.00,152000
NR,2040.10.13.22.00,145910
NR,2040.10.13.23.00,147511
SR,2040.07.24.00.00,117592
SR,2040.07.24.01.00,118643
SR,2040.07.24.02.00,117051
SR,2040.07.24.03.00,115817
SR,2040.07.24.04.00,116470
SR,2040.07.24.05.00,117630
SR,2040.07.24.06.00,120195
SR,2040.07.24.07.00,124378
SR,2040.07.24.08.00,124051
SR,2040.07.24.09.00,122005
SR,2040.07.24.10.00,121987
SR,2040.07.24.11.00,121064
SR,2040.07.24.12.00,120881
SR,2040.07.24.13.00,120755
SR,2040.07.24.14.00,119652
SR,2040.07.24.15.00,120086
SR,2040.07.24.16.00,118666
SR,2040.07.24.17.00,118344
SR,2040.07.24.18.00,116030
SR,2040.07.24.19.00,119619
SR,2040.07.24.20.00,124276
SR,2040.07.24.21.00,123840
SR,2040.07.24.22.00,124333
SR,2040.07.24.23.00,122884
SR,2040.10.13.00.00,117425
SR,2040.10.13.01.00,118831
SR,2040.10.13.02.00,116951
SR,2040.10.13.03.00,115387
SR,2040.10.13.04.00,115024
SR,2040.10.13.05.00,116526
SR,2040.10.13.06.00,119988
SR,2040.10.13.07.00,123807
SR,2040.10.13.08.00,125073
SR,2040.10.13.09.00,124924
SR,2040.10.13.10.00,125250
SR,2040.10.13.11.00,124437
SR,2040.10.13.12.00,124137
SR,2040.10.13.13.00,124329
SR,2040.10.13.14.00,122746
SR,2040.10.13.15.00,123276
SR,2040.10.13.16.00,123058
SR,2040.10.13.17.00,122470
SR,2040.10.13.18.00,124151
SR,2040.10.13.19.00,129975
SR,2040.10.13.20.00,128507
SR,2040.10.13.21.00,127693
SR,2040.10.13.22.00,127911
SR,2040.10.13.23.00,124797
WR,2040.07.24.00.00,140066
WR,2040.07.24.01.00,136842
WR,2040.07.24.02.00,134754
WR,2040.07.24.03.00,132721
WR,2040.07.24.04.00,131284
WR,2040.07.24.05.00,132244
WR,2040.07.24.06.00,137066
WR,2040.07.24.07.00,139251
WR,2040.07.24.08.00,139968
WR,2040.07.24.09.00,141286
WR,2040.07.24.10.00,143425
WR,2040.07.24.11.00,144095
WR,2040.07.24.12.00,143371
WR,2040.07.24.13.00,141702
WR,2040.07.24.14.00,141954
WR,2040.07.24.15.00,142831
WR,2040.07.24.16.00,143286
WR,2040.07.24.17.00,141418
WR,2040.07.24.18.00,138553
WR,2040.07.24.19.00,138557
WR,2040.07.24.20.00,146096
WR,2040.07.24.21.00,144736
WR,2040.07.24.22.00,142966
WR,2040.07.24.23.00,142484
WR,2040.10.13.00.00,161447
WR,2040.10.13.01.00,160630
WR,2040.10.13.02.00,158526
WR,2040.10.13.03.00,157173
WR,2040.10.13.04.00,155592
WR,2040.10.13.05.00,156337
WR,2040.10.13.06.00,159088
WR,2040.10.13.07.00,162942
WR,2040.10.13.08.00,163566
WR,2040.10.13.09.00,163874
WR,2040.10.13.10.00,166593
WR,2040.10.13.11.00,170030
WR,2040.10.13.12.00,169454
WR,2040.10.13.13.00,168802
WR,2040.10.13.14.00,168453
WR,2040.10.13.15.00,170960
WR,2040.10.13.16.00,171139
WR,2040.10.13.17.00,167944
WR,2040.10.13.18.00,161927
WR,2040.10.13.19.00,168446
WR,2040.10.13.20.00,166028
WR,2040.10.13.21.00,162227
WR,2040.10.13.22.00,160073
WR,2040.10.13.23.00,162271
ER,2040.07.24.00.00,56524
ER,2040.07.24.01.00,54492
ER,2040.07.24.02.00,53598
ER,2040.07.24.03.00,52916
ER,2040.07.24.04.00,52345
ER,2040.07.24.05.00,52100
ER,2040.07.24.06.00,50674
ER,2040.07.24.07.00,50466
ER,2040.07.24.08.00,50485
ER,2040.07.24.09.00,50906
ER,2040.07.24.10.00,51291
ER,2040.07.24.11.00,50977
ER,2040.07.24.12.00,51020
ER,2040.07.24.13.00,50739
ER,2040.07.24.14.00,50152
ER,2040.07.24.15.00,50891
ER,2040.07.24.16.00,50929
ER,2040.07.24.17.00,50855
ER,2040.07.24.18.00,51727
ER,2040.07.24.19.00,58568
ER,2040.07.24.20.00,60765
ER,2040.07.24.21.00,61081
ER,2040.07.24.22.00,59736
ER,2040.07.24.23.00,57965
ER,2040.10.13.00.00,58510
ER,2040.10.13.01.00,56795
ER,2040.10.13.02.00,56106
ER,2040.10.13.03.00,56052
ER,2040.10.13.04.00,56193
ER,2040.10.13.05.00,56706
ER,2040.10.13.06.00,54240
ER,2040.10.13.07.00,52390
ER,2040.10.13.08.00,52527
ER,2040.10.13.09.00,52665
ER,2040.10.13.10.00,52728
ER,2040.10.13.11.00,52684
ER,2040.10.13.12.00,52622
ER,2040.10.13.13.00,52422
ER,2040.10.13.14.00,51776
ER,2040.10.13.15.00,52156
ER,2040.10.13.16.00,52084
ER,2040.10.13.17.00,53933
ER,2040.10.13.18.00,64057
ER,2040.10.13.19.00,64956
ER,2040.10.13.20.00,64872
ER,2040.10.13.21.00,63715
ER,2040.10.13.22.00,61458
ER,2040.10.13.23.00,59538
NER,2050.01.04.00.00,8009
NER,2050.01.04.01.00,7427
NER,2050.01.04.02.00,7206
NER,2050.01.04.03.00,7111
NER,2050.01.04.04.00,7165
NER,2050.01.04.05.00,7463
NER,2050.01.04.06.00,8198
NER,2050.01.04.07.00,9088
NER,2050.01.04.08.00,9264
NER,2050.01.04.09.00,8941
NER,2050.01.04.10.00,8365
NER,2050.01.04.11.00,8022
NER,2050.01.04.12.00,7890
NER,2050.01.04.13.00,7749
NER,2050.01.04.14.00,7659
NER,2050.01.04.15.00,7780
NER,2050.01.04.16.00,8087
NER,2050.01.04.17.00,9956
NER,2050.01.04.18.00,11494
NER,2050.01.04.19.00,11467
NER,2050.01.04.20.00,11431
NER,2050.01.04.21.00,10861
NER,2050.01.04.22.00,9744
NER,2050.01.04.23.00,8738
NER,2050.04.29.00.00,6772
NER,2050.04.29.01.00,6409
NER,2050.04.29.02.00,6158
NER,2050.04.29.03.00,5989
NER,2050.04.29.04.00,5910
NER,2050.04.29.05.00,6132
NER,2050.04.29.06.00,6667
NER,2050.04.29.07.00,7025
NER,2050.04.29.08.00,6945
NER,2050.04.29.09.00,6814
NER,2050.04.29.10.00,6681
NER,2050.04.29.11.00,6665
NER,2050.04.29.12.00,6690
NER,2050.04.29.13.00,6762
NER,2050.04.29.14.00,6831
NER,2050.04.29.15.00,6903
NER,2050.04.29.16.00,7065
NER,2050.04.29.17.00,7379
NER,2050.04.29.18.00,9131
NER,2050.04.29.19.00,9845
NER,2050.04.29.20.00,9859
NER,2050.04.29.21.00,9430
NER,2050.04.29.22.00,8557
NER,2050.04.29.23.00,7522
NR,2050.01.04.00.00,172399
NR,2050.01.04.01.00,167873
NR,2050.01.04.02.00,163204
NR,2050.01.04.03.00,160708
NR,2050.01.04.04.00,160560
NR,2050.01.04.05.00,165028
NR,2050.01.04.06.00,179854
NR,2050.01.04.07.00,195923
NR,2050.01.04.08.00,200300
NR,2050.01.04.09.00,201978
NR,2050.01.04.10.00,202771
NR,2050.01.04.11.00,200138
NR,2050.01.04.12.00,197179
NR,2050.01.04.13.00,195508
NR,2050.01.04.14.00,192455
NR,2050.01.04.15.00,188148
NR,2050.01.04.16.00,186899
NR,2050.01.04.17.00,189328
NR,2050.01.04.18.00,200438
NR,2050.01.04.19.00,209937
NR,2050.01.04.20.00,198544
NR,2050.01.04.21.00,186610
NR,2050.01.04.22.00,174993
NR,2050.01.04.23.00,178425
NR,2050.04.29.00.00,166989
NR,2050.04.29.01.00,164201
NR,2050.04.29.02.00,160956
NR,2050.04.29.03.00,157415
NR,2050.04.29.04.00,156270
NR,2050.04.29.05.00,160067
NR,2050.04.29.06.00,169310
NR,2050.04.29.07.00,170489
NR,2050.04.29.08.00,166911
NR,2050.04.29.09.00,163855
NR,2050.04.29.10.00,163803
NR,2050.04.29.11.00,162317
NR,2050.04.29.12.00,162902
NR,2050.04.29.13.00,160991
NR,2050.04.29.14.00,158439
NR,2050.04.29.15.00,160514
NR,2050.04.29.16.00,157397
NR,2050.04.29.17.00,158207
NR,2050.04.29.18.00,158124
NR,2050.04.29.19.00,167904
NR,2050.04.29.20.00,185158
NR,2050.04.29.21.00,182598
NR,2050.04.29.22.00,175169
NR,2050.04.29.23.00,173038
SR,2050.01.04.00.00,147319
SR,2050.01.04.01.00,149350
SR,2050.01.04.02.00,147243
SR,2050.01.04.03.00,145806
SR,2050.01.04.04.00,146956
SR,2050.01.04.05.00,152474
SR,2050.01.04.06.00,161600
SR,2050.01.04.07.00,174992
SR,2050.01.04.08.00,184342
SR,2050.01.04.09.00,182383
SR,2050.01.04.10.00,179060
SR,2050.01.04.11.00,176152
SR,2050.01.04.12.00,174423
SR,2050.01.04.13.00,172161
SR,2050.01.04.14.00,167009
SR,2050.01.04.15.00,167191
SR,2050.01.04.16.00,166452
SR,2050.01.04.17.00,166669
SR,2050.01.04.18.00,165704
SR,2050.01.04.19.00,177933
SR,2050.01.04.20.00,172954
SR,2050.01.04.21.00,168148
SR,2050.01.04.22.00,164673
SR,2050.01.04.23.00,157768
SR,2050.04.29.00.00,167303
SR,2050.04.29.01.00,166579
SR,2050.04.29.02.00,163706
SR,2050.04.29.03.00,161561
SR,2050.04.29.04.00,160516
SR,2050.04.29.05.00,162143
SR,2050.04.29.06.00,166244
SR,2050.04.29.07.00,168033
SR,2050.04.29.08.00,170749
SR,2050.04.29.09.00,171256
SR,2050.04.29.10.00,172064
SR,2050.04.29.11.00,173656
SR,2050.04.29.12.00,175313
SR,2050.04.29.13.00,176420
SR,2050.04.29.14.00,173574
SR,2050.04.29.15.00,173815
SR,2050.04.29.16.00,171038
SR,2050.04.29.17.00,167569
SR,2050.04.29.18.00,160892
SR,2050.04.29.19.00,170248
SR,2050.04.29.20.00,178214
SR,2050.04.29.21.00,175874
SR,2050.04.29.22.00,175291
SR,2050.04.29.23.00,177116
WR,2050.01.04.00.00,184631
WR,2050.01.04.01.00,182336
WR,2050.01.04.02.00,180484
WR,2050.01.04.03.00,179346
WR,2050.01.04.04.00,178907
WR,2050.01.04.05.00,181736
WR,2050.01.04.06.00,193096
WR,2050.01.04.07.00,210802
WR,2050.01.04.08.00,224643
WR,2050.01.04.09.00,229685
WR,2050.01.04.10.00,232046
WR,2050.01.04.11.00,232618
WR,2050.01.04.12.00,226833
WR,2050.01.04.13.00,221735
WR,2050.01.04.14.00,216987
WR,2050.01.04.15.00,217105
WR,2050.01.04.16.00,217638
WR,2050.01.04.17.00,215927
WR,2050.01.04.18.00,209953
WR,2050.01.04.19.00,215383
WR,2050.01.04.20.00,208708
WR,2050.01.04.21.00,200781
WR,2050.01.04.22.00,191269
WR,2050.01.04.23.00,189279
WR,2050.04.29.00.00,207385
WR,2050.04.29.01.00,203684
WR,2050.04.29.02.00,200632
WR,2050.04.29.03.00,197874
WR,2050.04.29.04.00,195571
WR,2050.04.29.05.00,195399
WR,2050.04.29.06.00,199419
WR,2050.04.29.07.00,200927
WR,2050.04.29.08.00,202038
WR,2050.04.29.09.00,205319
WR,2050.04.29.10.00,211030
WR,2050.04.29.11.00,217204
WR,2050.04.29.12.00,217413
WR,2050.04.29.13.00,214868
WR,2050.04.29.14.00,211668
WR,2050.04.29.15.00,215231
WR,2050.04.29.16.00,216194
WR,2050.04.29.17.00,210367
WR,2050.04.29.18.00,200055
WR,2050.04.29.19.00,200555
WR,2050.04.29.20.00,211249
WR,2050.04.29.21.00,207867
WR,2050.04.29.22.00,206068
WR,2050.04.29.23.00,209502
ER,2050.01.04.00.00,71378
ER,2050.01.04.01.00,69971
ER,2050.01.04.02.00,68896
ER,2050.01.04.03.00,68665
ER,2050.01.04.04.00,69149
ER,2050.01.04.05.00,70144
ER,2050.01.04.06.00,72765
ER,2050.01.04.07.00,73888
ER,2050.01.04.08.00,73310
ER,2050.01.04.09.00,72831
ER,2050.01.04.10.00,71197
ER,2050.01.04.11.00,69913
ER,2050.01.04.12.00,69291
ER,2050.01.04.13.00,67444
ER,2050.01.04.14.00,64644
ER,2050.01.04.15.00,64494
ER,2050.01.04.16.00,65852
ER,2050.01.04.17.00,70866
ER,2050.01.04.18.00,83944
ER,2050.01.04.19.00,87165
ER,2050.01.04.20.00,86792
ER,2050.01.04.21.00,83985
ER,2050.01.04.22.00,78912
ER,2050.01.04.23.00,74043
ER,2050.04.29.00.00,74447
ER,2050.04.29.01.00,71564
ER,2050.04.29.02.00,70461
ER,2050.04.29.03.00,69997
ER,2050.04.29.04.00,69657
ER,2050.04.29.05.00,70173
ER,2050.04.29.06.00,67931
ER,2050.04.29.07.00,67442
ER,2050.04.29.08.00,67648
ER,2050.04.29.09.00,68370
ER,2050.04.29.10.00,69374
ER,2050.04.29.11.00,70072
ER,2050.04.29.12.00,70628
ER,2050.04.29.13.00,70028
ER,2050.04.29.14.00,69303
ER,2050.04.29.15.00,69867
ER,2050.04.29.16.00,69444
ER,2050.04.29.17.00,68393
ER,2050.04.29.18.00,69956
ER,2050.04.29.19.00,81091
ER,2050.04.29.20.00,82814
ER,2050.04.29.21.00,83007
ER,2050.04.29.22.00,80786
ER,2050.04.29.23.00,77759
NER,2050.07.23.00.00,9118
NER,2050.07.23.01.00,8805
NER,2050.07.23.02.00,8630
NER,2050.07.23.03.00,8497
NER,2050.07.23.04.00,8260
NER,2050.07.23.05.00,8059
NER,2050.07.23.06.00,8157
NER,2050.07.23.07.00,8321
NER,2050.07.23.08.00,8404
NER,2050.07.23.09.00,8436
NER,2050.07.23.10.00,8408
NER,2050.07.23.11.00,8333
NER,2050.07.23.12.00,8309
NER,2050.07.23.13.00,8343
NER,2050.07.23.14.00,8467
NER,2050.07.23.15.00,8586
NER,2050.07.23.16.00,8709
NER,2050.07.23.17.00,8744
NER,2050.07.23.18.00,9411
NER,2050.07.23.19.00,10974
NER,2050.07.23.20.00,10897
NER,2050.07.23.21.00,10870
NER,2050.07.23.22.00,10436
NER,2050.07.23.23.00,9603
NER,2050.10.22.00.00,8779
NER,2050.10.22.01.00,8348
NER,2050.10.22.02.00,8190
NER,2050.10.22.03.00,8098
NER,2050.10.22.04.00,8026
NER,2050.10.22.05.00,8123
NER,2050.10.22.06.00,8447
NER,2050.10.22.07.00,8519
NER,2050.10.22.08.00,8482
NER,2050.10.22.09.00,8326
NER,2050.10.22.10.00,8209
NER,2050.10.22.11.00,8175
NER,2050.10.22.12.00,8214
NER,2050.10.22.13.00,8357
NER,2050.10.22.14.00,8474
NER,2050.10.22.15.00,8599
NER,2050.10.22.16.00,8784
NER,2050.10.22.17.00,9880
NER,2050.10.22.18.00,11205
NER,2050.10.22.19.00,11195
NER,2050.10.22.20.00,11345
NER,2050.10.22.21.00,11281
NER,2050.10.22.22.00,10661
NER,2050.10.22.23.00,9637
NR,2050.07.23.00.00,223512
NR,2050.07.23.01.00,219615
NR,2050.07.23.02.00,215662
NR,2050.07.23.03.00,214165
NR,2050.07.23.04.00,210432
NR,2050.07.23.05.00,209860
NR,2050.07.23.06.00,207149
NR,2050.07.23.07.00,207143
NR,2050.07.23.08.00,208108
NR,2050.07.23.09.00,210797
NR,2050.07.23.10.00,214174
NR,2050.07.23.11.00,216897
NR,2050.07.23.12.00,220152
NR,2050.07.23.13.00,220464
NR,2050.07.23.14.00,221901
NR,2050.07.23.15.00,223882
NR,2050.07.23.16.00,219696
NR,2050.07.23.17.00,216115
NR,2050.07.23.18.00,211818
NR,2050.07.23.19.00,214508
NR,2050.07.23.20.00,227573
NR,2050.07.23.21.00,230932
NR,2050.07.23.22.00,230018
NR,2050.07.23.23.00,228257
NR,2050.10.22.00.00,203670
NR,2050.10.22.01.00,199255
NR,2050.10.22.02.00,192360
NR,2050.10.22.03.00,188612
NR,2050.10.22.04.00,188154
NR,2050.10.22.05.00,194498
NR,2050.10.22.06.00,205203
NR,2050.10.22.07.00,208192
NR,2050.10.22.08.00,201196
NR,2050.10.22.09.00,198098
NR,2050.10.22.10.00,199094
NR,2050.10.22.11.00,200834
NR,2050.10.22.12.00,203177
NR,2050.10.22.13.00,201770
NR,2050.10.22.14.00,200595
NR,2050.10.22.15.00,201515
NR,2050.10.22.16.00,197100
NR,2050.10.22.17.00,195289
NR,2050.10.22.18.00,200304
NR,2050.10.22.19.00,223404
NR,2050.10.22.20.00,222004
NR,2050.10.22.21.00,213219
NR,2050.10.22.22.00,204676
NR,2050.10.22.23.00,206922
SR,2050.07.23.00.00,164953
SR,2050.07.23.01.00,166427
SR,2050.07.23.02.00,164195
SR,2050.07.23.03.00,162463
SR,2050.07.23.04.00,163379
SR,2050.07.23.05.00,165007
SR,2050.07.23.06.00,168604
SR,2050.07.23.07.00,174472
SR,2050.07.23.08.00,174014
SR,2050.07.23.09.00,171144
SR,2050.07.23.10.00,171118
SR,2050.07.23.11.00,169823
SR,2050.07.23.12.00,169567
SR,2050.07.23.13.00,169391
SR,2050.07.23.14.00,167842
SR,2050.07.23.15.00,168451
SR,2050.07.23.16.00,166459
SR,2050.07.23.17.00,166008
SR,2050.07.23.18.00,162762
SR,2050.07.23.19.00,167797
SR,2050.07.23.20.00,174329
SR,2050.07.23.21.00,173718
SR,2050.07.23.22.00,174409
SR,2050.07.23.23.00,172377
SR,2050.10.22.00.00,164719
SR,2050.10.22.01.00,166691
SR,2050.10.22.02.00,164054
SR,2050.10.22.03.00,161860
SR,2050.10.22.04.00,161351
SR,2050.10.22.05.00,163458
SR,2050.10.22.06.00,168314
SR,2050.10.22.07.00,173670
SR,2050.10.22.08.00,175447
SR,2050.10.22.09.00,175238
SR,2050.10.22.10.00,175695
SR,2050.10.22.11.00,174555
SR,2050.10.22.12.00,174135
SR,2050.10.22.13.00,174403
SR,2050.10.22.14.00,172182
SR,2050.10.22.15.00,172926
SR,2050.10.22.16.00,172620
SR,2050.10.22.17.00,171796
SR,2050.10.22.18.00,174153
SR,2050.10.22.19.00,182323
SR,2050.10.22.20.00,180264
SR,2050.10.22.21.00,179123
SR,2050.10.22.22.00,179429
SR,2050.10.22.23.00,175060
WR,2050.07.23.00.00,196479
WR,2050.07.23.01.00,191956
WR,2050.07.23.02.00,189028
WR,2050.07.23.03.00,186175
WR,2050.07.23.04.00,184159
WR,2050.07.23.05.00,185507
WR,2050.07.23.06.00,192270
WR,2050.07.23.07.00,195336
WR,2050.07.23.08.00,196342
WR,2050.07.23.09.00,198189
WR,2050.07.23.10.00,201190
WR,2050.07.23.11.00,202130
WR,2050.07.23.12.00,201114
WR,2050.07.23.13.00,198773
WR,2050.07.23.14.00,199127
WR,2050.07.23.15.00,200357
WR,2050.07.23.16.00,200996
WR,2050.07.23.17.00,198376
WR,2050.07.23.18.00,194357
WR,2050.07.23.19.00,194362
WR,2050.07.23.20.00,204937
WR,2050.07.23.21.00,203029
WR,2050.07.23.22.00,200546
WR,2050.07.23.23.00,199870
WR,2050.10.22.00.00,226471
WR,2050.10.22.01.00,225325
WR,2050.10.22.02.00,222374
WR,2050.10.22.03.00,220475
WR,2050.10.22.04.00,218257
WR,2050.10.22.05.00,219302
WR,2050.10.22.06.00,223161
WR,2050.10.22.07.00,228568
WR,2050.10.22.08.00,229443
WR,2050.10.22.09.00,229876
WR,2050.10.22.10.00,233689
WR,2050.10.22.11.00,238510
WR,2050.10.22.12.00,237704
WR,2050.10.22.13.00,236788
WR,2050.10.22.14.00,236298
WR,2050.10.22.15.00,239815
WR,2050.10.22.16.00,240066
WR,2050.10.22.17.00,235585
WR,2050.10.22.18.00,227145
WR,2050.10.22.19.00,236289
WR,2050.10.22.20.00,232896
WR,2050.10.22.21.00,227565
WR,2050.10.22.22.00,224543
WR,2050.10.22.23.00,227626
ER,2050.07.23.00.00,79290
ER,2050.07.23.01.00,76439
ER,2050.07.23.02.00,75185
ER,2050.07.23.03.00,74228
ER,2050.07.23.04.00,73427
ER,2050.07.23.05.00,73083
ER,2050.07.23.06.00,71083
ER,2050.07.23.07.00,70792
ER,2050.07.23.08.00,70818
ER,2050.07.23.09.00,71408
ER,2050.07.23.10.00,71948
ER,2050.07.23.11.00,71508
ER,2050.07.23.12.00,71569
ER,2050.07.23.13.00,71175
ER,2050.07.23.14.00,70351
ER,2050.07.23.15.00,71388
ER,2050.07.23.16.00,71440
ER,2050.07.23.17.00,71337
ER,2050.07.23.18.00,72560
ER,2050.07.23.19.00,82156
ER,2050.07.23.20.00,85239
ER,2050.07.23.21.00,85682
ER,2050.07.23.22.00,83795
ER,2050.07.23.23.00,81311
ER,2050.10.22.00.00,82075
ER,2050.10.22.01.00,79670
ER,2050.10.22.02.00,78702
ER,2050.10.22.03.00,78627
ER,2050.10.22.04.00,78825
ER,2050.10.22.05.00,79545
ER,2050.10.22.06.00,76086
ER,2050.10.22.07.00,73491
ER,2050.10.22.08.00,73683
ER,2050.10.22.09.00,73876
ER,2050.10.22.10.00,73964
ER,2050.10.22.11.00,73902
ER,2050.10.22.12.00,73816
ER,2050.10.22.13.00,73535
ER,2050.10.22.14.00,72629
ER,2050.10.22.15.00,73162
ER,2050.10.22.16.00,73061
ER,2050.10.22.17.00,75654
ER,2050.10.22.18.00,89857
ER,2050.10.22.19.00,91117
ER,2050.10.22.20.00,91000
ER,2050.10.22.21.00,89377
ER,2050.10.22.22.00,86211
ER,2050.10.22.23.00,83517
